CACHE type 5 produced by analog 6.0/Unix. Do not modify or delete!
T	0	0	338	191	5492	2361	10677562
D	29438471	29471398
20443	110	22	8	8568
20443	115	1	1	699
20443	119	1	1	699
20443	122	1	1	1365
20443	125	1	1	702
20443	127	1	1	699
20443	128	2	2	1405
20443	130	2	2	1403
20443	135	1	1	701
20443	136	1	1	702
20443	139	2	2	1405
20443	140	1	1	703
20443	144	2	2	2064
20443	145	1	1	699
20443	146	1	1	702
20443	149	1	1	698
20443	152	2	2	1403
20443	154	1	1	699
20443	156	4	4	2802
20443	158	1	1	700
20443	165	2	2	1257
20443	166	1	1	699
20443	213	1	0	24
20443	233	1	1	8159
20443	237	1	1	9936
20443	240	3	2	103282
20443	241	2	2	18579
20443	242	1	1	9286
20443	243	2	1	173105
20443	246	71	46	414270
20443	247	5	2	180430
20443	249	5	1	725552
20443	251	24	7	688262
20443	252	4	1	24786
20443	253	4	2	22025
20443	254	3	3	28608
20443	255	5	4	120568
20443	256	2	2	19074
20443	257	11	3	2158048
20443	262	1	0	7680
20443	264	1	1	9541
20443	266	1	0	7296
20443	269	1	1	9539
20443	277	4	1	880975
20444	7	3	3	111036
20444	11	1	0	24
20444	13	2	1	9557
20444	18	2	1	173355
20444	20	7	3	1442128
20444	22	1	1	9537
20444	24	1	1	9537
20444	26	1	1	9537
20444	30	1	1	7817
20444	35	5	3	187208
20444	36	1	1	9540
20444	47	1	1	9540
20444	50	5	1	1424770
20444	52	1	0	7302
20444	56	1	0	7732
20444	58	6	6	48517
20444	60	2	1	19658
20444	64	1	0	7692
20444	65	1	1	9535
20444	66	1	1	9537
20444	67	1	0	971
20444	68	3	3	28626
20444	70	1	1	9610
20444	76	1	1	9597
20444	89	3	3	111558
20444	93	7	4	54225
20444	102	1	1	9619
20444	104	1	1	9621
20444	114	1	0	971
20444	115	3	3	111558
20444	132	1	0	35759
20444	142	1	1	9219
20444	147	1	1	9340
20444	153	3	3	102171
20444	156	1	1	9320
20444	158	2	1	9320
20444	159	3	3	102171
20444	160	1	1	9299
20444	162	1	1	9297
20444	163	2	1	9321
20444	165	1	1	7622
20444	166	1	1	9298
20444	167	2	1	78649
20444	178	2	0	3372
20444	180	2	1	78781
20444	183	1	1	9471
20444	191	13	6	597630
20444	192	1	1	9524
20444	193	2	2	18886
20444	196	1	0	971
20444	231	1	0	8545
20444	266	1	0	971
20445	0	1	0	971
20445	62	1	0	271
20445	87	1	0	3077
20445	129	1	0	3077
20445	144	3	0	6659
20445	185	3	0	7125
20445	212	1	0	971
20446	101	1	0	971
20447	10	1	0	971
20447	80	1	0	971
20448	139	1	0	345
20448	216	1	0	345
20449	53	1	0	971
20449	117	2	0	4050
20449	212	2	0	3372
20450	57	1	0	3078
20450	68	1	0	1686
1	0	0	2	0	0	29453525	0	0	29452726	0	0	/wp-admin/admin-post.php
1	0	0	0	1	0	0	29458650	0	0	29458650	0	/.well-known/pki-validation/moon.php
1	0	0	0	1	0	0	29447623	0	0	29447623	0	/rt.php
1	0	0	1	1	0	29449916	29441759	0	29449916	29441759	0	/wp-content/themes/finley/min.php
1	0	0	3	0	0	29458651	0	0	29452726	0	0	/wp-includes/sodium_compat/index.php
1	0	0	1	0	0	29458651	0	0	29458651	0	0	/images/mah.php
1	0	0	0	1	0	0	29439154	0	0	29439154	0	/dock/system/config/get
1	0	0	1	0	0	29465125	0	0	29465125	0	0	/wso26.php
1	0	0	0	1	0	0	29439154	0	0	29439154	0	/index/index/service
1	0	0	1	0	0	29458651	0	0	29458651	0	0	/wp-content/themes/kadence/functions.php
1	0	0	3	1	0	29465125	29441757	0	29449916	29441757	0	/wp-admin/chosen.php
1	0	0	0	2	0	0	29441999	0	0	29441096	0	/wordpress
1	0	0	3	2	0	29463412	29441523	0	29453384	29440253	0	/bibil.php
1	0	0	1	0	0	29470379	0	0	29470379	0	0	/.cache/x.php
1	0	0	0	3	0	0	29446722	0	0	29442579	0	/ex.php
1	0	0	1	0	0	29458651	0	0	29458651	0	0	/wp-includes/style-engine/adminfus.php
1	0	0	1	0	0	29458651	0	0	29458651	0	0	/wpn.php
1	0	0	2	1	0	29458650	29441758	0	29449916	29441758	0	/wp-admin/admin.php
1	0	0	0	1	0	0	29439154	0	0	29439154	0	/wap/api/sellerGoods!recommend_new.action
1	0	0	1	0	0	29458651	0	0	29458651	0	0	/hehe.php
1	0	0	3	0	0	29459102	0	0	29452726	0	0	/AxAo.php
1	0	0	0	1	0	0	29439154	0	0	29439154	0	/bapi/api/user/getUserInfo
1	0	0	0	1	0	0	29439154	0	0	29439154	0	/index/index/qingsuan
1	0	0	0	1	0	0	29439154	0	0	29439154	0	/api/menu?lang=
1	0	0	1	1	0	29459102	29438917	0	29459102	29438917	0	/sf.php
1	0	0	0	1	0	0	29439154	0	0	29439154	0	/mobile/user/getImgCodeCal
1	0	0	4	4	0	29458651	29441757	0	29449915	29439000	0	/wp-content/admin.php
1	0	0	1	0	0	29458651	0	0	29458651	0	0	/wp-admin/js/widgets/item.php
1	0	0	4	0	0	29470380	0	0	29453628	0	0	/wpup.php
1	0	0	0	1	0	0	29439154	0	0	29439154	0	/static/index/Index.js
1	0	0	2	0	0	29453525	0	0	29452726	0	0	/media.php
1	0	0	1	0	0	29470377	0	0	29470377	0	0	/helper043.php
1	0	0	1	1	0	29453654	29439000	0	29453654	29439000	0	/wp-includes/images/index.php
1	0	0	2	0	0	29453525	0	0	29452726	0	0	/wp-update.php
1	0	0	0	1	0	0	29439154	0	0	29439154	0	/js/room.js
1	0	0	2	1	0	29463414	29444728	0	29453629	29444728	0	/mlex.php
1	0	0	2	1	0	29458650	29441759	0	29449917	29441759	0	/wp-admin/css/colors/blue/admin.php
1	0	0	3	0	0	29459829	0	0	29452559	0	0	/contato/?37.19.223.115
1	0	0	1	0	0	29458652	0	0	29458652	0	0	/wp-includes/l10n/class-wp-translations-interface.php
1	0	0	0	1	0	0	29439154	0	0	29439154	0	/api/api/publicRealtimeByType
1	0	0	0	1	0	0	29440478	0	0	29440478	0	/config/*.yaml
1	0	0	2	1	0	29463414	29444728	0	29453629	29444728	0	/zfile.php
1	0	0	1	0	0	29450593	0	0	29450593	0	0	/nxc.php
1	0	0	0	1	0	0	29439154	0	0	29439154	0	/api/configs
1	0	0	2	0	0	29449917	0	0	29441759	0	0	/admin/fckeditor/editor/filemanager/
1	0	0	1	0	0	29458650	0	0	29458650	0	0	/wp-content/hello.php
1	0	0	1	0	0	29458652	0	0	29458652	0	0	/vendor/phpunit/phpunit/src/Util/PHP/abcd.php
1	0	0	0	1	0	0	29439154	0	0	29439154	0	/live/getRealIP
1	0	0	1	0	0	29458651	0	0	29458651	0	0	/wp-content/themes/tflow/install.php
1	0	0	1	0	0	29458651	0	0	29458651	0	0	/wp-content/item.php
1	0	0	1	1	0	29449916	29441759	0	29449916	29441759	0	/wp-admin/class-db.php
1	0	0	3	0	0	29470380	0	0	29461121	0	0	/tons.php
1	0	0	2	0	0	29453525	0	0	29452726	0	0	/card.php
1	0	0	1	0	0	29458652	0	0	29458652	0	0	/wp-content/plugins/home/
1	0	0	0	1	0	0	29439154	0	0	29439154	0	/vendor/dujiaoka-admin/images/logo.jpg
1	0	0	1	0	0	29458651	0	0	29458651	0	0	/wp-admin/js/widgets/setting.php
1	0	0	1	0	0	29458651	0	0	29458651	0	0	/memberfuns.php
1	0	0	1	0	0	29458651	0	0	29458651	0	0	/wp-admin/maint/wonder.php
1	0	0	1	1	0	29453654	29443458	0	29453654	29443458	0	/wp-content/mini.php
1	0	0	1	0	0	29458651	0	0	29458651	0	0	/wp-includes/widgets/bypass.php
1	0	0	2	0	0	29453525	0	0	29452726	0	0	/hook.php
1	0	0	1	2	0	29449916	29447794	0	29449916	29441758	0	/shell20211028.php
1	0	0	1	1	0	29453268	29439292	0	29453268	29439292	0	/wp-admin/postnews.php
1	0	0	1	0	0	29470377	0	0	29470377	0	0	/Nsa9EF.php
1	0	0	1	0	0	29458651	0	0	29458651	0	0	/wp-includes/js/dist/default.php
1	0	0	1	0	0	29458650	0	0	29458650	0	0	/wp-admin/user/network.php
1	0	0	1	0	0	29458652	0	0	29458652	0	0	/wp-includes/block-template-utils-other.php
1	0	0	3	0	0	29458652	0	0	29441759	0	0	/wp-content/plugins/WordPressCore/
1	0	0	1	2	0	29449916	29447623	0	29449916	29441758	0	/users.php
1	0	0	0	1	0	0	29439154	0	0	29439154	0	/static/img/homeqiquanicon.png
1	0	0	1	0	0	29458651	0	0	29458651	0	0	/wp-includes/widgets/class-wp-wolf-widget.php
1	0	0	1	0	0	29458652	0	0	29458652	0	0	/wp-content/plugins/fix/
1	0	0	4	3	0	29458650	29441759	0	29449916	29440253	0	/wp-admin/user/about.php
1	0	0	4	2	0	29458650	29447794	0	29449915	29441757	0	/manager.php
1	0	0	0	1	0	0	29439154	0	0	29439154	0	/index/index/cx
1	0	0	1	0	0	29458650	0	0	29458650	0	0	/wp-includes/style-engine/worksec.php
1	0	0	1	1	0	29453654	29443458	0	29453654	29443458	0	/wp-content/l.php
1	0	0	4	0	0	29467057	0	0	29441096	0	0	/wordpress/
1	0	0	1	0	0	29459103	0	0	29459103	0	0	/quoys.php
1	0	0	0	1	0	0	29439154	0	0	29439154	0	/admin/event/uploadfile
1	0	0	1	0	0	29458650	0	0	29458650	0	0	/wp-includes/assets/file.php
1	0	0	4	0	0	29465124	0	0	29441759	0	0	/assets/images/
1	0	0	0	1	0	0	29439154	0	0	29439154	0	/api/v1/company/typeList
1	0	0	1	0	0	29458650	0	0	29458650	0	0	/wp-admin/css/colors/sunrise/colors_95.php
1	0	0	1	0	0	29458650	0	0	29458650	0	0	/wp-includes/Requests/autoload_classmap.php
1	0	0	1	0	0	29458652	0	0	29458652	0	0	/wp-admin/js/sad.php
1	1	0	0	0	29438471	0	0	29438471	0	0	64	/.well-known/acme-challenge/TKUTJQBYA0YNFAF3E67GYOHSVFSNKXRZ
1	0	0	2	1	0	29463412	29444727	0	29453628	29444727	0	/re.php
1	0	0	1	1	0	29449916	29441758	0	29449916	29441758	0	/wp-error.php
1	0	0	1	0	0	29458651	0	0	29458651	0	0	/wordpress/wp-includes/class-wp-http-ixr-client-view.php
1	0	0	4	0	0	29463942	0	0	29462870	0	0	/public/laravel-file-manager/tinymce
1	0	0	0	1	0	0	29440479	0	0	29440479	0	/storage/logs/*.log
1	0	0	1	0	0	29470379	0	0	29470379	0	0	/sad/about.php
1	0	0	3	2	0	29470377	29447794	0	29453628	29444727	0	/widgets.php
1	0	0	0	1	0	0	29447794	0	0	29447794	0	/brand.php
1	0	0	0	1	0	0	29439154	0	0	29439154	0	/img/footer/subscribe.jpg
1	0	0	0	1	0	0	29439154	0	0	29439154	0	/static/img/home_bj@3x.e2c01e07.png
1	0	0	0	1	0	0	29439154	0	0	29439154	0	/static/mobile/imgn/winer_ico.png
1	0	0	1	0	0	29458651	0	0	29458651	0	0	/images/bypass.php
1	0	0	1	1	0	29449915	29441757	0	29449915	29441757	0	/woh.php
1	0	0	3	0	0	29458652	0	0	29441759	0	0	/wp-includes/assets/
1	0	0	1	0	0	29459103	0	0	29459103	0	0	/Contrller.php
1	0	0	2	1	0	29463412	29444727	0	29453628	29444727	0	/af32.php
1	0	0	0	1	0	0	29439154	0	0	29439154	0	/text_config.js
1	0	0	1	1	0	29449916	29441758	0	29449916	29441758	0	/shell.php?p=
1	0	0	2	1	0	29458651	29441758	0	29449916	29441758	0	/wp-content/themes/pridmag/db.php
1	0	0	0	1	0	0	29443457	0	0	29443457	0	/phpmailer.lang-sv.php
1	0	0	1	1	0	29449917	29441759	0	29449917	29441759	0	/bala.php
1	0	0	1	0	0	29458652	0	0	29458652	0	0	/wp-includes/l10n/class-wp-translations-library.php 
1	0	0	1	0	0	29459101	0	0	29459101	0	0	/Cok.php
1	0	0	0	1	0	0	29458651	0	0	29458651	0	/.well-known/pki-validation/install.php
1	0	0	2	0	0	29449917	0	0	29441759	0	0	/wp-content/mu-plugins-old/
1	0	0	13	6	0	29470381	29447623	0	29449915	29440252	0	/simple.php
1	0	0	1	0	0	29459100	0	0	29459100	0	0	/sagym.php
1	0	0	2	0	0	29470043	0	0	29469939	0	0	/lu4.php
1	0	0	5	5	0	29470044	29446722	0	29449915	29441757	0	/nc4.php
1	0	0	1	0	0	29458651	0	0	29458651	0	0	/wp-admin/theme-editor.php
1	0	0	1	0	0	29458650	0	0	29458650	0	0	/wp-includes/ID3/index.php
1	0	0	0	1	0	0	29439154	0	0	29439154	0	/api/channel/channelList
1	0	0	0	1	0	0	29439000	0	0	29439000	0	/wp-includes/rest-api/fields
1	0	0	3	0	0	29458652	0	0	29441759	0	0	/wp-includes/wp-class.php/wp-content/themes/travelscape/
1	0	0	2	2	0	29458651	29447624	0	29449916	29441758	0	/wp-includes/about.php
1	0	0	1	0	0	29465125	0	0	29465125	0	0	/files/log.php
1	0	0	12	10	0	29470380	29447623	0	29449915	29438917	0	/alfa.php
1	0	0	0	1	0	0	29439000	0	0	29439000	0	/wp-includes/js/dist/development/index.php
1	0	0	2	0	0	29449917	0	0	29441759	0	0	/wp-includes/blocks/latest-comments/
1	0	0	6	0	0	29465124	0	0	29441759	0	0	/wp-includes/IXR/
1	0	0	1	0	0	29458650	0	0	29458650	0	0	/wp-admin/css/colors/blue/wp-trackback.php
1	0	0	1	0	0	29458651	0	0	29458651	0	0	/wp-content/install.php
1	0	0	2	0	0	29449917	0	0	29441759	0	0	/wp-includes/blocks/embed/
1	0	0	1	0	0	29458651	0	0	29458651	0	0	/wp-includes/edit-tags.php
1	0	0	0	1	0	0	29439154	0	0	29439154	0	/api/site/getInfo.do
1	0	0	0	4	0	0	29446722	0	0	29442579	0	/law.php
1	0	0	1	0	0	29458652	0	0	29458652	0	0	/wp-includes/wp-2019.php
1	0	0	0	1	0	0	29440478	0	0	29440478	0	/k8s/*.yml
1	0	0	2	0	0	29453525	0	0	29452726	0	0	/nij.php
1	0	0	2	0	0	29453525	0	0	29452726	0	0	/wp-admin/includes/xmrlpc.php
1	0	0	3	3	0	29463413	29447794	0	29449916	29441758	0	/link.php
1	0	0	1	0	0	29458651	0	0	29458651	0	0	/assets/about.php
1	0	0	9	2	0	29470379	29444728	0	29449916	29441758	0	/content.php
1	0	0	8	2	0	29470380	29441759	0	29449917	29439000	0	/wp-good.php
1	0	0	0	1	0	0	29446205	0	0	29446205	0	/file19.php
1	0	0	0	1	0	0	29447623	0	0	29447623	0	/wp-admin/images/moon.php
1	0	0	1	0	0	29458650	0	0	29458650	0	0	/wp-includes/PHPMailer/wp-conflg.php
1	0	0	0	1	0	0	29439154	0	0	29439154	0	/Application/Basic/Static/css/customerselect.css
1	0	0	1	0	0	29458652	0	0	29458652	0	0	/wp-includes/assets/wp-includes/assets/script-loader-packages.php
1	0	0	1	0	0	29458651	0	0	29458651	0	0	/images/Marvins.php
1	0	0	1	0	0	29458651	0	0	29458651	0	0	/wp-admin/wso.php
1	0	0	0	1	0	0	29439154	0	0	29439154	0	/Public/Home/css/revise.css
1	0	0	0	1	0	0	29439154	0	0	29439154	0	/Plus/AboutUs/Images/Style.css
1	0	0	1	0	0	29459103	0	0	29459103	0	0	/sf9.php
1	0	0	1	0	0	29458651	0	0	29458651	0	0	/wp-includes/customize/class-wp-customize-nav-menu-section-boolean.php
1	0	0	1	0	0	29458651	0	0	29458651	0	0	/XxX.php
1	0	0	1	0	0	29458650	0	0	29458650	0	0	/wp-content/plugins/seoo/about.php
1	0	0	1	0	0	29459103	0	0	29459103	0	0	/siln.php
1	0	0	5	0	0	29465124	0	0	29441759	0	0	/wp-includes/fonts/
1	0	0	0	1	0	0	29438473	0	0	29438473	0	/.DS_Store
1	0	0	6	5	0	29463414	29446722	0	29449916	29441758	0	/v2.php
1	0	0	1	0	0	29458652	0	0	29458652	0	0	/wp-includes/Requests/Auth/index.php
1	0	0	0	1	0	0	29447794	0	0	29447794	0	/admin_250714170928.php
1	0	0	2	0	0	29459103	0	0	29453169	0	0	/rtx.php
1	0	0	1	0	0	29458651	0	0	29458651	0	0	/wp-content/plugins/ubh/av.php
1	0	0	0	1	0	0	29439154	0	0	29439154	0	/api/index/home
1	0	0	1	0	0	29458650	0	0	29458650	0	0	/wp-admin/maint/bootstrap.php
1	0	0	5	4	0	29469820	29447924	0	29449060	29439000	0	/txets.php
1	0	0	1	0	0	29458651	0	0	29458651	0	0	/wp-content/plugins/pwnd/cloud.php
1	0	0	1	0	0	29458651	0	0	29458651	0	0	/wp-includes/js/tinymce/langs/about.php
1	0	0	0	1	0	0	29439154	0	0	29439154	0	/static/fw4.png
1	0	0	0	1	0	0	29439154	0	0	29439154	0	/phalapi/public/docs.php
1	0	0	1	0	0	29458652	0	0	29458652	0	0	/images/av.php
1	0	0	1	0	0	29458650	0	0	29458650	0	0	/vendor/phpunit/phpunit/src/Util/PHP/kill.php
1	0	0	1	0	0	29461789	0	0	29461789	0	0	/hvoxejcn.php
1	0	0	1	0	0	29458652	0	0	29458652	0	0	/wp-content/plugins/dummyyummy/
1	0	0	1	0	0	29458650	0	0	29458650	0	0	/wp-content/plugins/ccx/index.php
1	0	0	1	0	0	29458650	0	0	29458650	0	0	/wp-content/plugins/envato-css.php
1	0	0	1	1	0	29449916	29441758	0	29449916	29441758	0	/filemanager.php?p=
1	0	0	0	1	0	0	29439154	0	0	29439154	0	/logo.png
1	0	0	3	0	0	29470377	0	0	29452726	0	0	/ol.php
1	0	0	0	1	0	0	29439154	0	0	29439154	0	/static/admin/js/cvphp.js
1	0	0	0	1	0	0	29447794	0	0	29447794	0	/product.php
1	0	0	2	0	0	29453526	0	0	29452727	0	0	/gelap.php
1	0	0	1	0	0	29458652	0	0	29458652	0	0	/wp-content/raw.php
1	0	0	3	1	0	29465125	29441758	0	29449916	29441758	0	/wp-includes/assets/about.php
1	0	0	1	0	0	29458651	0	0	29458651	0	0	/templates/beez3/dbcthbohhr.php
1	0	0	3	0	0	29458652	0	0	29441759	0	0	/include/
1	0	0	0	1	0	0	29439154	0	0	29439154	0	/web/nav_cart_view.aspx
1	0	0	2	1	0	29458650	29441757	0	29449916	29441757	0	/wp-content/plugins/linkpreview/db.php?u
1	0	0	2	3	0	29458650	29447623	0	29449916	29439000	0	/wp-blog.php
1	0	0	7	6	0	29470381	29446722	0	29452726	29440252	0	/0x.php
1	0	0	3	0	0	29458652	0	0	29441759	0	0	/upload/image/
1	0	0	4	1	0	29463413	29444728	0	29452727	29444728	0	/asas.php
1	0	0	0	1	0	0	29448466	0	0	29448466	0	/images
1	0	0	1	1	0	29458651	29447624	0	29458651	29447624	0	/wp-files.php
1	0	0	1	0	0	29458651	0	0	29458651	0	0	/anonse/lock360.php
1	0	0	1	0	0	29458652	0	0	29458652	0	0	/css/adminfusm.php
1	0	0	0	3	0	0	29446722	0	0	29442579	0	/ay.php
1	0	0	2	1	0	29463413	29444727	0	29453628	29444727	0	/docs.php
1	0	0	8	6	0	29470382	29447624	0	29449916	29440252	0	/zwso.php
1	0	0	1	0	0	29459101	0	0	29459101	0	0	/hans.php
1	0	0	2	1	0	29450593	29441758	0	29449916	29441758	0	/ioxi002.PhP7
1	0	0	2	0	0	29470377	0	0	29458652	0	0	/retu11.PhP7
1	0	0	1	0	0	29458650	0	0	29458650	0	0	/wp-content/uploads/about.php
1	0	0	0	1	0	0	29439154	0	0	29439154	0	/fht/js1/login1.js
1	0	0	6	2	0	29470382	29440253	0	29452726	29438917	0	/bless11.php
1	0	0	1	0	0	29458650	0	0	29458650	0	0	/wp-includes/defaults.php
1	0	0	0	1	0	0	29439154	0	0	29439154	0	/web/im/js/register.js
1	0	0	3	0	0	29470043	0	0	29453654	0	0	/admin-header.php
1	0	0	0	3	0	0	29446722	0	0	29442579	0	/np.php
1	0	0	2	3	0	29458650	29447623	0	29449916	29439000	0	/wp-admin/js/autoload_classmap.php
1	0	0	0	1	0	0	29439154	0	0	29439154	0	/v1/app/market/home/queryKlineRiseList
1	0	0	1	0	0	29461790	0	0	29461790	0	0	/wp-includes/js/tinymce/plugins/wpview/wp/about.php
1	0	0	1	0	0	29458652	0	0	29458652	0	0	/wp-includes/ID3/rk2.php
1	1	0	0	0	29439179	0	0	29439179	0	0	7834	/emailsS
1	0	0	1	0	0	29459100	0	0	29459100	0	0	/frg.php
1	0	0	0	1	0	0	29439154	0	0	29439154	0	/apinew/index/getSlider
1	0	0	1	0	0	29458651	0	0	29458651	0	0	/.well-known/content.php
1	0	0	1	0	0	29458651	0	0	29458651	0	0	/wp-includes/SimplePie/XML/content.php
1	0	0	0	1	0	0	29439154	0	0	29439154	0	/index/index/register1/type/1.html
1	0	0	0	1	0	0	29458651	0	0	29458651	0	/.well-known/pki-validation/2index.php
1	0	0	0	1	0	0	29439154	0	0	29439154	0	/Mg0a4/app/data.js
1	0	0	2	8	0	29453383	29447794	0	29449916	29438917	0	/readme.php
1	0	0	1	0	0	29458650	0	0	29458650	0	0	/wp-includes/certificates/about.php
1	0	0	1	0	0	29470377	0	0	29470377	0	0	/1JkAg3.php
1	0	0	1	0	0	29458651	0	0	29458651	0	0	/function/goods.php
1	0	0	2	1	0	29463412	29444727	0	29453628	29444727	0	/axx.php
1	0	0	1	0	0	29470377	0	0	29470377	0	0	/FII.php
1	0	0	1	0	0	29458651	0	0	29458651	0	0	/wp-includes/blocks/calendar/index.php
1	0	0	1	0	0	29458652	0	0	29458652	0	0	/wp-content/plugins/backup-backup/includes/
1	0	0	1	0	0	29458651	0	0	29458651	0	0	/wp-admin/css/wp-css.php
1	0	0	2	0	0	29453526	0	0	29452727	0	0	/ffile.php
1	0	0	0	1	0	0	29439154	0	0	29439154	0	/tools/_ajax/frontSkinSetting
1	0	0	0	1	0	0	29447794	0	0	29447794	0	/allez.php
1	0	0	0	2	0	0	29439139	0	0	29439139	0	/storage/blogs/1766257890_sitelogo.png
1	0	0	0	1	0	0	29439154	0	0	29439154	0	/tp/
1	0	0	3	1	0	29470382	29440253	0	29453383	29440253	0	/wp-includes/js/codemirror/index.php
1	0	0	5	4	0	29470380	29446204	0	29452727	29440253	0	/file9.php
1	0	0	1	1	0	29449917	29441759	0	29449917	29441759	0	/OVA-UNAME.php
1	0	0	0	1	0	0	29439154	0	0	29439154	0	/checkusername
1	0	0	0	1	0	0	29443458	0	0	29443458	0	/wp-admin/alfa.php
1	0	0	2	1	0	29465124	29441758	0	29449916	29441758	0	/Njima.php
1	0	0	1	1	0	29453654	29443458	0	29453654	29443458	0	/wp-content/themes/twentyfifteen/404.php
1	0	0	3	0	0	29458652	0	0	29441759	0	0	/wp-includes/js/codemirror/
1	0	0	2	0	0	29470044	0	0	29469939	0	0	/wp-includes/header.php
1	0	0	0	1	0	0	29439154	0	0	29439154	0	/index/login/checkPhone
1	0	0	1	0	0	29458650	0	0	29458650	0	0	/wp-includes/css/dist/edit-widgets/about.php
1	0	0	0	1	0	0	29439154	0	0	29439154	0	/jump/tips.png
1	0	0	0	1	0	0	29439154	0	0	29439154	0	/mobile/lottery/list
1	0	0	0	1	0	0	29439154	0	0	29439154	0	/static/css/search.css
1	0	0	1	0	0	29441759	0	0	29441759	0	0	/wp-includes/Requests/Transport/
1	0	0	2	0	0	29449917	0	0	29441759	0	0	/wp-includes/blocks/more/
1	0	0	4	4	0	29463413	29447623	0	29449915	29438917	0	/makeasmtp.php
1	0	0	2	0	0	29453525	0	0	29452727	0	0	/zxin.php
1	0	0	0	3	0	0	29458650	0	0	29441759	0	/.well-known/acme-challenge/install.php
1	0	0	2	1	0	29465124	29441758	0	29449916	29441758	0	/wp-content/plugins/seoplugins/mar.php
1	0	0	0	1	0	0	29458650	0	0	29458650	0	/.well-known/pki-validation/mariju.php
1	0	0	0	1	0	0	29439154	0	0	29439154	0	/api/trendData
1	0	0	0	1	0	0	29439154	0	0	29439154	0	/api/common/getCurrencyFee
1	0	0	3	1	0	29470044	29439000	0	29453654	29439000	0	/wp-content/admin-header.php
1	0	0	2	0	0	29470381	0	0	29459101	0	0	/lx.php
1	0	0	1	0	0	29459101	0	0	29459101	0	0	/jatuh.php
1	0	0	0	1	0	0	29447623	0	0	29447623	0	/nf.php
1	0	0	2	0	0	29453525	0	0	29452727	0	0	/mo.php
1	0	0	1	0	0	29458651	0	0	29458651	0	0	/wp-includes/assets/script-modules-packages.min-meta.php
1	0	0	0	1	0	0	29439154	0	0	29439154	0	/js/yanzheng_yhk.js
1	0	0	8	0	0	29465124	0	0	29441729	0	0	/wp-admin/
1	0	0	1	2	0	29449916	29447623	0	29449916	29441759	0	/fox.php
1	0	0	1	0	0	29465471	0	0	29465471	0	0	/?fbclid=IwZXh0bgNhZW0CMTEAc3J0YwZhcHBfaWQMMjU2MjgxMDQwNTU4AAEexm0RfcBTKW10FUIPYU2j8QPK_VlGkbZNyypuJAmoyLNH_LTJtIT-IN-ZQus_aem_dsDJD6muU-XbKFxqonNhng
1	0	0	2	1	0	29453525	29446204	0	29452727	29446204	0	/file4.php
1	0	0	0	1	0	0	29447624	0	0	29447624	0	/wp-includes/PHPMailer/file.php
1	0	0	1	0	0	29470382	0	0	29470382	0	0	/filesss.php
1	0	0	4	0	0	29458652	0	0	29441759	0	0	/wp-includes/block-bindings/
1	0	0	0	1	0	0	29439154	0	0	29439154	0	/static/image/tabbar/my-c.png
1	0	0	0	3	0	0	29446722	0	0	29442579	0	/lock1.php
1	0	0	0	1	0	0	29440477	0	0	29440477	0	/.s3cfg.backup
1	0	0	0	1	0	0	29439154	0	0	29439154	0	/market/index/market_bat?code=sh000001
1	0	0	2	0	0	29470380	0	0	29461789	0	0	/bras.php
1	0	0	6	2	0	29470380	29441758	0	29449916	29440253	0	/xx.php
1	0	0	2	0	0	29465125	0	0	29458650	0	0	/wp-includes/js/tinymce/skins/lightgray/img/about.php
1	0	0	1	1	0	29449916	29441758	0	29449916	29441758	0	/wp-content/themes/deeto/login.php
1	0	0	0	1	0	0	29438473	0	0	29438473	0	/_all_dbs
1	0	0	1	0	0	29458650	0	0	29458650	0	0	/wp-includes/js/crop/admin.php
1	0	0	0	1	0	0	29439154	0	0	29439154	0	/member/css/bindmobile.js
1	0	0	1	0	0	29458651	0	0	29458651	0	0	/modules/file.php
1	0	0	1	1	0	29453628	29444727	0	29453628	29444727	0	/laudq.php
1	0	0	3	1	0	29463413	29444727	0	29453628	29444727	0	/warm.PhP7
1	0	0	0	1	0	0	29439154	0	0	29439154	0	/h5/static/icon/icon_hetong.png
1	0	0	0	1	0	0	29439154	0	0	29439154	0	/static/img/home-search.png
1	0	0	3	0	0	29470380	0	0	29452726	0	0	/031.php
1	24	0	32	1	29439537	29469834	29440159	29439154	29440679	29440159	0	/favicon.ico
1	0	0	1	0	0	29465125	0	0	29465125	0	0	/wp-admin/images/install.php
1	0	0	1	0	0	29458651	0	0	29458651	0	0	/wp-includes/rest-api/index.php
1	0	0	2	0	0	29470043	0	0	29469938	0	0	/wp-content/uploads/de_fb_uploads/b.php
1	0	0	1	0	0	29458651	0	0	29458651	0	0	/wp-content/plugins/ubh/install.php
1	0	0	1	0	0	29458651	0	0	29458651	0	0	/images/firewall.php7
1	0	0	2	0	0	29470380	0	0	29461789	0	0	/xeeex.php
1	0	0	1	0	0	29458651	0	0	29458651	0	0	/wp-content/themes/twentytwentyfour/functions.php
1	0	0	1	0	0	29470377	0	0	29470377	0	0	/zz8.php
1	0	0	2	1	0	29463413	29444727	0	29453628	29444727	0	/atom.php
1	0	0	1	0	0	29470380	0	0	29470380	0	0	/nx1.php
1	0	0	4	0	0	29470381	0	0	29459102	0	0	/f8.php
1	0	0	0	1	0	0	29439154	0	0	29439154	0	/picture/banner.png
1	0	0	2	1	0	29463412	29444727	0	29453628	29444727	0	/zsec.php
1	0	0	3	1	0	29470044	29441758	0	29449916	29441758	0	/.well-known/fierzashell.php
1	0	0	0	1	0	0	29438472	0	0	29438472	0	/graphql/api
1	0	0	0	1	0	0	29439154	0	0	29439154	0	/check
1	0	0	1	0	0	29458651	0	0	29458651	0	0	/wp-error_log.php
1	0	0	1	0	0	29461791	0	0	29461791	0	0	/abruzi.php
1	0	0	1	1	0	29453268	29439292	0	29453268	29439292	0	/wp-includes/postnews.php
1	0	0	0	1	0	0	29439154	0	0	29439154	0	/paygw/info/xx
1	0	0	1	0	0	29465125	0	0	29465125	0	0	/.well-known/link.php
1	0	0	0	1	0	0	29439154	0	0	29439154	0	/v1/user/overview/userinfo
1	0	0	2	0	0	29458651	0	0	29452006	0	0	/wp-admin/network/admin.php
1	0	0	1	0	0	29458651	0	0	29458651	0	0	/wp-includes/js/thickbox/about.php
1	0	0	2	2	0	29463413	29447794	0	29453628	29444727	0	/goat1.php
1	0	0	1	1	0	29449915	29441757	0	29449915	29441757	0	/.well-known/about/function.php
1	0	0	1	0	0	29461790	0	0	29461790	0	0	/image/cache/catalog/bookmarks/KSK2-187/ovvwe25ppyla.php
1	0	0	6	1	0	29470380	29440253	0	29452726	29440253	0	/gifclass4.php
1	0	0	3	2	0	29470379	29441523	0	29453168	29440252	0	/file.php?
1	0	0	1	0	0	29458650	0	0	29458650	0	0	/uploads/94056-upload.phtml
1	0	0	2	0	0	29465125	0	0	29458650	0	0	/wp-content/themes/astra/inc/ki1k.php
1	0	0	0	1	0	0	29438917	0	0	29438917	0	/admin.phphttps://narbonic.com/admin.php
1	0	0	1	0	0	29458652	0	0	29458652	0	0	/wp-content/themes/thuoc-nam/
1	0	0	1	0	0	29461791	0	0	29461791	0	0	/Hd.php
1	0	0	1	0	0	29458651	0	0	29458651	0	0	/wp-admin/js/widgets/autoload_classmap.php
1	0	0	1	0	0	29458651	0	0	29458651	0	0	/wp-includes/blocks/group/wp-style.php
1	0	0	1	1	0	29458652	29447623	0	29458652	29447623	0	/pages.php
1	0	0	1	0	0	29458651	0	0	29458651	0	0	/templates/beez3/av.php
1	0	0	0	3	0	0	29446722	0	0	29442579	0	/tll.php
1	0	0	1	0	0	29441372	0	0	29441372	0	0	/?69.171.249.7
1	0	0	1	0	0	29453168	0	0	29453168	0	0	/blurbs15.php
1	0	0	2	0	0	29470044	0	0	29469939	0	0	/wp-includes/assets
1	0	0	1	0	0	29458652	0	0	29458652	0	0	/wp-content/plugins/seoo/
1	0	0	0	1	0	0	29439154	0	0	29439154	0	/common/init
1	0	0	1	0	0	29453654	0	0	29453654	0	0	/wp-content/plugins/akismet/
1	0	0	1	0	0	29458650	0	0	29458650	0	0	/autoload_classmap/bypass.php
1	0	0	1	0	0	29458651	0	0	29458651	0	0	/wp-content/themes/tflow/admin-footer.php
1	0	0	1	1	0	29459100	29438917	0	29459100	29438917	0	/class-.php
1	0	0	0	1	0	0	29439154	0	0	29439154	0	/nyyh/ac_runactivecontent.js
1	0	0	0	1	0	0	29440476	0	0	29440476	0	/serverless.yaml
1	0	0	1	0	0	29458651	0	0	29458651	0	0	/file.php 
1	0	0	1	0	0	29458651	0	0	29458651	0	0	/wp-content/themes/twentytwentyfour/bypass.php
1	0	0	1	0	0	29458651	0	0	29458651	0	0	/wp-content/uploads/wp-cert.phtml
1	0	0	0	1	0	0	29439048	0	0	29439048	0	/bekle.php
1	0	0	1	0	0	29458650	0	0	29458650	0	0	/wp-content/plugins/WordPressCore/index.php
1	0	0	1	0	0	29458651	0	0	29458651	0	0	/wp-admin/css/colors/error.php
1	0	0	2	2	0	29459103	29441523	0	29453384	29440253	0	/wtz.php
1	13	0	26	2	29448342	29470319	29438917	29439158	29449622	29438735	13338	/wp-login.php
1	0	0	1	0	0	29458651	0	0	29458651	0	0	/wp-admin/css/colors/coffee/index.php
1	3	0	19	0	29446201	29470687	0	29441112	29449978	0	961	/sitemap_index.xml
1	0	0	1	0	0	29458650	0	0	29458650	0	0	/wp-includes/Text/Diff/Engine/index.php
1	0	0	1	0	0	29458652	0	0	29458652	0	0	/admin/images/slider/
1	0	0	1	0	0	29458652	0	0	29458652	0	0	/wp-includes/ID3/db.php
1	0	0	5	2	0	29470381	29441523	0	29453168	29440253	0	/nox.php
1	0	0	1	0	0	29458651	0	0	29458651	0	0	/wp-content/plugins/ubh/adminfus.php
1	0	0	1	0	0	29458651	0	0	29458651	0	0	/autoload_classmap/wso.php
1	0	0	1	0	0	29470377	0	0	29470377	0	0	/admin836.php
1	0	0	1	0	0	29465125	0	0	29465125	0	0	/ShellTon.php/
1	0	0	0	1	0	0	29439154	0	0	29439154	0	/app/line-2.0.json
1	0	0	1	1	0	29449916	29441758	0	29449916	29441758	0	/wp-admin/network/natural.php
1	0	0	1	1	0	29449915	29441757	0	29449915	29441757	0	/wp-admin/network/insoamv.php
1	0	0	1	0	0	29458652	0	0	29458652	0	0	/fonts/install.php
1	0	0	1	0	0	29458651	0	0	29458651	0	0	/wp-includes/widgets/security.php
1	0	0	1	0	0	29458651	0	0	29458651	0	0	/plugins/function.php
1	0	0	0	1	0	0	29439154	0	0	29439154	0	/-_files/bj.png
1	0	0	0	1	0	0	29439154	0	0	29439154	0	/static/home/2022/ppaayy.js
1	0	0	1	0	0	29458651	0	0	29458651	0	0	/wp-includes/pomo/item.php
1	3	0	2	0	29439179	29439180	0	29439178	29439178	0	12340	/admin_dashboard
1	0	0	3	2	0	29470044	29447623	0	29449916	29441757	0	/akc.php
1	0	0	3	0	0	29470380	0	0	29452727	0	0	/555.php
1	0	0	0	1	0	0	29439154	0	0	29439154	0	/api/config?appKey=bxefdn&identify=logo
1	0	0	2	0	0	29465611	0	0	29462753	0	0	/robots.txt?191.101.217.152
1	0	0	1	0	0	29458652	0	0	29458652	0	0	/wp-includes/sitemaps/chosen.php
1	0	0	0	1	0	0	29438917	0	0	29438917	0	/webix.php
1	0	0	6	0	0	29465124	0	0	29441759	0	0	/wp-admin/css/
1	0	0	1	0	0	29458650	0	0	29458650	0	0	/init.php
1	0	0	0	1	0	0	29443457	0	0	29443457	0	/images/alfa.php
1	0	0	0	1	0	0	29439154	0	0	29439154	0	/Publics/getWebInitInfo
1	0	0	1	0	0	29458651	0	0	29458651	0	0	/wp-includes/Text/Diff/Renderer/about.php
1	0	0	1	0	0	29465125	0	0	29465125	0	0	/r57.php /
1	0	0	0	1	0	0	29443457	0	0	29443457	0	/cyber.php
1	0	0	2	2	0	29459101	29441523	0	29453383	29440252	0	/x50.php
1	0	0	1	0	0	29458652	0	0	29458652	0	0	/wp-includes/pomo/alfa-rex.php
1	0	0	1	0	0	29458651	0	0	29458651	0	0	/wp-admin/network/av.php
1	0	0	2	1	0	29463413	29444728	0	29453628	29444728	0	/vv.php
1	0	0	0	1	0	0	29446205	0	0	29446205	0	/faq.php
1	0	0	1	0	0	29458650	0	0	29458650	0	0	/wp-admin/network/network.php
1	0	0	1	0	0	29461038	0	0	29461038	0	0	/wp-content/plugins/dzs-zoomsounds/savepng.php?location=mine.php
1	0	0	1	0	0	29459101	0	0	29459101	0	0	/zeu.php
1	0	0	2	0	0	29470043	0	0	29469938	0	0	/byp8.php
1	0	0	1	0	0	29458651	0	0	29458651	0	0	/wp-admin/plugin.php
1	0	0	0	1	0	0	29440477	0	0	29440477	0	/docker-compose.override.yml
1	0	0	1	0	0	29458651	0	0	29458651	0	0	/wp-content/themes/av.php
1	0	0	1	1	0	29453268	29439292	0	29453268	29439292	0	/wp-includes/txets.php
1	0	0	1	1	0	29458650	29447623	0	29458650	29447623	0	/files/index.php
1	0	0	1	0	0	29459101	0	0	29459101	0	0	/show.php
1	0	0	1	1	0	29449917	29441759	0	29449917	29441759	0	/wp-content/themes/twenty/twenty.php
1	0	0	3	2	0	29458650	29442209	0	29449916	29441758	0	/wp-conflg.php
1	0	0	2	1	0	29463412	29444727	0	29453628	29444727	0	/wp-includes/rest-api/alfa-rex.php7
1	0	0	1	0	0	29458651	0	0	29458651	0	0	/images/autoload_classmap.php
1	0	0	2	1	0	29458650	29443458	0	29453654	29443458	0	/wp-includes/edit.php
1	0	0	2	0	0	29449917	0	0	29441759	0	0	/wp-includes/Text/Diff/
1	0	0	0	1	0	0	29438473	0	0	29438473	0	/about
1	0	0	1	0	0	29470381	0	0	29470381	0	0	/anskrit.php
1	0	0	0	1	0	0	29439154	0	0	29439154	0	/api/nimcc/recv
1	0	0	2	0	0	29470044	0	0	29469939	0	0	/cgi-bin/about.php
1	0	0	1	0	0	29458652	0	0	29458652	0	0	/wp-admin/css/elementskit.php
1	0	0	0	1	0	0	29439154	0	0	29439154	0	/index/Publics/miningIndexList
1	0	0	0	1	0	0	29439000	0	0	29439000	0	/uploads/index.php
1	0	0	1	0	0	29458651	0	0	29458651	0	0	/adminfusm.php
1	0	0	1	0	0	29470377	0	0	29470377	0	0	/fonts.php
1	0	0	4	0	0	29470380	0	0	29452727	0	0	/error.php
1	0	0	1	0	0	29465125	0	0	29465125	0	0	/wp-admin/css/colors/ectoplasm/wp-login.php
1	0	0	1	0	0	29458651	0	0	29458651	0	0	/bless.php 
1	0	0	1	0	0	29458652	0	0	29458652	0	0	/wp-content/themes/av.php.php
1	0	0	2	0	0	29461790	0	0	29461121	0	0	/d996699999.php
1	0	0	3	2	0	29463412	29444727	0	29453628	29442209	0	/bs1.php
1	0	0	2	0	0	29463412	0	0	29453628	0	0	/Cachex.php
1	0	0	1	0	0	29458650	0	0	29458650	0	0	/wp-content/themes/tflow/up.php
1	0	0	1	0	0	29458652	0	0	29458652	0	0	/wp-includes/blocks/
1	0	0	0	1	0	0	29439154	0	0	29439154	0	/public/js/json/code_BF_ix.json
1	0	0	1	0	0	29459103	0	0	29459103	0	0	/zafir1.php
1	0	0	0	1	0	0	29440122	0	0	29440122	0	/blog/view/23
1	0	0	0	1	0	0	29447623	0	0	29447623	0	/pinfo.php
1	0	0	1	0	0	29440098	0	0	29440098	0	0	/blog/view/22
1	0	0	1	0	0	29458651	0	0	29458651	0	0	/wp-content/plugins/WordPressCore/gecko.php
1	0	0	14	0	0	29439937	0	0	29439196	0	0	/blog/view/17
1	0	0	2	0	0	29439690	0	0	29439269	0	0	/blog/view/16
1	0	0	1	0	0	29461791	0	0	29461791	0	0	/tiqdc.php
1	0	0	2	0	0	29439711	0	0	29439208	0	0	/blog/view/15
1	0	0	0	1	0	0	29439154	0	0	29439154	0	/history_code.shtml
1	0	0	4	0	0	29439827	0	0	29439188	0	0	/blog/view/14
1	0	0	1	0	0	29458652	0	0	29458652	0	0	/type.php
1	0	0	3	1	0	29470379	29441758	0	29449916	29441758	0	/lock.php
1	0	0	0	1	0	0	29439154	0	0	29439154	0	/ashx/getPlatParam.ashx
1	0	0	0	1	0	0	29442209	0	0	29442209	0	/conflg.php
1	0	0	1	0	0	29453167	0	0	29453167	0	0	/fclas.php
1	0	0	0	1	0	0	29447623	0	0	29447623	0	/bugz.php
1	0	0	3	0	0	29458652	0	0	29441759	0	0	/wp-includes/pomo/
1	0	0	0	1	0	0	29439154	0	0	29439154	0	/send_telphone_code
1	0	0	1	0	0	29459102	0	0	29459102	0	0	/yyy.php
1	0	0	2	3	0	29458652	29447623	0	29449916	29441759	0	/goat.php
1	0	0	1	1	0	29449916	29441759	0	29449916	29441759	0	/wp-content/plugins/fix/1.php
1	0	0	1	0	0	29470381	0	0	29470381	0	0	/ws36.php
1	0	0	1	0	0	29470377	0	0	29470377	0	0	/helper766.php
1	0	0	1	0	0	29458651	0	0	29458651	0	0	/wp-includes/customize/db.php
1	0	0	0	1	0	0	29439154	0	0	29439154	0	/api/exclude/siteConfig/webSiteConfig
1	0	0	0	1	0	0	29439154	0	0	29439154	0	/api/xuanfei/xuanfeilist
1	0	0	2	0	0	29465124	0	0	29454742	0	0	/admin/controller/extension/extension/vx.php
1	0	0	1	0	0	29458651	0	0	29458651	0	0	/wp-admin/js/load.php
1	0	0	3	1	0	29458650	29441757	0	29449915	29441757	0	/wp-includes/Requests/about.php
1	0	0	1	0	0	29465124	0	0	29465124	0	0	/7x.php
1	0	0	1	0	0	29465124	0	0	29465124	0	0	/wp-content/themes/travelscape/json.php
1	0	0	1	0	0	29458652	0	0	29458652	0	0	/wp-content/plugins/linkpreview/av.php
1	0	0	1	0	0	29458651	0	0	29458651	0	0	/css/as.php
1	0	0	1	1	0	29449916	29441758	0	29449916	29441758	0	/wp-content/updates.php
1	0	0	5	5	0	29453526	29446722	0	29449916	29441758	0	/bolt.php
1	0	0	0	1	0	0	29447794	0	0	29447794	0	/ki1k.php
1	0	0	6	2	0	29459101	29447623	0	29449915	29441757	0	/flower.php
1	0	0	0	1	0	0	29439000	0	0	29439000	0	/wp-content/languages
1	0	0	5	5	0	29470379	29447623	0	29449917	29440252	0	/install.php
1	0	0	0	1	0	0	29442075	0	0	29442075	0	/.well-known.zip
1	0	0	2	1	0	29458650	29441757	0	29449915	29441757	0	/.bod/.ll/ss.php
1	0	0	1	0	0	29461790	0	0	29461790	0	0	/wp-admin/css/post.php
1	0	0	7	5	0	29470379	29447624	0	29449916	29441758	0	/wso.php
1	0	0	1	0	0	29461790	0	0	29461790	0	0	/gettest.php
1	0	0	1	0	0	29458652	0	0	29458652	0	0	/wp-includes/ID3/wp-includes/IXR/
1	0	0	3	0	0	29458652	0	0	29441759	0	0	/wp-includes/css/dist/
1	0	0	1	0	0	29461789	0	0	29461789	0	0	/test/adminer-4.6.1-mysql-en.php
1	0	0	1	0	0	29458650	0	0	29458650	0	0	/wp-admin/css/colors/light/profile.php
1	0	0	1	0	0	29470377	0	0	29470377	0	0	/4tBVafYN1Sb.php
1	0	0	1	0	0	29458652	0	0	29458652	0	0	/wordpress/wp-admin/includes/
1	0	0	2	2	0	29453654	29447624	0	29449916	29441758	0	/wp-content/wp-conflg.php
1	0	0	1	0	0	29470377	0	0	29470377	0	0	/api986.php
1	0	0	0	1	0	0	29439154	0	0	29439154	0	/public/user/info/index.php
1	0	0	8	10	0	29470379	29446722	0	29449915	29438917	0	/403.php
1	0	0	1	0	0	29460468	0	0	29460468	0	0	http://techblogs.site/wp-content/uploads/2023/01/s-s-components-500x500-3-300x181.webp
1	0	0	0	1	0	0	29442579	0	0	29442579	0	/lite.php
1	0	0	2	0	0	29449917	0	0	29441759	0	0	/wp-content/themes/travelscape/
1	0	0	2	3	0	29465125	29447794	0	29449916	29441758	0	/ty.php
1	0	0	5	4	0	29470381	29446205	0	29449916	29438917	0	/up.php
1	0	0	0	1	0	0	29439154	0	0	29439154	0	/static/images/common/xtxx.png
1	0	0	1	0	0	29470376	0	0	29470376	0	0	/tin.php
1	0	0	1	0	0	29458652	0	0	29458652	0	0	/wp-content/uploads/2021/wp-works.php
1	0	0	1	0	0	29458652	0	0	29458652	0	0	/assets/css/dist/
1	0	0	1	0	0	29458652	0	0	29458652	0	0	/wp-content/uploads/2021/themes.php
1	0	0	2	0	0	29453525	0	0	29452727	0	0	/ioxi-o2.php
1	0	0	1	0	0	29458650	0	0	29458650	0	0	/wp-content/blue.php
1	0	0	1	0	0	29470377	0	0	29470377	0	0	/strift.php
1	0	0	0	1	0	0	29439154	0	0	29439154	0	/api/financenews?page=1&column=cjdd
1	0	0	6	1	0	29470380	29440252	0	29452726	29440252	0	/wp-admin/maint/index.php
1	0	0	0	28	0	0	29448307	0	0	29440112	0	/contato
1	8	0	211	3	29440316	29471393	29438683	29438988	29441032	29438647	239	/robots.txt
1	0	0	5	7	0	29463412	29447794	0	29449916	29440252	0	/w.php
1	0	0	0	1	0	0	29439154	0	0	29439154	0	/index/Index/type.html?bi_type=2
1	0	0	2	1	0	29453525	29438917	0	29452727	29438917	0	/fileas.php
1	0	0	1	0	0	29458652	0	0	29458652	0	0	/wikindex.php
1	0	0	1	0	0	29458651	0	0	29458651	0	0	/f35_SpaceTn.php
1	0	0	2	1	0	29463414	29444728	0	29453629	29444728	0	/jlex.php
1	0	0	0	1	0	0	29439154	0	0	29439154	0	/assets/addons/tiktokshop/fb/
1	0	0	1	0	0	29458651	0	0	29458651	0	0	/wp-includes/feed-rsss.php
1	0	0	1	0	0	29458651	0	0	29458651	0	0	/wp-admin/network/atomlib.php
1	0	0	2	1	0	29458650	29441759	0	29449916	29441759	0	/themes/zMousse/otuz1.php
1	0	0	1	0	0	29458650	0	0	29458650	0	0	/wp-content/plugin.php
1	0	0	4	0	0	29470043	0	0	29454742	0	0	/bk/index.php
1	0	0	2	0	0	29453525	0	0	29452726	0	0	/wp-mail.php/wp-includes/ID3/rnEPv9.php
1	0	0	1	0	0	29458651	0	0	29458651	0	0	/wp-includes/ms-file.php
1	0	0	0	1	0	0	29439154	0	0	29439154	0	/static/tabbar/trade.png
1	0	0	1	0	0	29458650	0	0	29458650	0	0	/wp-admin/css/colors/blue/file.php
1	0	0	0	1	0	0	29439154	0	0	29439154	0	/static/images/themeWZCP/tzjl.png
1	0	0	1	1	0	29449916	29441758	0	29449916	29441758	0	/index/function.php?p=
1	0	0	1	1	0	29449916	29441759	0	29449916	29441759	0	/65ryjkl.php
1	0	0	1	1	0	29449916	29441759	0	29449916	29441759	0	/aua.php
1	0	0	3	2	0	29463414	29444728	0	29449916	29441758	0	/cache.php
1	0	0	3	0	0	29458652	0	0	29441759	0	0	/modules/
1	1	0	0	0	29438471	0	0	29438471	0	0	64	/.well-known/acme-challenge/8YK66RR12VFXM90SOWFFB117C8LJZIEE
1	0	0	0	1	0	0	29439154	0	0	29439154	0	/static/wallet.png
1	0	0	0	1	0	0	29439154	0	0	29439154	0	/images/defaultpic.gif
1	0	0	2	1	0	29463413	29444728	0	29453629	29444728	0	/r.php
1	0	0	3	0	0	29470377	0	0	29452726	0	0	/class-wp.php
1	0	0	0	1	0	0	29439154	0	0	29439154	0	/api.php?c=cart&f=total
1	0	0	1	1	0	29449916	29441759	0	29449916	29441759	0	/wp-content/plugins/wp-conflg.php?p=
1	0	0	1	0	0	29458651	0	0	29458651	0	0	/wp-admin/css/colors/sunrise/bypass.php
1	0	0	1	0	0	29461038	0	0	29461038	0	0	/wp-content/plugins/dzs-zoomsounds/mine.php
1	0	0	0	1	0	0	29439154	0	0	29439154	0	/static/recovery/img/icon_index_1.png
1	0	0	1	0	0	29458652	0	0	29458652	0	0	/upload/bilder/cong.php
1	0	0	1	0	0	29470377	0	0	29470377	0	0	/wp-tot.php
1	0	0	1	1	0	29449916	29441758	0	29449916	29441758	0	/leafmailer.php
1	0	0	0	1	0	0	29439154	0	0	29439154	0	/Ajax/allcoin_a
1	0	0	1	0	0	29458650	0	0	29458650	0	0	/wp-admin/css/colors/index.php
1	0	0	1	2	0	29449916	29443457	0	29449916	29441758	0	/13.php
1	0	0	8	4	0	29463412	29447623	0	29449915	29441757	0	/autoload_classmap.php
1	0	0	0	1	0	0	29439154	0	0	29439154	0	/api/index/loanConfig
1	0	0	1	0	0	29458651	0	0	29458651	0	0	/admin/controller/extension/extension/alfa.php
1	0	0	1	0	0	29470380	0	0	29470380	0	0	/3406.php
1	0	0	0	1	0	0	29439154	0	0	29439154	0	/main.php?act=ChangesCommodityPrices
1	0	0	2	5	0	29453383	29447794	0	29453168	29438917	0	/sx.php
1	0	0	1	0	0	29459100	0	0	29459100	0	0	/to.php
1	0	0	5	0	0	29451108	0	0	29443854	0	0	/?44.218.6.122
1	0	0	1	0	0	29470377	0	0	29470377	0	0	/I3zu2h.php
1	0	0	0	1	0	0	29439154	0	0	29439154	0	/app/config/getConfig
1	0	0	1	1	0	29449915	29441757	0	29449915	29441757	0	/classsmtps.php
1	0	0	0	1	0	0	29439154	0	0	29439154	0	/imgs/tabbar1_sel.png
1	0	0	1	0	0	29458652	0	0	29458652	0	0	/wp-includes/id3/
1	0	0	4	3	0	29461791	29441758	0	29449916	29440253	0	/files.php
1	0	0	1	0	0	29458651	0	0	29458651	0	0	/wp-admin/maint/byps.php
1	0	0	1	0	0	29458652	0	0	29458652	0	0	/wp-includes/css/dist/alam.php
1	0	0	1	0	0	29458651	0	0	29458651	0	0	/wp-includes/fonts/autoload_classmap.php
1	0	0	0	1	0	0	29439154	0	0	29439154	0	/Public/m/js/yxMobileSlider.js
1	0	0	0	1	0	0	29439154	0	0	29439154	0	/home/index/getConfig
1	0	0	3	2	0	29461791	29441521	0	29453383	29440253	0	/juuuu.php
1	0	0	1	0	0	29458652	0	0	29458652	0	0	/admin/upload/
1	0	0	6	6	0	29463413	29447623	0	29450593	29440252	0	/m.php
1	0	0	0	1	0	0	29439154	0	0	29439154	0	/static/picture/banner.png
1	0	0	1	0	0	29458650	0	0	29458650	0	0	/wp-includes/random_compat/chosen.php
1	0	0	1	0	0	29458651	0	0	29458651	0	0	/templates/beez5/error.php
1	0	0	0	3	0	0	29446722	0	0	29442579	0	/cwsd.php
1	0	0	1	0	0	29458651	0	0	29458651	0	0	/x/test.php
1	0	0	1	1	0	29449916	29441758	0	29449916	29441758	0	/wp-content/shell20211028.php
1	0	0	0	1	0	0	29438473	0	0	29438473	0	/api/swagger.json
1	0	0	2	1	0	29458651	29441758	0	29449916	29441758	0	/.well-known/install.php
1	0	0	1	2	0	29453654	29447624	0	29453654	29443458	0	/wp-includes/SimplePie/chosen.php
1	0	0	1	0	0	29470379	0	0	29470379	0	0	/e/data.php
1	0	0	2	4	0	29463412	29446722	0	29453628	29442579	0	/let.php
1	0	0	0	1	0	0	29443457	0	0	29443457	0	/luuf.php
1	0	0	5	2	0	29470381	29441757	0	29449915	29440253	0	/.well-known/admin.php
1	0	0	0	1	0	0	29439154	0	0	29439154	0	/star.php?path=sino/card&act=send
1	0	0	7	6	0	29465124	29446722	0	29452006	29438917	0	/css/index.php
1	0	0	0	1	0	0	29439154	0	0	29439154	0	/xingcai_Front/liaotian/check.php
1	0	0	0	1	0	0	29439154	0	0	29439154	0	/call/call.php
1	0	0	1	0	0	29458652	0	0	29458652	0	0	/wp-content/plugins/pwnd/adminfus.php
1	0	0	0	1	0	0	29439154	0	0	29439154	0	/api/sms
1	0	0	4	0	0	29458651	0	0	29452006	0	0	/wp-content/upgrade/index.php
1	0	0	1	0	0	29458651	0	0	29458651	0	0	/wp-content/themes/sky-pro/js.php
1	0	0	1	0	0	29458652	0	0	29458652	0	0	/wp-includes/assets/min.php
1	0	0	1	0	0	29458651	0	0	29458651	0	0	/wp-includes/db.php
1	0	0	10	5	0	29463413	29447623	0	29449915	29440253	0	/radio.php
1	0	0	1	0	0	29440515	0	0	29440515	0	0	/message/store
1	0	0	1	0	0	29458651	0	0	29458651	0	0	/xp.php 
1	2	2	0	0	29438714	0	0	29438623	0	0	1403	/?SD
1	0	0	1	2	0	29470379	29447623	0	29470379	29443457	0	/h.php
1	2	2	0	0	29438683	0	0	29438570	0	0	1405	/?SA
1	0	0	1	0	0	29470377	0	0	29470377	0	0	/core461.php
1	0	0	0	3	0	0	29446722	0	0	29442579	0	/sec.php
1	0	0	1	1	0	29453654	29443458	0	29453654	29443458	0	/wp-video.php
1	0	0	1	0	0	29470377	0	0	29470377	0	0	/load.php
1	0	0	1	0	0	29458651	0	0	29458651	0	0	/wp-includes/ID3/wp-conflg.php
1	0	0	1	0	0	29458650	0	0	29458650	0	0	/wp-includes/Text/Diff/index.php
1	0	0	0	2	0	0	29439654	0	0	29439654	0	/theme/default/assets/umi.js
1	0	0	1	0	0	29458652	0	0	29458652	0	0	/wp-includes/interactivity-api/interactivity-api-xml.php
1	0	0	1	0	0	29458651	0	0	29458651	0	0	/vendor/phpunit/phpunit/src/Util/PHP/adminfusm.php
1	0	0	2	1	0	29453525	29438917	0	29452726	29438917	0	/geck.php
1	0	0	2	0	0	29453526	0	0	29452727	0	0	/te.php
1	1	0	2	0	29439154	29464686	0	29439154	29464686	0	7811	/index.php
1	0	0	1	0	0	29450592	0	0	29450592	0	0	/asd.php
1	0	0	0	1	0	0	29439154	0	0	29439154	0	/api/user/getconfig
1	0	0	3	0	0	29458652	0	0	29441759	0	0	/wp-content/x/
1	0	0	1	0	0	29458652	0	0	29458652	0	0	/wp-includes/colour.php
1	0	0	1	1	0	29449916	29441758	0	29449916	29441758	0	/wp-content/themes/seotheme/db.php?u
1	0	0	0	1	0	0	29439154	0	0	29439154	0	/dwcc/sscout/fwtj
1	0	0	1	0	0	29458652	0	0	29458652	0	0	/wp-includes/js/tinymce/plugins/fullscreen/
1	0	0	1	0	0	29458651	0	0	29458651	0	0	/wp-admin/js/file/incpb.php
1	0	0	2	2	0	29453383	29441523	0	29453168	29440252	0	/fwe.php
1	0	0	1	0	0	29470377	0	0	29470377	0	0	/http.php
1	0	0	1	0	0	29458652	0	0	29458652	0	0	/img/chat-search.php
1	0	0	1	1	0	29449916	29441758	0	29449916	29441758	0	/gold.php
1	0	0	0	3	0	0	29446722	0	0	29442579	0	/shlo.php
1	0	0	2	0	0	29461790	0	0	29453167	0	0	/file51.php
1	0	0	2	0	0	29461790	0	0	29461120	0	0	/bjfl.php
1	0	0	5	2	0	29470043	29444728	0	29449916	29441758	0	/c.php
1	0	0	1	0	0	29458651	0	0	29458651	0	0	/uploads/xsec.php
1	0	0	1	0	0	29458652	0	0	29458652	0	0	/wp-content/plugins/prenota/
1	0	0	1	0	0	29458650	0	0	29458650	0	0	/update/403.php
1	0	0	1	0	0	29458650	0	0	29458650	0	0	/images/index22.php
1	0	0	2	0	0	29470381	0	0	29459100	0	0	/gi.php
1	0	0	1	0	0	29470377	0	0	29470377	0	0	/ckv.php
1	2	2	0	0	29438666	0	0	29438595	0	0	1399	/?ND
1	0	0	1	0	0	29459103	0	0	29459103	0	0	/ww2.php
1	2	2	0	0	29438694	0	0	29438602	0	0	1401	/?NA
1	0	0	0	1	0	0	29439154	0	0	29439154	0	/api/contract/index/getLine
1	0	0	1	2	0	29449916	29442209	0	29449916	29441758	0	/post.php
1	0	0	0	2	0	0	29449916	0	0	29441759	0	/.well-known/pki-validation/x.php
1	0	0	2	0	0	29453525	0	0	29452726	0	0	/zc-903.php
1	0	0	1	0	0	29458651	0	0	29458651	0	0	/wp-atom.php
1	0	0	0	1	0	0	29439154	0	0	29439154	0	/static/back.png
1	0	0	1	0	0	29459101	0	0	29459101	0	0	/EM.php
1	2	2	0	0	29438704	0	0	29438615	0	0	1408	/?MD
1	0	0	0	1	0	0	29439154	0	0	29439154	0	/api/stock/getDzList.do
1	0	0	1	1	0	29453654	29443458	0	29453654	29443458	0	/wp-includes/js/tinymce/plugins/compat3x/about.php
1	2	2	0	0	29438654	0	0	29438562	0	0	1408	/?MA
1	0	0	1	0	0	29464686	0	0	29464686	0	0	/cms/admin
1	0	0	2	0	0	29461791	0	0	29459102	0	0	/wp-ana.php
1	0	0	1	0	0	29458650	0	0	29458650	0	0	/wp-includes/item.php
1	0	0	1	0	0	29458650	0	0	29458650	0	0	/wp-includes/rest-api/endpoints/index.php
1	0	0	1	0	0	29458652	0	0	29458652	0	0	/templates/beez3/
1	0	0	1	0	0	29465125	0	0	29465125	0	0	/wso24.php
1	0	0	1	0	0	29459102	0	0	29459102	0	0	/uuu.php
1	0	0	1	0	0	29458651	0	0	29458651	0	0	/wp-includes/as.php
1	0	0	1	0	0	29458651	0	0	29458651	0	0	/wp-content/themes/hello-element/footer.php
1	0	0	0	1	0	0	29439154	0	0	29439154	0	/api/common/dictEnumMapAll
1	0	0	1	1	0	29449916	29441758	0	29449916	29441758	0	/Geforce.php
1	0	0	0	1	0	0	29439154	0	0	29439154	0	/app/h5Api
1	0	0	4	0	0	29470044	0	0	29458650	0	0	/style.php
1	0	0	1	0	0	29461790	0	0	29461790	0	0	/djfksr4.php
1	0	0	2	0	0	29470043	0	0	29469938	0	0	/wp-includes/Requests
1	0	0	1	1	0	29453654	29443458	0	29453654	29443458	0	/wp-includes/mini.php
1	0	0	3	3	0	29463412	29446205	0	29449916	29441758	0	/alfanew.php
1	0	0	1	0	0	29458651	0	0	29458651	0	0	/wp-includes/PHPMailer/xleet.php
1	0	0	3	1	0	29465125	29442209	0	29450593	29442209	0	/fm.php
1	0	0	1	0	0	29458651	0	0	29458651	0	0	/wp-content/languages/themes/index.php
1	0	0	2	1	0	29459102	29441757	0	29449915	29441757	0	/sck.php
1	0	0	2	1	0	29458651	29441758	0	29449916	29441758	0	/wp-admin/autoload_classmap.php
1	0	0	1	0	0	29458650	0	0	29458650	0	0	/wp-admin/css/colors/midnight/install.php
1	0	0	4	0	0	29463942	0	0	29462870	0	0	/file-manager/ckeditor
1	0	0	1	0	0	29458651	0	0	29458651	0	0	/css/fan.php
1	0	0	3	0	0	29458652	0	0	29441759	0	0	/wp-includes/js/tinymce/langs/
1	0	0	0	5	0	0	29458651	0	0	29441759	0	/.well-known/acme-challenge/about.php
1	0	0	2	0	0	29453526	0	0	29452727	0	0	/wolv2.php
1	0	0	1	0	0	29458652	0	0	29458652	0	0	/wp-includes/ID3/chosen.php
1	0	0	0	1	0	0	29439154	0	0	29439154	0	/vv/getset
1	0	0	0	1	0	0	29443458	0	0	29443458	0	/wp-admin/images/file.php
1	0	0	1	0	0	29458650	0	0	29458650	0	0	/webadmin.php
1	0	0	0	2	0	0	29438715	0	0	29438685	0	/elfinder
1	0	0	1	0	0	29458652	0	0	29458652	0	0	/mt/
1	0	0	0	1	0	0	29439154	0	0	29439154	0	/api/v1/member/home
1	0	0	1	0	0	29465124	0	0	29465124	0	0	/x7.php
1	0	0	0	1	0	0	29439154	0	0	29439154	0	/platform/passport/login.html
1	0	0	6	0	0	29468813	0	0	29464699	0	0	/.aws/credentials
1	0	0	0	1	0	0	29439154	0	0	29439154	0	/api/index/config
1	0	0	8	5	0	29465124	29447623	0	29449915	29440252	0	/about/function.php
1	0	0	1	0	0	29458652	0	0	29458652	0	0	/autoload_classmap/about.php
1	0	0	1	0	0	29458651	0	0	29458651	0	0	/wp-admin/js/elementskit.php
1	0	0	2	2	0	29458650	29447624	0	29449916	29441758	0	/wp-setup.php
1	0	0	2	0	0	29453525	0	0	29452726	0	0	/zxz.php
1	0	0	1	0	0	29458652	0	0	29458652	0	0	/wp-includes/assets/script-loader-react-refresh-runtime-num.php
1	0	0	1	0	0	29458652	0	0	29458652	0	0	/themes/pridmag/
1	0	0	1	1	0	29449916	29441758	0	29449916	29441758	0	/wp-content/plugins/Cache/Cache.php
1	0	0	0	1	0	0	29439154	0	0	29439154	0	/static/images/noti_left.png
1	0	0	1	0	0	29470376	0	0	29470376	0	0	/lib751.php
1	0	0	1	0	0	29458652	0	0	29458652	0	0	/uploads/c99shell.php
1	0	0	0	1	0	0	29439154	0	0	29439154	0	/api/web/info
1	0	0	1	0	0	29458651	0	0	29458651	0	0	/wp-includes/certificates/autoload_classmap.php
1	0	0	1	0	0	29458650	0	0	29458650	0	0	/wp-admin/mah.php
1	0	0	1	0	0	29461789	0	0	29461789	0	0	/ru/adminer-4.2.4.php
1	0	0	1	0	0	29461789	0	0	29461789	0	0	/en/wp-login.php
1	0	0	4	0	0	29458652	0	0	29441759	0	0	/sites/default/files/
1	0	0	1	1	0	29449916	29441758	0	29449916	29441758	0	/anna.php
1	0	0	0	1	0	0	29458651	0	0	29458651	0	/.well-known/acme-challenge/gecko-old.php
1	0	0	1	0	0	29452006	0	0	29452006	0	0	/wp-includes/SimplePie/autoload_classmap.php
1	0	0	1	0	0	29459102	0	0	29459102	0	0	/ifm.php
1	0	0	1	0	0	29458651	0	0	29458651	0	0	/wp-content/plugins/erinyani/default.php
1	0	0	2	0	0	29453525	0	0	29452726	0	0	/indo.php
1	0	0	0	1	0	0	29439154	0	0	29439154	0	/assets/img/loginbg.jpg
1	0	0	4	5	0	29463412	29447623	0	29449916	29438917	0	/gecko.php
1	0	0	2	1	0	29458651	29443458	0	29453654	29443458	0	/wp-content/languages/autoload_classmap.php
1	0	0	1	0	0	29458651	0	0	29458651	0	0	/wp-includes/l10n/class-wp-translation-file-mo-event.php
1	0	0	1	0	0	29458651	0	0	29458651	0	0	/wp-includes/style-engine-session.php
1	0	0	2	0	0	29453526	0	0	29452727	0	0	/admir.php
1	0	0	4	1	0	29470382	29440253	0	29453168	29440253	0	/rh.php
1	0	0	1	0	0	29450592	0	0	29450592	0	0	/app.php
1	0	0	0	1	0	0	29439000	0	0	29439000	0	/wp-includes/theme-compat
1	0	0	3	2	0	29459101	29441519	0	29453168	29440252	0	/z60.php
1	0	0	2	1	0	29463414	29444728	0	29453629	29444728	0	/mpvloi.php
1	0	0	7	5	0	29470379	29446722	0	29449915	29441757	0	/doc.php
1	0	0	0	1	0	0	29439154	0	0	29439154	0	/Tencent/GetGuarantee
1	0	0	5	4	0	29458650	29441757	0	29449915	29439000	0	/wp-content/themes/about.php
1	0	0	1	0	0	29470377	0	0	29470377	0	0	/wp670.php
1	0	0	0	1	0	0	29458651	0	0	29458651	0	/.well-known/acme-challenge/wp-load.php
1	0	0	0	1	0	0	29439154	0	0	29439154	0	/api/submitCard.html
1	0	0	1	0	0	29470377	0	0	29470377	0	0	/index685.php
1	0	0	1	0	0	29459103	0	0	29459103	0	0	/xrp.php
1	0	0	0	1	0	0	29439154	0	0	29439154	0	/api/lot-lot/odds
1	0	0	1	1	0	29449917	29441759	0	29449917	29441759	0	/wp-admin/images/xmrlpc.php?p=
1	0	0	1	0	0	29458650	0	0	29458650	0	0	/assets/script.js.php
1	0	0	0	1	0	0	29439154	0	0	29439154	0	/credit-api/mobile/getCreditInfo
1	0	0	0	2	0	0	29439154	0	0	29439154	0	/api/config
1	0	0	4	0	0	29458652	0	0	29441759	0	0	/wp-includes/images/media/
1	0	0	1	0	0	29458652	0	0	29458652	0	0	/wp-includes/PHPMailer/autoload_classmap.php
1	0	0	2	0	0	29449917	0	0	29441759	0	0	/wp-includes/css/dist/customize-widgets/
1	0	0	1	0	0	29458652	0	0	29458652	0	0	/wordpress/wp-includes/
1	0	0	2	0	0	29458651	0	0	29453654	0	0	/wp-editor.php
1	0	0	5	0	0	29465124	0	0	29441759	0	0	/wp-admin/css/colors/midnight/
1	0	0	1	0	0	29458650	0	0	29458650	0	0	/wp-admin/css/autoload_classmap.php
1	0	0	1	0	0	29465125	0	0	29465125	0	0	/wp-content/themes/cay-van-phong/filemanager.php
1	0	0	0	1	0	0	29439154	0	0	29439154	0	/api/api/site/getInfo.do
1	0	0	1	0	0	29458650	0	0	29458650	0	0	/wp-content/plugins/ioxi/ioxiworm.php
1	0	0	1	0	0	29458652	0	0	29458652	0	0	/about/
1	0	0	1	0	0	29458651	0	0	29458651	0	0	/wp-includes/Text/wp-conflg.php
1	0	0	0	1	0	0	29439154	0	0	29439154	0	/api/UnionChannel.aspx?action=default&isAsyn=1&Fmtoutput=json
1	0	0	2	0	0	29453525	0	0	29452726	0	0	/wcas.php
1	0	0	0	1	0	0	29439154	0	0	29439154	0	/Web/JS/michat.js
1	0	0	0	2	0	0	29439154	0	0	29439154	0	/api/index/index
1	0	0	0	1	0	0	29439154	0	0	29439154	0	/api/luo/goodListb
1	0	0	1	0	0	29458652	0	0	29458652	0	0	/css/file.php
1	0	0	0	1	0	0	29439154	0	0	29439154	0	/images/home_biglist.png
1	0	0	0	1	0	0	29439154	0	0	29439154	0	/img/banner.png
1	0	0	2	0	0	29449917	0	0	29441759	0	0	/wp-content/themes/classic/inc/
1	0	0	1	0	0	29458650	0	0	29458650	0	0	/cgi-bin/install.php
1	0	0	1	0	0	29458651	0	0	29458651	0	0	/wp-includes/IXR/class-IXR-cilent.php
1	0	0	1	1	0	29458651	29447623	0	29458651	29447623	0	/options-writing.php
1	0	0	1	1	0	29449916	29441758	0	29449916	29441758	0	/wp-includes/fonts/admin.php
1	0	0	1	0	0	29465124	0	0	29465124	0	0	/templates/beez5/index.php
1	0	0	1	0	0	29461791	0	0	29461791	0	0	/hdwta.php
1	0	0	1	0	0	29458650	0	0	29458650	0	0	/templates/beez3/bypass.php
1	0	0	6	2	0	29461791	29441523	0	29452726	29440253	0	/gifclass.php
1	0	0	1	0	0	29458651	0	0	29458651	0	0	/update-core.php
1	0	0	11	7	0	29463413	29447794	0	29450592	29438917	0	/bless.php
1	0	0	3	0	0	29470380	0	0	29452727	0	0	/inde.php
1	0	0	0	5	0	0	29468813	0	0	29464849	0	/.git/HEAD
1	0	0	1	0	0	29470376	0	0	29470376	0	0	/jjhf.php
1	0	0	1	0	0	29458652	0	0	29458652	0	0	/admin/tmp/
1	1	0	0	0	29438471	0	0	29438471	0	0	64	/.well-known/acme-challenge/CMRV9M1DVO_U8ORMHU8I1Z8XW4UPNPWF
1	0	0	2	1	0	29453526	29438917	0	29452727	29438917	0	/pp.php
1	0	0	0	1	0	0	29439154	0	0	29439154	0	/js/urlController.js?version=24.6.4.1
1	0	0	2	0	0	29453525	0	0	29452727	0	0	/wp-gr.php
1	0	0	0	1	0	0	29439154	0	0	29439154	0	/apps/index.php/Api/Config/index
1	0	0	1	0	0	29458650	0	0	29458650	0	0	/wp-content/plugins/up/main.php
1	0	0	0	1	0	0	29439154	0	0	29439154	0	/template/mobile_user/ask_list.html
1	0	0	1	0	0	29452006	0	0	29452006	0	0	/wp-includes/css/autoload_classmap.php
1	0	0	1	1	0	29449916	29441758	0	29449916	29441758	0	/wp-persicludys.php
1	0	0	2	1	0	29463412	29444727	0	29453628	29444727	0	/OK.php
1	0	0	4	2	0	29463414	29444728	0	29452726	29439000	0	/num.php
1	1	0	3	0	29440252	29470381	0	29440252	29453168	0	1686	/wp-includes/SimplePie/wp-login.php
1	0	0	4	2	0	29470380	29441758	0	29449916	29440252	0	/randkeyword.php
1	0	0	1	0	0	29458651	0	0	29458651	0	0	/about/install.php
1	0	0	1	1	0	29459100	29438917	0	29459100	29438917	0	/hly.php
1	0	0	1	0	0	29461038	0	0	29461038	0	0	/wp-content/plugins/wp-engine-module/wp-engine.php
1	0	0	1	0	0	29458651	0	0	29458651	0	0	/wp-includes/count.php
1	0	0	1	0	0	29458651	0	0	29458651	0	0	/wp-admin/network/class.php
1	0	0	1	5	0	29449916	29446722	0	29449916	29441758	0	/ot.php
1	0	0	0	1	0	0	29439654	0	0	29439654	0	/theme/default/assets/compoments.js
1	0	0	0	1	0	0	29447623	0	0	29447623	0	/wp-activat.php
1	0	0	1	0	0	29470377	0	0	29470377	0	0	/rest-api.php
1	0	0	0	1	0	0	29439154	0	0	29439154	0	/index/login/getWays
1	0	0	2	1	0	29458651	29441758	0	29449916	29441758	0	/wp-includes/SimplePie/about.php
1	0	0	0	1	0	0	29439154	0	0	29439154	0	/api/config/wallet
1	0	0	1	4	0	29470380	29446722	0	29470380	29442579	0	/file17.php
1	0	0	0	3	0	0	29446722	0	0	29442579	0	/pass.php
1	0	0	2	0	0	29470043	0	0	29469938	0	0	/wp-admin/css/colors/coffee
1	0	0	3	0	0	29453526	0	0	29452727	0	0	/about3.php
1	0	0	0	1	0	0	29439154	0	0	29439154	0	/static/js/main.js
1	0	0	1	0	0	29458652	0	0	29458652	0	0	/css/hekokstyle.php
1	0	0	0	1	0	0	29439788	0	0	29439788	0	/wp-content/uploads/2018/10/best-chrome-extension-368x240.png
1	0	0	1	0	0	29465124	0	0	29465124	0	0	/templates/atomic/index.php
1	0	0	0	1	0	0	29439154	0	0	29439154	0	/getGoogleKey
1	0	0	3	1	0	29458650	29441758	0	29449916	29441758	0	/wp-includes/wp-class.php
1	0	0	4	0	0	29458652	0	0	29441759	0	0	/wp-includes/certificates/
1	0	0	0	1	0	0	29438917	0	0	29438917	0	/admin.phphttps://ronstaxidermy.biz/admin.php
1	0	0	1	0	0	29458651	0	0	29458651	0	0	/wp-includes/class-wp-taxonomy.editor.php
1	0	0	2	2	0	29439176	29439671	0	29439175	29439220	0	/emailsS_store
1	0	0	0	3	0	0	29446722	0	0	29442579	0	/nx.php
1	0	0	3	0	0	29470382	0	0	29453167	0	0	/oo.php
1	0	0	1	1	0	29449915	29441757	0	29449915	29441757	0	/kuki.php
1	0	0	1	0	0	29465124	0	0	29465124	0	0	/anonymous.php
1	1	0	0	0	29438471	0	0	29438471	0	0	64	/.well-known/acme-challenge/A5NHS47LZM33R-P9_0XL_JF-XU3_7INP
1	0	0	10	4	0	29468813	29447598	0	29456816	29438473	0	/.env
1	0	0	0	1	0	0	29439154	0	0	29439154	0	/main/config/getInitData
1	0	0	1	0	0	29461789	0	0	29461789	0	0	/wp-admin/js/upgrade.php
1	0	0	4	0	0	29470382	0	0	29461120	0	0	/xxxx.php
1	0	0	1	0	0	29470382	0	0	29470382	0	0	/ooaiyc.php
1	0	0	1	0	0	29470270	0	0	29470270	0	0	/wp-admin/admin-ajax.php?action=duplicator_download&file=../wp-config.php
1	0	0	0	1	0	0	29438917	0	0	29438917	0	/mpxct.php
1	0	0	0	1	0	0	29446205	0	0	29446205	0	/file12.php
1	0	0	2	0	0	29449917	0	0	29441759	0	0	/wp-includes/css/dist/edit-widgets/
1	0	0	1	0	0	29458652	0	0	29458652	0	0	/wp-includes/js/jcrop/
1	0	0	1	0	0	29459101	0	0	29459101	0	0	/qqq.php
1	1	0	0	0	29438471	0	0	29438471	0	0	64	/.well-known/acme-challenge/VDCPV0IZ0S__P72ZM708H-S_Y476R8HE
1	0	0	1	0	0	29458652	0	0	29458652	0	0	/wp-content/uploads/simple-file-list/
1	0	0	0	1	0	0	29439154	0	0	29439154	0	/c/auth/vCode
1	0	0	4	0	0	29465124	0	0	29441759	0	0	/wp-admin/css/colors/coffee/
1	0	0	2	4	0	29458650	29447794	0	29449915	29441757	0	/dropdown.php
1	0	0	1	0	0	29465125	0	0	29465125	0	0	/wp-mail.php/wp-includes/ID3/rk2.php
1	0	0	1	0	0	29458652	0	0	29458652	0	0	/wp-content/plugins/apikey/
1	0	0	1	0	0	29458651	0	0	29458651	0	0	/wp-includes/blocks/file/wp-style.php
1	0	0	2	0	0	29449917	0	0	29441759	0	0	/shop/
1	0	0	1	0	0	29452007	0	0	29452007	0	0	/.well-known/acme-challenge/
1	0	0	3	3	0	29453383	29441759	0	29449916	29440252	0	/wp-admin/js/wp-conflg.php?p=
1	0	0	1	0	0	29458651	0	0	29458651	0	0	/.well-known/wincust.php
1	0	0	3	0	0	29470382	0	0	29461201	0	0	/bless14.php
1	0	0	1	0	0	29458652	0	0	29458652	0	0	/wp-includes/customize/class-wp-customize-upload-control-cookie.php
1	0	0	2	0	0	29449917	0	0	29441759	0	0	/wp-includes/SimplePie/Content/
1	0	0	1	1	0	29458651	29447623	0	29458651	29447623	0	/file/function.php
1	0	0	1	0	0	29465124	0	0	29465124	0	0	/themes/404/404.php
1	0	0	6	5	0	29458650	29446722	0	29449916	29441759	0	/ahax.php
1	0	0	2	0	0	29453525	0	0	29452727	0	0	/owl.php
1	0	0	1	0	0	29460797	0	0	29460797	0	0	/wp-content/uploads/2023/01/3-4-BSP-Macho-x-50-5mm-Ponteira-O-D-304-Conector-Encaixe-de-Tubula-o.jpg_640x640-300x300.jpg
1	0	0	0	3	0	0	29446722	0	0	29442579	0	/sx21_1.php
1	0	0	5	3	0	29465125	29446205	0	29449915	29441757	0	/default.php
1	0	0	1	0	0	29458651	0	0	29458651	0	0	/wp-admin/css/glex.php
1	0	0	1	0	0	29459103	0	0	29459103	0	0	/fesa.php
1	0	0	0	1	0	0	29439154	0	0	29439154	0	/api/index/room
1	0	0	2	0	0	29449917	0	0	29441759	0	0	/Site/
1	0	0	0	1	0	0	29439154	0	0	29439154	0	/api/ask/jj
1	0	0	1	0	0	29458651	0	0	29458651	0	0	/wp-admin/network/admin-footer.php
1	0	0	5	3	0	29465124	29438674	0	29441759	29438472	0	/cgi-bin/
1	0	0	0	3	0	0	29446722	0	0	29442579	0	/aw.php
1	0	0	2	0	0	29463412	0	0	29453628	0	0	/first.php
1	0	0	1	0	0	29461789	0	0	29461789	0	0	/ua/index_old.php
1	0	0	0	1	0	0	29439000	0	0	29439000	0	/wp-admin/js
1	0	0	2	1	0	29458651	29439000	0	29453169	29439000	0	/wp-includes/index.php
1	0	0	1	0	0	29458651	0	0	29458651	0	0	/wp-includes/l10n/wp-login.php
1	0	0	1	0	0	29458651	0	0	29458651	0	0	/vendor/phpunit/phpunit/src/Util/PHP/bypass.php
1	0	0	1	0	0	29458652	0	0	29458652	0	0	/js/
1	0	0	1	0	0	29458651	0	0	29458651	0	0	/wp-includes/vars-soap.php
1	0	0	6	4	0	29463413	29447794	0	29450592	29440252	0	/click.php
1	0	0	1	0	0	29458650	0	0	29458650	0	0	/wp-content/plugins/pwnd-1/admin.php
1	0	0	1	0	0	29470377	0	0	29470377	0	0	/class629.php
1	0	0	1	0	0	29458652	0	0	29458652	0	0	/wp-includes/class-wp-theme-float.php
1	0	0	2	1	0	29463413	29444728	0	29453629	29444728	0	/321.php
1	0	0	2	3	0	29453525	29446722	0	29452726	29442579	0	/png.php
1	0	0	1	0	0	29458652	0	0	29458652	0	0	/wp-includes/widgets/autoload_classmap.php
1	0	0	1	0	0	29458650	0	0	29458650	0	0	/assets/index.php
1	0	0	1	0	0	29458652	0	0	29458652	0	0	/wp-admin/js/widgets/bless2.php
1	0	0	1	0	0	29458651	0	0	29458651	0	0	/wp-admin/js/admin.php
1	0	0	1	1	0	29458650	29447623	0	29458650	29447623	0	/robots.php
1	0	0	4	1	0	29458651	29441759	0	29449916	29441759	0	/wp-includes/IXR/about.php
1	0	0	2	1	0	29458650	29441758	0	29449916	29441758	0	/wp-content/file.php
1	0	0	0	1	0	0	29447624	0	0	29447624	0	/wp-wso.php
1	0	0	4	1	0	29470044	29444728	0	29453629	29444728	0	/jga.php
1	0	0	1	0	0	29459101	0	0	29459101	0	0	/zozla.php
1	0	0	3	0	0	29458652	0	0	29441759	0	0	/wp-includes/rest-api/
1	0	0	0	1	0	0	29458651	0	0	29458651	0	/.well-known/acme-challenge/atomlib.php
1	0	0	1	0	0	29458652	0	0	29458652	0	0	/media-new.php
1	0	0	0	1	0	0	29446205	0	0	29446205	0	/6.php
1	0	0	1	0	0	29458652	0	0	29458652	0	0	/uploads/function.php
1	0	0	8	6	0	29465124	29447623	0	29449915	29440252	0	/index/function.php
1	0	0	0	1	0	0	29439154	0	0	29439154	0	/User/Reg/
1	0	0	1	0	0	29458650	0	0	29458650	0	0	/wp-includes/xl2023.php
1	0	0	7	3	0	29470381	29444728	0	29449916	29440253	0	/ar.php
1	0	0	1	1	0	29449915	29441757	0	29449915	29441757	0	/mah/function.php?p=
1	0	0	1	0	0	29458651	0	0	29458651	0	0	/plugins/content/apismtp/apismtp.php
1	0	0	0	1	0	0	29440476	0	0	29440476	0	/.s3cfg
1	0	0	0	1	0	0	29439154	0	0	29439154	0	/js/preload/example.txt
1	0	0	1	0	0	29458651	0	0	29458651	0	0	/wsax.php
1	0	0	2	2	0	29459100	29441523	0	29453384	29440253	0	/xaz.php
1	0	0	2	0	0	29465125	0	0	29458650	0	0	/wp-includes/images/media/wp-login.php
1	0	0	1	0	0	29458652	0	0	29458652	0	0	/wp-includes/js/simi.php
1	0	0	0	1	0	0	29439154	0	0	29439154	0	/api.php/index/getKefu
1	0	0	1	3	0	29459103	29446722	0	29459103	29442579	0	/Okxob.php
1	0	0	1	0	0	29458651	0	0	29458651	0	0	/wp-includes/SimplePie/Registry-private.php
1	0	0	1	1	0	29449916	29441758	0	29449916	29441758	0	/bypass-bdkr.php
1	0	0	2	1	0	29453525	29447623	0	29452726	29447623	0	/auth.php
1	0	0	3	0	0	29470380	0	0	29461789	0	0	/out.php
1	0	0	1	0	0	29458651	0	0	29458651	0	0	/assets/info.php
1	0	0	0	1	0	0	29439154	0	0	29439154	0	/m/js/swipe.js
1	0	0	0	1	0	0	29439154	0	0	29439154	0	/jiesuan.html
1	0	0	1	0	0	29458650	0	0	29458650	0	0	/cgi-bin/autoload_classmap.php
1	0	0	1	0	0	29458650	0	0	29458650	0	0	/js/bas.php
1	0	0	1	0	0	29458652	0	0	29458652	0	0	/Admin/uploads/
1	0	0	1	0	0	29458651	0	0	29458651	0	0	/wp-admin/includes/class_api.php
1	0	0	2	0	0	29463412	0	0	29453628	0	0	/wpupex.php
1	0	0	2	1	0	29458650	29443458	0	29453654	29443458	0	/wp-content/bypass.php
1	0	0	2	3	0	29461791	29441523	0	29453384	29438917	0	/file7.php
1	0	0	3	1	0	29470382	29440252	0	29453168	29440252	0	/themes/twentytwentytwo/index.php
1	0	0	0	1	0	0	29439154	0	0	29439154	0	/dist/images/mask/colsed.png
1	0	0	1	0	0	29453167	0	0	29453167	0	0	/mda.php
1	0	0	1	0	0	29458651	0	0	29458651	0	0	/wp-admin/css/colors/blue/wp-atom.php
1	0	0	8	10	0	29463414	29446722	0	29449915	29438917	0	/1.php
1	0	0	3	0	0	29458652	0	0	29441759	0	0	/wp-content/plugins/ioxi/ioxi/
1	0	0	2	0	0	29459102	0	0	29453168	0	0	/vbbn.php
1	0	0	0	3	0	0	29446722	0	0	29442579	0	/nx9.php
1	0	0	0	1	0	0	29439154	0	0	29439154	0	/home/login/login_index.html
1	0	0	2	0	0	29453525	0	0	29452727	0	0	/wp-load.php
1	0	0	0	1	0	0	29443457	0	0	29443457	0	/tmp.php
1	0	0	0	1	0	0	29443458	0	0	29443458	0	/wp-admin/images/atomlib.php
1	0	0	0	1	0	0	29439154	0	0	29439154	0	/static/assets/js/cms.js
1	0	0	3	0	0	29465124	0	0	29454742	0	0	/assets/
1	0	0	1	0	0	29458651	0	0	29458651	0	0	/wp-admin/js/widgets/about.php
1	0	0	1	0	0	29458650	0	0	29458650	0	0	/wp-l0gin.php
1	0	0	0	1	0	0	29443458	0	0	29443458	0	/wp-admin/maint/chosen.php
1	0	0	9	7	0	29470380	29446205	0	29449915	29438917	0	/lv.php
1	0	0	0	1	0	0	29447623	0	0	29447623	0	/mm.php
1	0	0	1	0	0	29453167	0	0	29453167	0	0	/all.php
1	0	0	0	1	0	0	29439154	0	0	29439154	0	/static/splash.png
1	0	0	2	0	0	29449917	0	0	29441759	0	0	/wp-includes/blocks/post-author/
1	0	0	1	0	0	29465125	0	0	29465125	0	0	/upp.php
1	0	0	0	1	0	0	29439154	0	0	29439154	0	/images/irnTokenLogo.png
1	0	0	3	2	0	29453525	29447794	0	29449916	29441758	0	/menu.php
1	0	0	2	0	0	29449917	0	0	29441759	0	0	/wp-includes/css/dist/list-reusable-blocks/
1	0	0	1	0	0	29458650	0	0	29458650	0	0	/wp-content/plugins/wp-theme-editor/include.php
1	0	0	6	1	0	29470380	29440253	0	29453168	29440253	0	/wp-includes/assets/index.php
1	0	0	3	4	0	29470380	29447623	0	29449915	29438917	0	/file2.php
1	0	0	0	1	0	0	29439154	0	0	29439154	0	/static/js/xiaoyewl.js
1	0	0	0	1	0	0	29439154	0	0	29439154	0	/api/home/country/list
1	0	0	1	0	0	29464801	0	0	29464801	0	0	/public/assets/jquery-file-upload/server/php/index.php?file=tf2rghf.jpg
1	0	0	30	16	0	29471205	29448883	0	29450133	29438988	0	/ads.txt
1	0	0	3	1	0	29465125	29441759	0	29449916	29441759	0	/ini.php
1	0	0	1	0	0	29453167	0	0	29453167	0	0	/zsz.php
1	0	0	3	2	0	29459100	29441523	0	29453168	29440252	0	/xv.php
1	0	0	1	0	0	29458652	0	0	29458652	0	0	/js/1.php7
1	0	0	0	1	0	0	29439048	0	0	29439048	0	/dhlshipments.php
1	0	0	1	1	0	29449916	29441757	0	29449916	29441757	0	/wp-includes/chosen.php
1	0	0	1	0	0	29458652	0	0	29458652	0	0	/wp-includes/js/jquery/
1	0	0	1	0	0	29458651	0	0	29458651	0	0	/wp-admin/css/colors/light/about.php
1	0	0	0	1	0	0	29439154	0	0	29439154	0	/upload_json/
1	0	0	0	1	0	0	29439154	0	0	29439154	0	/api/vue/transaction/config
1	0	0	4	0	0	29458651	0	0	29452727	0	0	/wp-content/uploads/index.php
1	0	0	1	0	0	29458651	0	0	29458651	0	0	/wp-includes/assets/install.php
1	0	0	0	1	0	0	29439154	0	0	29439154	0	/index/index/vhash
1	0	0	0	1	0	0	29439154	0	0	29439154	0	/indexl.asp
1	0	0	1	0	0	29458651	0	0	29458651	0	0	/wp-includes/rest-api/1.php
1	0	0	1	0	0	29458651	0	0	29458651	0	0	/wp-includes/images/install.php
1	0	0	0	1	0	0	29439154	0	0	29439154	0	/static/js/conf.js
1	0	0	3	3	0	29459103	29441758	0	29449916	29440253	0	/ova.php
1	0	0	1	0	0	29459102	0	0	29459102	0	0	/mh.php
1	0	0	0	1	0	0	29447623	0	0	29447623	0	/wp-admin/wp-admins.php
1	0	0	1	4	0	29449915	29446722	0	29449915	29441757	0	/akp.php
1	0	0	1	0	0	29470377	0	0	29470377	0	0	/data225.php
1	0	0	0	1	0	0	29447624	0	0	29447624	0	/wp-setting.php
1	0	0	1	0	0	29458651	0	0	29458651	0	0	/wp-admin/css/colors/light/as.php
1	0	0	4	0	0	29470258	0	0	29453234	0	0	/simple-steps-to-delete-gmail-account/?preview_id=651&preview_nonce=e1eb2d6888&post_format=standard&_thumbnail_id=10&preview=true
1	0	0	1	3	0	29458650	29446722	0	29458650	29442579	0	/natural.php
1	0	0	1	1	0	29449915	29441757	0	29449915	29441757	0	/insoamv.php
1	0	0	0	1	0	0	29439154	0	0	29439154	0	/home/user/zs
1	0	0	0	1	0	0	29438473	0	0	29438473	0	/telescope/requests
1	0	0	0	1	0	0	29439154	0	0	29439154	0	/views/bank/bank.html
1	0	0	4	3	0	29463413	29447623	0	29449916	29441759	0	/mar.php
1	0	0	1	0	0	29458652	0	0	29458652	0	0	/wp-content/themes.php
1	0	0	2	2	0	29453384	29441523	0	29453168	29440253	0	/ac.php
1	0	0	2	0	0	29453525	0	0	29452726	0	0	/f6.php
1	0	0	0	2	0	0	29449916	0	0	29441758	0	/.well-known/pki-validation/about.php
1	0	0	1	0	0	29458650	0	0	29458650	0	0	/wp-admin/css/colors/midnight/admin.php
1	0	0	1	0	0	29458650	0	0	29458650	0	0	/wp-includes/certificates/index.php
1	0	0	1	0	0	29458652	0	0	29458652	0	0	/wp-includes/Requests/library/wp-login.php
1	0	0	1	0	0	29453628	0	0	29453628	0	0	/halo.php
1	0	0	1	0	0	29453169	0	0	29453169	0	0	/blurbs18.php
1	0	0	2	0	0	29453525	0	0	29452726	0	0	/himu.php
1	0	0	0	1	0	0	29438473	0	0	29438473	0	/debug/default/view?panel=config
1	0	0	0	1	0	0	29447623	0	0	29447623	0	/composer.php
1	0	0	1	0	0	29470382	0	0	29470382	0	0	/akk.php
1	0	0	0	1	0	0	29439154	0	0	29439154	0	/api/index/logincode
1	0	0	0	1	0	0	29439154	0	0	29439154	0	/uploads/faces/avatar.png
1	0	0	1	0	0	29458652	0	0	29458652	0	0	/network.php
1	0	0	0	1	0	0	29439154	0	0	29439154	0	/common/test
1	0	0	0	1	0	0	29439154	0	0	29439154	0	/api/Index/down
1	0	0	2	1	0	29458650	29441757	0	29449915	29441757	0	/.alf.php
1	0	0	1	0	0	29458650	0	0	29458650	0	0	/wp-content/cache/index.php
1	0	0	0	1	0	0	29439154	0	0	29439154	0	/static/picture/a.png
1	0	0	1	0	0	29461789	0	0	29461789	0	0	/wp-content/themes/seotheme/radio.php
1	0	0	1	1	0	29449916	29441759	0	29449916	29441759	0	/wp-includes/widgets/about.php
1	0	0	1	0	0	29465125	0	0	29465125	0	0	/assets/images/28c5400b0b.php
1	0	0	1	0	0	29458652	0	0	29458652	0	0	/admin/install.php
1	0	0	0	1	0	0	29439154	0	0	29439154	0	/dianjianniu.js
1	0	0	2	0	0	29470381	0	0	29461790	0	0	/f2f.php
1	0	0	1	0	0	29458650	0	0	29458650	0	0	/wp-includes/css/dist/edit-widgets/index.php
1	0	0	1	0	0	29458651	0	0	29458651	0	0	/wp-includes/wp_class_datlib.php
1	0	0	0	1	0	0	29439154	0	0	29439154	0	/phpcms/modules/member/touzi.php
1	0	0	1	0	0	29458652	0	0	29458652	0	0	/wordpress/wp-admin/includes/wordpress/wp-admin/includes/admin-filters.php
1	0	0	1	1	0	29449916	29441758	0	29449916	29441758	0	/db5.php
1	0	0	2	5	0	29459102	29446722	0	29453384	29440253	0	/1aa.php
1	0	0	2	2	0	29470377	29447623	0	29449916	29441758	0	/sts.php
1	0	0	2	1	0	29458652	29441759	0	29449916	29441759	0	/as/function.php
1	0	0	1	0	0	29461791	0	0	29461791	0	0	/1wx.php
1	0	0	1	3	0	29458651	29446722	0	29458651	29442579	0	/wsad.php
1	0	0	0	1	0	0	29439154	0	0	29439154	0	/api/prod/tag/prodTagList
1	0	0	0	1	0	0	29439154	0	0	29439154	0	/api/getagentbyip
1	0	0	6	0	0	29465124	0	0	29441759	0	0	/wp-includes/
1	0	0	1	0	0	29459101	0	0	29459101	0	0	/mmm.php
1	0	0	5	0	0	29465124	0	0	29441759	0	0	/wp-admin/network/
1	0	0	0	3	0	0	29439884	0	0	29439830	0	/storage/blogs/1766297266_1766080843_0a95f6c7-fcd8-4d67-8c3e-8e0aed1cd550.jpg
1	0	0	3	1	0	29470044	29441757	0	29449915	29441757	0	/wp-content/plugins/phpad/as.php
1	1	0	4	2	29441520	29470381	29441758	29441520	29449916	29440252	0	/admin.php?p=
1	0	0	1	1	0	29449916	29441758	0	29449916	29441758	0	/moon.php?p=
1	0	0	0	1	0	0	29443458	0	0	29443458	0	/wp-admin/w.php
1	0	0	2	0	0	29459102	0	0	29453168	0	0	/xz89.php
1	0	0	0	1	0	0	29440478	0	0	29440478	0	/config/*.json
1	0	0	0	1	0	0	29439154	0	0	29439154	0	/Scripts/Chat
1	0	0	1	2	0	29449916	29447623	0	29449916	29441758	0	/admin/admin.php
1	0	0	2	0	0	29453525	0	0	29452726	0	0	/tgrs.php
1	0	0	1	0	0	29458650	0	0	29458650	0	0	/class.api.php
1	0	0	1	0	0	29458652	0	0	29458652	0	0	/wp-content/plugins/wp-freeform/
1	0	0	1	0	0	29450593	0	0	29450593	0	0	/packed.php
1	0	0	6	3	0	29465124	29447623	0	29449915	29439000	0	/mah.php
1	0	0	2	0	0	29470044	0	0	29469939	0	0	/.trash7206/index.php
1	0	0	0	1	0	0	29438473	0	0	29438473	0	/actuator/env
1	0	0	2	0	0	29449917	0	0	29441759	0	0	/wp-includes/Text/Diff/Engine/
1	0	0	1	0	0	29470380	0	0	29470380	0	0	/nov.php
1	0	0	0	1	0	0	29439154	0	0	29439154	0	/api/auth/siteTitle
1	0	0	2	2	0	29453383	29441523	0	29453168	29440252	0	/css/colors/blue/index.php
1	0	0	1	0	0	29458652	0	0	29458652	0	0	/wp-includes/widgets/class-wp-widget-search-interpreter.php
1	0	0	7	5	0	29470379	29447624	0	29452006	29439000	0	/wp.php
1	0	0	1	0	0	29458652	0	0	29458652	0	0	/wp-includes/js/jcrop/about.php
1	0	0	1	1	0	29449915	29441757	0	29449915	29441757	0	/cgi-bin/xmrlpc.php
1	0	0	1	0	0	29459104	0	0	29459104	0	0	/sadis.php
1	0	0	0	1	0	0	29439154	0	0	29439154	0	/mobile/caipiao/game/list/all
1	0	0	1	0	0	29458650	0	0	29458650	0	0	/wp-includes/js/tinymce/skins/lightgray/img/index.php
1	0	0	2	0	0	29464686	0	0	29464686	0	0	/index.htm
1	0	0	1	0	0	29458652	0	0	29458652	0	0	/up/.well-known/
1	0	0	1	1	0	29458650	29447623	0	29458650	29447623	0	/setup.php
1	0	0	4	1	0	29470044	29441758	0	29449916	29441758	0	/wp-admin/includes/about.php
1	0	0	2	1	0	29458650	29441758	0	29449916	29441758	0	/wp-includes/css/about.php
1	0	0	1	0	0	29458652	0	0	29458652	0	0	/assets/js/doc.php
1	0	0	0	1	0	0	29439154	0	0	29439154	0	/api/common/config
1	0	0	1	1	0	29451560	29438473	0	29451560	29438473	0	/.vscode/sftp.json
1	0	0	1	0	0	29458651	0	0	29458651	0	0	/wp-admin/css/colors/sunrise/admin.php
1	0	0	1	0	0	29470377	0	0	29470377	0	0	/bolt.php?p=
1	0	0	2	0	0	29449917	0	0	29441759	0	0	/wp-includes/php-compat/
1	0	0	1	0	0	29458650	0	0	29458650	0	0	/wp-includes/assets/husky301.php
1	0	0	1	1	0	29449916	29441758	0	29449916	29441758	0	/wp-admin/network/wp-Grt3xj.php
1	0	0	2	0	0	29449917	0	0	29441759	0	0	/wp-content/languages/themes/
1	0	0	0	1	0	0	29438472	0	0	29438472	0	/graphql
1	0	0	0	1	0	0	29439154	0	0	29439154	0	/Home/Get/getIndexLunshu
1	0	0	2	0	0	29449917	0	0	29441759	0	0	/index/function.php/img/
1	0	0	0	1	0	0	29439154	0	0	29439154	0	/api/index/webconfig
1	0	0	1	0	0	29470380	0	0	29470380	0	0	/aaaa.php
1	0	0	3	0	0	29458652	0	0	29441759	0	0	/wp-includes/images/
1	0	0	0	1	0	0	29439154	0	0	29439154	0	/static/favicon.ico
1	0	0	1	0	0	29458650	0	0	29458650	0	0	/wp-includes/pomo/about.php
1	0	0	1	0	0	29470376	0	0	29470376	0	0	/d9.php
1	0	0	0	3	0	0	29446722	0	0	29442579	0	/bluejackets.php
1	0	0	1	0	0	29458650	0	0	29458650	0	0	/images/images/about.php
1	0	0	0	1	0	0	29438473	0	0	29438473	0	/v3/api-docs
1	0	0	3	2	0	29459102	29441523	0	29453168	29440253	0	/xb.php
1	0	0	1	3	0	29458650	29446722	0	29458650	29442579	0	/wp-includes/fonts/themes.php
1	0	0	0	1	0	0	29439154	0	0	29439154	0	/static/api/js/conf/define.js
1	0	0	1	0	0	29465125	0	0	29465125	0	0	/wp-mail.php/wp-includes/ID3/.info.php
1	0	0	1	0	0	29458651	0	0	29458651	0	0	/img/about.php
1	0	0	1	0	0	29458650	0	0	29458650	0	0	/wp-includes/js/jquery/bypass.php
1	0	0	2	0	0	29464686	0	0	29464686	0	0	/home.html
1	0	0	1	0	0	29461790	0	0	29461790	0	0	/wp-upload.php
1	0	0	1	0	0	29458651	0	0	29458651	0	0	/wp-content/plugins/fix/bypass.php
1	0	0	0	5	0	0	29440316	0	0	29439166	0	/storage/default.png
1	0	0	2	0	0	29470043	0	0	29469938	0	0	/wp-content/themes/twentytwentyfive/functions.php
1	0	0	1	0	0	29458651	0	0	29458651	0	0	/.well-known/save.php
1	0	0	2	1	0	29465125	29441759	0	29449916	29441759	0	/wp-includes/Text/network.php
1	0	0	0	1	0	0	29439154	0	0	29439154	0	/umd/tinode.prod.js
1	0	0	1	0	0	29458651	0	0	29458651	0	0	/wp-includes/assets/wp-includes/assets/script-loader-packages.min.php
1	0	0	5	2	0	29465124	29447623	0	29449916	29441758	0	/function/function.php
1	0	0	1	0	0	29458650	0	0	29458650	0	0	/wp-content/plugins/ubh/up.php
1	0	0	1	0	0	29458652	0	0	29458652	0	0	/wp-includes/Requests/Text/index.php
1	0	0	4	4	0	29458650	29441758	0	29449916	29438917	0	/wp-admin/about.php
1	0	0	2	1	0	29453526	29438917	0	29452727	29438917	0	/33.php
1	0	0	1	0	0	29458651	0	0	29458651	0	0	/wp-admin/maint/file.php
1	0	0	2	0	0	29470376	0	0	29459103	0	0	/z60.php?p=
1	0	0	1	0	0	29458651	0	0	29458651	0	0	/wp-admin/css/colors/hong1.php
1	0	0	1	0	0	29458650	0	0	29458650	0	0	/wp-content/themes/astra/inc/fm.php
1	0	0	0	3	0	0	29446722	0	0	29442579	0	/d4.php
1	0	0	1	1	0	29449916	29441758	0	29449916	29441758	0	/wp-content/themes/pridmag/ff2.php
1	0	0	3	1	0	29470380	29440253	0	29453384	29440253	0	/ave.php
1	0	0	1	0	0	29459100	0	0	29459100	0	0	/wp-freya.php
1	0	0	2	2	0	29458650	29447624	0	29449915	29441757	0	/wp-content/about.php
1	0	0	9	4	0	29470382	29447623	0	29449915	29438917	0	/atomlib.php
1	0	0	1	0	0	29458652	0	0	29458652	0	0	/blog/wp-includes/
1	1	1	0	0	29438473	0	0	29438473	0	0	699	/?rest_route=/wp/v2/users/
1	0	0	2	1	0	29458650	29441758	0	29449916	29441758	0	/wp-content/plugins/pwnd-1/pwnd.php
1	0	0	1	0	0	29458650	0	0	29458650	0	0	/wp-includes/PHPMailer/admin.php
1	0	0	3	1	0	29463413	29444727	0	29453628	29444727	0	/shop.php
1	0	0	0	1	0	0	29439154	0	0	29439154	0	/chatroomgame
1	0	0	5	1	0	29470380	29440252	0	29452727	29440252	0	/class19.php
1	0	0	5	4	0	29470380	29446722	0	29452727	29440252	0	/class20.php
1	0	0	1	0	0	29458651	0	0	29458651	0	0	/css/av.php
1	0	0	2	1	0	29458651	29441758	0	29449916	29441758	0	/wp-admin/css/colors/blue/about.php
1	0	0	1	0	0	29458652	0	0	29458652	0	0	/wp-content/plugins/erin/
1	0	0	1	2	0	29453383	29441523	0	29453383	29440252	0	/plugins/Cache/footer.php
1	0	0	2	0	0	29453525	0	0	29452726	0	0	/test2.php
1	0	0	1	0	0	29458650	0	0	29458650	0	0	/wp-content/plugins/phpadmin/as.php
1	0	0	1	0	0	29465125	0	0	29465125	0	0	/wp-content/uploads/classwithtostring.php
1	0	0	0	1	0	0	29446205	0	0	29446205	0	/php-info.php
1	0	0	0	1	0	0	29439154	0	0	29439154	0	/prod-api/api/mine/sys/sysConfig
1	0	0	1	0	0	29458650	0	0	29458650	0	0	/wp-includes/click.php
1	0	0	0	1	0	0	29439154	0	0	29439154	0	/static/icons/home-jh.png
1	0	0	2	0	0	29453525	0	0	29452726	0	0	/lib.php
1	0	0	1	0	0	29458652	0	0	29458652	0	0	/entrepreneuse.php
1	0	0	2	1	0	29463414	29444728	0	29453629	29444728	0	/406.php
1	0	0	1	0	0	29458652	0	0	29458652	0	0	/wp-admin/user/file.php
1	0	0	1	0	0	29470380	0	0	29470380	0	0	/ws34.php
1	0	0	2	0	0	29465124	0	0	29454742	0	0	/index.php/feed/atom/
1	0	0	1	0	0	29458652	0	0	29458652	0	0	/wp-content/themes/alera/
1	0	0	3	1	0	29470380	29440252	0	29453168	29440252	0	/wp-admin/network/wp-conflg.php?p=
1	0	0	6	0	0	29465124	0	0	29441759	0	0	/admin/controller/extension/extension/
1	0	0	1	1	0	29458650	29447794	0	29458650	29447794	0	/wp-links.php
1	0	0	0	1	0	0	29439154	0	0	29439154	0	/api/system/systemConfigs/systemConfigForPlatform
1	0	0	3	4	0	29453525	29446722	0	29449916	29441758	0	/z.php
1	0	0	0	5	0	0	29447623	0	0	29442579	0	/php.php
1	0	0	6	2	0	29470381	29440253	0	29452006	29439000	0	/wp-content/plugins/admin.php
1	0	0	0	1	0	0	29439154	0	0	29439154	0	/service?action=GetAllGamesInfo
1	0	0	2	0	0	29453526	0	0	29452727	0	0	/an7.php
1	0	0	1	0	0	29458650	0	0	29458650	0	0	/wp-includes/Requests/src/Exception/Http/about.php
1	0	0	2	0	0	29449917	0	0	29441759	0	0	/wp-includes/rest-api/endpoints/
1	0	0	1	0	0	29458650	0	0	29458650	0	0	/wp-includes/IXR/security.php
1	0	0	0	1	0	0	29439154	0	0	29439154	0	/api/mobileweb/error?code=1
1	0	0	0	1	0	0	29439154	0	0	29439154	0	/js/nsc_m/res.js
1	0	0	0	1	0	0	29443458	0	0	29443458	0	/vendor/composer/about.php
1	0	0	0	1	0	0	29439154	0	0	29439154	0	/v1/management/tenant/getTenantConfig
1	0	0	5	0	0	29470380	0	0	29453168	0	0	/ws28.php
1	0	0	2	0	0	29458650	0	0	29453654	0	0	/wp-includes/Text/Diff/Renderer/index.php
1	0	0	1	0	0	29458650	0	0	29458650	0	0	/wp-content/plugins/hello.php
1	0	0	2	0	0	29453526	0	0	29452727	0	0	/666.php
1	0	0	1	0	0	29458652	0	0	29458652	0	0	/css/install.php
1	0	0	0	1	0	0	29439154	0	0	29439154	0	/img/background.ed05d5bd.svg
1	0	0	1	0	0	29458652	0	0	29458652	0	0	/wp-content/themes/tflow/adminfus.php
1	0	0	0	1	0	0	29439000	0	0	29439000	0	/wp-includes/rest-api
1	0	0	1	0	0	29459101	0	0	29459101	0	0	/kcs.php
1	0	0	2	0	0	29449917	0	0	29441759	0	0	/wp-includes/rest-api/fields/
1	0	0	1	1	0	29449916	29441758	0	29449916	29441758	0	/u.php
1	0	0	1	0	0	29465125	0	0	29465125	0	0	/th/plugins/phpThumb/404.php
1	0	0	5	0	0	29470044	0	0	29452727	0	0	/wp-links-opml.php
1	0	0	1	0	0	29458651	0	0	29458651	0	0	/wp-includes/PHPMailer/purna.php
1	0	0	0	1	0	0	29439154	0	0	29439154	0	/setting/global
1	0	0	2	1	0	29458650	29441758	0	29449916	29441758	0	/wp-admin/css/colors/ectoplasm/about.php
1	0	0	1	0	0	29465124	0	0	29465124	0	0	/wp-content/themes/aahana/json.php
1	0	0	0	1	0	0	29439154	0	0	29439154	0	/index.js
1	0	0	1	0	0	29458652	0	0	29458652	0	0	/js/db.php
1	0	0	1	0	0	29458650	0	0	29458650	0	0	/wp-content/themes/twentytwentytwo/index.php
1	0	0	1	1	0	29453654	29443458	0	29453654	29443458	0	/wp-content/inputs.php
1	0	0	1	1	0	29449916	29441758	0	29449916	29441758	0	/wp-includes/css/dist/niil.php
1	0	0	0	1	0	0	29439154	0	0	29439154	0	/qq/verify
1	0	0	0	1	0	0	29439154	0	0	29439154	0	/api/index/indexconfig
1	0	0	3	0	0	29470044	0	0	29458650	0	0	/cgi-bin/index.php
1	0	0	0	1	0	0	29439154	0	0	29439154	0	/app/get_shares_index
1	0	0	3	0	0	29470380	0	0	29452727	0	0	/cccc.php
1	0	0	1	0	0	29464330	0	0	29464330	0	0	/blog/view/41/the-complete-guide-to-power-banks-2026
1	0	0	1	0	0	29458652	0	0	29458652	0	0	/wp-includes/ID3/shell.php
1	0	0	1	0	0	29461789	0	0	29461789	0	0	/assets/images/hehe.php
1	0	0	1	0	0	29458651	0	0	29458651	0	0	/wp-includes/firewall.php7
1	0	0	0	1	0	0	29439154	0	0	29439154	0	/pczs/js/trendChart.js
1	0	0	2	1	0	29453526	29438917	0	29452727	29438917	0	/wfile.php
1	0	0	2	1	0	29470044	29448466	0	29469939	29448466	0	/admin/controller/extension/extension
1	0	0	0	1	0	0	29439154	0	0	29439154	0	/aiz-uploader/get_uploaded_files
1	0	0	0	1	0	0	29441729	0	0	29441729	0	/user/login
1	0	0	2	0	0	29453525	0	0	29452726	0	0	/p.php
1	0	0	1	0	0	29458651	0	0	29458651	0	0	/wp-content/plugins/atomlib.php
1	0	0	1	0	0	29458650	0	0	29458650	0	0	/wp-header.php
1	0	0	1	0	0	29458651	0	0	29458651	0	0	/wp-admin/includes/class-core-upgrader-first.php
1	0	0	2	0	0	29449917	0	0	29441759	0	0	/local/
1	0	0	0	1	0	0	29439154	0	0	29439154	0	/Home/Jiekou/ajaxLatest1?pid=
1	0	0	2	1	0	29463413	29444728	0	29453628	29444728	0	/11.php
1	0	0	0	1	0	0	29448466	0	0	29448466	0	/.well-known
1	0	0	1	0	0	29458651	0	0	29458651	0	0	/wp-header.php 
1	0	0	1	2	0	29449916	29447623	0	29449916	29441758	0	/gel4y.php
1	10	0	0	2	29439612	0	29442724	29439166	0	29439884	5437980	/storage/blogs/1766258970_hero_section.png
1	0	0	0	1	0	0	29439154	0	0	29439154	0	/welive.js
1	0	0	1	0	0	29459103	0	0	29459103	0	0	/xpass.php
1	0	0	0	1	0	0	29439154	0	0	29439154	0	/user/regok.php?orderid=123123
1	0	0	1	0	0	29458651	0	0	29458651	0	0	/wp-includes/widgets/class-wp-nav-widgets.php
1	0	0	0	1	0	0	29438473	0	0	29438473	0	/swagger/v1/swagger.json
1	0	0	1	1	0	29449915	29441757	0	29449915	29441757	0	/install.php7
1	0	0	4	0	0	29463942	0	0	29462870	0	0	/file-manager/fm-button
1	0	0	1	0	0	29458652	0	0	29458652	0	0	/wp-includes/widgets/wp-style.php
1	0	0	1	0	0	29458650	0	0	29458650	0	0	/wp-includes/Requests/index.php
1	0	0	9	8	0	29463414	29446722	0	29449915	29439000	0	/k.php
1	0	0	0	2	0	0	29440479	0	0	29439048	0	/wp-config.php
1	0	0	2	0	0	29459101	0	0	29453168	0	0	/fz.php
1	0	0	1	0	0	29470377	0	0	29470377	0	0	/TPR9lLbsVBS.php
1	0	0	3	1	0	29470382	29440253	0	29453383	29440253	0	/520.php
1	0	0	4	0	0	29458652	0	0	29441759	0	0	/wp-content/languages/
1	0	0	1	0	0	29458651	0	0	29458651	0	0	/wp-content/plugins/wp-login.php
1	0	0	0	1	0	0	29439154	0	0	29439154	0	/assets/js/daik/hm.js
1	0	0	1	1	0	29469679	29438473	0	29469679	29438473	0	/config.json
1	0	0	1	0	0	29458651	0	0	29458651	0	0	/wp-admin/js/widgets/doc.php
1	0	0	0	1	0	0	29439154	0	0	29439154	0	/api/index/userdded.html?name=-1&man_num=-1
1	0	0	13	6	0	29470380	29447623	0	29449915	29438473	0	/info.php
1	0	0	1	0	0	29458652	0	0	29458652	0	0	/modules/mod_simplefileuploadv1.3/elements/
1	0	0	1	0	0	29458651	0	0	29458651	0	0	/libraries/phpmailer/updates.php
1	0	0	3	0	0	29465124	0	0	29454742	0	0	/update/gely.php
1	0	0	2	0	0	29453525	0	0	29452726	0	0	/static/as.php
1	0	0	2	1	0	29463413	29444727	0	29453628	29444727	0	/cart.php
1	0	0	1	0	0	29458652	0	0	29458652	0	0	/wp-content/alam.php
1	0	0	7	5	0	29470380	29447794	0	29449916	29440253	0	/f35.php
1	0	0	0	1	0	0	29439154	0	0	29439154	0	/api/product/list/index
1	0	0	1	0	0	29458651	0	0	29458651	0	0	/.well-known/header.php
1	0	0	2	1	0	29463412	29444727	0	29453628	29444727	0	/rz.php
1	0	0	1	0	0	29458652	0	0	29458652	0	0	/wp-content/plugins/elementor/
1	9	0	1	0	29448289	29461871	0	29439176	29461871	0	27781	/login
1	1	0	0	0	29439180	0	0	29439180	0	0	6427	/manage_blogs
1	0	0	1	0	0	29458651	0	0	29458651	0	0	/wp-content/mu-plugins/admin.php
1	0	0	2	0	0	29465125	0	0	29458650	0	0	/wp-includes/block-supports/autoload_classmap.php
1	0	0	1	0	0	29458652	0	0	29458652	0	0	/images/fix.php7
1	0	0	0	1	0	0	29439154	0	0	29439154	0	/1.jpg
1	0	0	1	0	0	29458651	0	0	29458651	0	0	/wp-includes/id3/wp-work.php
1	0	0	3	3	0	29458650	29447623	0	29449915	29441757	0	/function.php
1	0	0	0	1	0	0	29439154	0	0	29439154	0	/__error_/static/_errorPageModule.js
1	0	0	3	2	0	29463413	29444727	0	29449916	29441758	0	/f.php
1	0	0	1	0	0	29458650	0	0	29458650	0	0	/wp-includes/images/media/index.php
1	0	0	3	2	0	29458650	29446205	0	29449916	29441759	0	/config.php
1	0	0	1	0	0	29458652	0	0	29458652	0	0	/backup/autoload_classmap.php
1	0	0	0	1	0	0	29438473	0	0	29438473	0	/server
1	0	0	0	2	0	0	29438472	0	0	29438472	0	/_next
1	0	0	1	0	0	29458651	0	0	29458651	0	0	/wp-admin/css/colors/ocean/wp-login.php
1	0	0	1	0	0	29462441	0	0	29462441	0	0	/wp-json/wp/v2/users
1	0	0	1	0	0	29458652	0	0	29458652	0	0	/wp-includes/blocks/query/
1	0	0	1	0	0	29465124	0	0	29465124	0	0	/wp-content/themes/hideo/network.php
1	0	0	1	0	0	29458650	0	0	29458650	0	0	/wp-content/plugins/elementor/wp-wjvngrh.php
1	0	0	0	1	0	0	29440479	0	0	29440479	0	/wp-config.old
1	0	0	2	0	0	29449917	0	0	29441759	0	0	/wp-includes/blocks/loginout/
1	0	0	1	0	0	29458651	0	0	29458651	0	0	/wp-includes/SimplePie/Parse/about.php
1	0	0	1	1	0	29449916	29441759	0	29449916	29441759	0	/wp-admin/users.php
1	0	0	1	0	0	29458651	0	0	29458651	0	0	/wp-content/plugins/pwnd/admin-footer.php
1	0	0	1	0	0	29458652	0	0	29458652	0	0	/images/c99.php
1	0	0	0	1	0	0	29440477	0	0	29440477	0	/docker-compose.prod.yml
1	0	0	1	0	0	29458652	0	0	29458652	0	0	/wp-includes/class-wp-error-module.php
1	0	0	0	1	0	0	29439154	0	0	29439154	0	/admin/login/look.html?id=1
1	0	0	5	1	0	29470380	29440253	0	29453168	29440253	0	/file48.php
1	0	0	6	4	0	29463413	29447794	0	29449916	29438917	0	/a.php
1	1	0	0	0	29439179	0	0	29439179	0	0	6287	/Comments
1	0	0	1	0	0	29469169	0	0	29469169	0	0	http://techblogs.site/whatsapp-status-video-download-trick-without-any-app/
1	0	0	0	1	0	0	29439154	0	0	29439154	0	/tpd.php?qq=1
1	0	0	6	5	0	29461791	29447623	0	29449916	29439000	0	/gg.php
1	0	0	1	0	0	29458652	0	0	29458652	0	0	/wp-content/plugins/core-plugin/waf_defender.php
1	0	0	1	0	0	29458651	0	0	29458651	0	0	/wp-content/uploads/system_cache.php
1	0	0	2	2	0	29459101	29441523	0	29453384	29440253	0	/up4.php
1	0	0	2	0	0	29459102	0	0	29453168	0	0	/sang.php
1	0	0	0	1	0	0	29458651	0	0	29458651	0	/.well-known/pki-validation/kur.php
1	0	0	1	0	0	29458652	0	0	29458652	0	0	/wp-includes/class-wp-taxonomy-sample.php
1	0	0	1	0	0	29458651	0	0	29458651	0	0	/baxa1.php7
1	0	0	2	2	0	29458650	29441759	0	29449916	29441758	0	/wp-admin/images/admin.php
1	0	0	1	1	0	29449916	29441758	0	29449916	29441758	0	/edit.php?p=
1	0	0	1	0	0	29458650	0	0	29458650	0	0	/wp-includes/js/tinymce/skins/lightgray/img/wp-login.php
1	0	0	0	1	0	0	29439154	0	0	29439154	0	/mall/toget/banner
1	0	0	0	1	0	0	29439154	0	0	29439154	0	/chaxun.html
1	0	0	2	0	0	29449917	0	0	29441759	0	0	/assets/css/
1	0	0	2	1	0	29463412	29444727	0	29453628	29444727	0	/anjay.php
1	0	0	1	0	0	29458652	0	0	29458652	0	0	/wp-includes/block-bindings/admin.php
1	0	0	6	0	0	29465124	0	0	29441759	0	0	/.well-known/
1	0	0	1	0	0	29458650	0	0	29458650	0	0	/wp-includes/widgets/wp-login.php
1	0	0	1	0	0	29458650	0	0	29458650	0	0	/wp-admin/css/colors/ocean/about.php
1	0	0	1	0	0	29458652	0	0	29458652	0	0	/wp-content/plugins/rencontre/inc/photo_import/
1	0	0	0	1	0	0	29439154	0	0	29439154	0	/api/index/kinits
1	0	0	0	3	0	0	29446722	0	0	29442579	0	/just2.php
1	0	0	0	1	0	0	29442343	0	0	29442343	0	/wp-content/uploads/2018/05/techblogs.ste-facebook.jpg
1	0	0	1	0	0	29459102	0	0	29459102	0	0	/cafe.php
1	0	0	1	0	0	29458651	0	0	29458651	0	0	/chosen.php 
1	0	0	0	1	0	0	29439154	0	0	29439154	0	/static_jt/css/style.css
1	0	0	0	2	0	0	29442226	0	0	29439166	0	/{{ asset('storage/default.png') }}
1	0	0	2	0	0	29465124	0	0	29454742	0	0	/adminfuns.php/.well-known/acme-challenge/file.php
1	0	0	1	0	0	29458650	0	0	29458650	0	0	/wp-content/plugins/bypass.php
1	0	0	2	0	0	29458652	0	0	29441759	0	0	/wp-admin/css/colors/ectoplasm/
1	0	0	1	0	0	29458652	0	0	29458652	0	0	/wp-content/themes/twentytwentytwo/bypass.php
1	2	0	0	0	29439154	0	0	29439154	0	0	15622	/index.php?r=home/list
1	0	0	0	1	0	0	29439154	0	0	29439154	0	/ws/index/weblogo/app
1	0	0	0	1	0	0	29438473	0	0	29438473	0	/v2/api-docs
1	0	0	2	0	0	29470043	0	0	29469938	0	0	/wp-content/upgrade
1	0	0	2	1	0	29458651	29441758	0	29449916	29441758	0	/wp-content/plugins/pwnd/1.php
1	0	0	0	1	0	0	29439154	0	0	29439154	0	/user/ajax_tm?ac=signPrice
1	0	0	0	1	0	0	29438472	0	0	29438472	0	/api/gql
1	0	0	1	0	0	29458651	0	0	29458651	0	0	/wp-includes/l10n/class-wp-widddget-pages.php
1	0	0	1	0	0	29458652	0	0	29458652	0	0	/wp-includes/SimplePie/
1	0	0	1	1	0	29449916	29441759	0	29449916	29441759	0	/man.php7
1	0	0	1	0	0	29458651	0	0	29458651	0	0	/js/firewall.php7
1	0	0	1	0	0	29458652	0	0	29458652	0	0	/wp-admin/css/colors/blue/alfa.php
1	0	0	1	0	0	29458650	0	0	29458650	0	0	/wp-includes/theme-compat/about.php
1	0	0	0	1	0	0	29439154	0	0	29439154	0	/index/okx/market/type/1
1	0	0	0	1	0	0	29438472	0	0	29438472	0	/swagger.json
1	0	0	1	0	0	29458650	0	0	29458650	0	0	/cgi-bin/bypass.php
1	0	0	1	0	0	29458651	0	0	29458651	0	0	/wp-content/plugins/fix/as.php
1	0	0	0	1	0	0	29438473	0	0	29438473	0	/api-docs/swagger.json
1	0	0	0	1	0	0	29439154	0	0	29439154	0	/api/v1/tea/investment-project/list
1	0	0	6	2	0	29470381	29440252	0	29452727	29438917	0	/222.php
1	0	0	0	1	0	0	29439154	0	0	29439154	0	/miningpool/index
1	0	0	1	0	0	29458652	0	0	29458652	0	0	/wp-content/plugins/pwnd-1/install.php
1	0	0	0	2	0	0	29439154	0	0	29439154	0	/api/baseConfig
1	0	0	1	1	0	29449916	29441758	0	29449916	29441758	0	/ff.php
1	0	0	1	0	0	29458651	0	0	29458651	0	0	/wp-includes/images/autoload_classmap.php
1	0	0	1	2	0	29453383	29441523	0	29453383	29440252	0	/images/m.php
1	0	0	0	1	0	0	29439154	0	0	29439154	0	/prod-api/app/custServerInfo
1	0	0	1	0	0	29458650	0	0	29458650	0	0	/wp-includes/classwithtostring.php
1	0	0	1	0	0	29470377	0	0	29470377	0	0	/acxx.php
1	10	0	0	0	29440515	0	0	29439122	0	0	118401	/Contect-us
1	0	0	0	1	0	0	29439154	0	0	29439154	0	/Public/home/common/js/index.js
1	0	0	1	1	0	29458650	29447623	0	29458650	29447623	0	/images/admin.php
1	0	0	1	0	0	29458651	0	0	29458651	0	0	/wp-includes/images/smilies/admin.php
1	1	0	0	0	29439154	0	0	29439154	0	0	7811	/index.php?act=api&aid=1
1	0	0	2	0	0	29453525	0	0	29452726	0	0	/jmfi2.php
1	0	0	1	0	0	29458651	0	0	29458651	0	0	/images/waf_defender.php
1	0	0	10	6	0	29470380	29447794	0	29449915	29440252	0	/cong.php
1	0	0	1	0	0	29465124	0	0	29465124	0	0	/cpbrute.php
1	0	0	3	0	0	29470380	0	0	29452727	0	0	/file32.php
1	0	0	1	0	0	29458650	0	0	29458650	0	0	/wp-includes/html-api/chosen.php
1	0	0	0	1	0	0	29439154	0	0	29439154	0	/h5/img/red_up.png
1	0	0	0	1	0	0	29439000	0	0	29439000	0	/wp-content/uploads/2025
1	0	0	3	0	0	29458650	0	0	29452726	0	0	/update/f35.php
1	0	0	2	0	0	29449917	0	0	29441759	0	0	/wp-includes/sodium_compat/src/Core32/Poly1305/
1	0	0	2	0	0	29449917	0	0	29441759	0	0	/wp-includes/sodium_compat/src/
1	0	0	0	1	0	0	29439154	0	0	29439154	0	/getIndex
1	0	0	0	1	0	0	29446940	0	0	29446940	0	/cmd_sco
1	0	0	1	0	0	29458652	0	0	29458652	0	0	/wp-includes/plugin.php
1	0	0	1	0	0	29458652	0	0	29458652	0	0	/includes/
1	0	0	1	0	0	29450592	0	0	29450592	0	0	/96i.php
1	0	0	7	0	0	29465124	0	0	29441759	0	0	/wp-content/uploads/
1	0	0	4	1	0	29470043	29441758	0	29449916	29441758	0	/wp-admin/css/colors/blue/atomlib.php
1	0	0	1	1	0	29449916	29441758	0	29449916	29441758	0	/root.php
1	0	0	0	1	0	0	29447794	0	0	29447794	0	/class-envato-market-github.php
1	0	0	1	0	0	29461790	0	0	29461790	0	0	/wp-content/plugins/wp-help/mini.php
1	0	0	1	0	0	29458651	0	0	29458651	0	0	/wp-content/themes/pridmag/bypass.php
1	0	0	0	1	0	0	29440476	0	0	29440476	0	/serverless.yml
1	0	0	2	0	0	29459102	0	0	29453169	0	0	/wakak.php
1	2	0	0	0	29439681	0	0	29439231	0	0	15372	/Services
1	0	0	1	2	0	29453268	29440856	0	29453268	29439292	0	/wp-admin/txets.php
1	0	0	1	0	0	29455563	0	0	29455563	0	0	http://techblogs.site/vps-virtual-position-system-vs-gps-visual-positioning-service/
1	0	0	1	0	0	29459101	0	0	29459101	0	0	/efsd.php
1	0	0	6	4	0	29470044	29444727	0	29453628	29439154	0	/api.php
1	0	0	1	0	0	29458651	0	0	29458651	0	0	/wp-content/plugins/pwnd/sst.php
1	0	0	1	0	0	29463412	0	0	29463412	0	0	/windex.php
1	0	0	1	0	0	29458651	0	0	29458651	0	0	/saka.phP7
1	0	0	0	1	0	0	29439154	0	0	29439154	0	/images/adminlo.png
1	0	0	3	1	0	29453525	29441757	0	29449915	29441757	0	/r4f_1.php
1	0	0	2	1	0	29463412	29444727	0	29453628	29444727	0	/admin1.php
1	0	0	2	1	0	29458650	29441759	0	29449916	29441759	0	/wp-content/plugins/seoplugins/db.php?u
1	0	0	0	1	0	0	29443458	0	0	29443458	0	/wp-admin/js/chosen.php
1	0	0	1	0	0	29458651	0	0	29458651	0	0	/wp-content/themes/twentytwentyfour/about.php
1	0	0	1	2	0	29453268	29440856	0	29453268	29439292	0	/wp-content/txets.php
1	0	0	0	1	0	0	29448466	0	0	29448466	0	/uploads
1	0	0	2	1	0	29464686	29439154	0	29464686	29439154	0	/index
1	0	0	3	0	0	29470043	0	0	29450593	0	0	/ee.php
1	0	0	2	0	0	29470382	0	0	29453167	0	0	/classgoto24.php
1	0	0	1	0	0	29458651	0	0	29458651	0	0	/wp-admin/css/colors/coffee/cloud.php
1	0	0	0	1	0	0	29439154	0	0	29439154	0	/res/dou/login.css
1	0	0	0	7	0	0	29470382	0	0	29440252	0	/.well-known/acme-challenge/index.php
1	0	0	0	1	0	0	29439154	0	0	29439154	0	/api/index/getArticle
1	0	0	2	1	0	29458650	29441757	0	29449915	29441757	0	/hehehehe.php
1	0	0	0	1	0	0	29439154	0	0	29439154	0	/api/v1/token
1	0	0	1	0	0	29458651	0	0	29458651	0	0	/wp-includes/install.php
1	0	0	3	1	0	29465125	29441758	0	29449916	29441758	0	/wp-admin/network/about.php
1	0	0	1	0	0	29458650	0	0	29458650	0	0	/Marvins.php
1	0	0	3	4	0	29470382	29446722	0	29453384	29440253	0	/pop.php
1	0	0	4	1	0	29463412	29444727	0	29453168	29444727	0	/pn.php
1	0	0	1	0	0	29454056	0	0	29454056	0	0	/robots.txt?37.19.223.115
1	0	0	0	1	0	0	29438472	0	0	29438472	0	/api
1	0	0	2	0	0	29459102	0	0	29453169	0	0	/waq.php
1	0	0	1	0	0	29458651	0	0	29458651	0	0	/wp-includes/assets/script-loader-react-refresh-runtime.min-soap.php
1	0	0	0	1	0	0	29439154	0	0	29439154	0	/computer/articleContent
1	0	0	2	1	0	29453525	29438917	0	29452727	29438917	0	/file21.php
1	0	0	2	0	0	29449917	0	0	29441759	0	0	/wp-includes/blocks/site-logo/
1	0	0	1	0	0	29465124	0	0	29465124	0	0	/wp-content/plugins/yyobang/mar.php
1	0	0	0	1	0	0	29447623	0	0	29447623	0	/13k.php
1	0	0	1	0	0	29458651	0	0	29458651	0	0	/wp-admin/1.php
1	0	0	0	1	0	0	29439154	0	0	29439154	0	/php/app.php?widget-iframe-content
1	0	0	6	0	0	29465124	0	0	29441759	0	0	/wp-admin/js/
1	0	0	1	0	0	29458652	0	0	29458652	0	0	/plugins/jquery.filer/uploads/
1	0	0	84	6	0	29470150	29439807	0	29440112	29438532	0	/contato/
1	0	0	5	0	0	29465124	0	0	29441759	0	0	/wp-content/plugins/
1	0	0	1	0	0	29458650	0	0	29458650	0	0	/.well-known/wp-conflg.php
1	0	0	1	0	0	29458651	0	0	29458651	0	0	/.well-known/info.php
1	0	0	0	1	0	0	29439154	0	0	29439154	0	/static/icon/i1.png
1	0	0	1	0	0	29453168	0	0	29453168	0	0	/berlin.php
1	0	0	1	0	0	29458650	0	0	29458650	0	0	/webdb.php
1	0	0	1	0	0	29458650	0	0	29458650	0	0	/wp-includes/pomo/autoload_classmap.php
1	0	0	0	1	0	0	29439154	0	0	29439154	0	/Public/Wchat/js/cvphp.js
1	0	0	1	0	0	29458651	0	0	29458651	0	0	/worm.PhP
1	0	0	3	4	0	29453525	29446722	0	29449916	29441758	0	/v3.php
1	0	0	4	1	0	29470380	29440253	0	29453168	29440253	0	/galex.php
1	0	0	1	1	0	29449916	29441759	0	29449916	29441759	0	/golden.php
1	0	0	1	0	0	29458652	0	0	29458652	0	0	/wp-content/plugins/core-stab/
1	0	0	1	0	0	29465125	0	0	29465125	0	0	/wp-includes/block-patterns/vuln.php
1	0	0	3	0	0	29458652	0	0	29441759	0	0	/components/
1	0	0	1	0	0	29458522	0	0	29458522	0	0	/wp-content/plugins/easy-wp-smtp/
1	0	0	2	0	0	29449917	0	0	29441759	0	0	/template/
1	0	0	1	0	0	29470377	0	0	29470377	0	0	/data532.php
1	0	0	0	1	0	0	29439154	0	0	29439154	0	/img/bg03.9bf50d2e.png
1	0	0	1	0	0	29458650	0	0	29458650	0	0	/wp-content/themes/index.php
1	0	0	0	3	0	0	29447623	0	0	29439000	0	/wp-admin
1	0	0	0	2	0	0	29446205	0	0	29438917	0	/file15.php
1	0	0	1	0	0	29458651	0	0	29458651	0	0	/wp-includes/class-wp-customize-manager-interpreter.php
1	0	0	1	0	0	29458652	0	0	29458652	0	0	/templates/atomic/
1	0	0	1	0	0	29458652	0	0	29458652	0	0	/wp-admin/user/
1	0	0	2	0	0	29453525	0	0	29452727	0	0	/mds.php
1	0	0	2	2	0	29458650	29447794	0	29449916	29441757	0	/wp-signup.php
1	0	0	1	0	0	29458651	0	0	29458651	0	0	/wp-content/themes/bltm/wp-login.php
1	1	0	4	0	29440252	29470380	0	29440252	29453168	0	1686	/wp-includes/images/wp-login.php
1	0	0	1	0	0	29458652	0	0	29458652	0	0	/top.php
1	0	0	1	0	0	29458652	0	0	29458652	0	0	/wp-content/plugins/pwnd/autoload_classmap.php
1	0	0	3	3	0	29453383	29441757	0	29449915	29440252	0	/autoload_classmap.php?p=
1	0	0	1	0	0	29470382	0	0	29470382	0	0	/1100.php
1	0	0	1	0	0	29461789	0	0	29461789	0	0	/assets/uploads/alfacgiapi/404.php
1	0	0	4	4	0	29470377	29447623	0	29449915	29439000	0	/edit.php
1	0	0	1	1	0	29449916	29441758	0	29449916	29441758	0	/wp-admin/images/Mhbgf.php
1	0	0	2	0	0	29464686	0	0	29464686	0	0	/home.php
1	0	0	0	1	0	0	29438472	0	0	29438472	0	/swagger/
1	0	0	1	0	0	29458651	0	0	29458651	0	0	/wp-includes/class-phpmailer-beta.php
1	0	0	1	0	0	29458651	0	0	29458651	0	0	/modules/mod_simplefileuploadv1.3/elements/admin-footer.php
1	0	0	1	1	0	29449916	29441759	0	29449916	29441759	0	/wp-content/ff2.php
1	0	0	1	0	0	29458651	0	0	29458651	0	0	/plugin-install.php
1	0	0	1	0	0	29458651	0	0	29458651	0	0	/wp-content/upgrade/cc.php
1	0	0	2	1	0	29463412	29444727	0	29453628	29444727	0	/hugo.php
1	0	0	1	0	0	29458651	0	0	29458651	0	0	/ar/wp-content/themes/pridmag/db.php?u
1	0	0	0	1	0	0	29439154	0	0	29439154	0	/api/common/type/defi_activity_type
1	0	0	1	0	0	29458652	0	0	29458652	0	0	/wp-content/plugins/wpeazvp/
1	0	0	0	3	0	0	29446722	0	0	29442579	0	/dlex.php
1	0	0	4	1	0	29470380	29440253	0	29453168	29440253	0	/az.php
1	0	0	1	0	0	29458652	0	0	29458652	0	0	/wp-includes/file.php
1	0	0	3	0	0	29458652	0	0	29441759	0	0	/admin/uploads/
1	0	0	2	0	0	29449917	0	0	29441759	0	0	/php/
1	0	0	1	0	0	29458652	0	0	29458652	0	0	/wp-includes/css/dist/about.php
1	0	0	0	1	0	0	29439154	0	0	29439154	0	/mobile/film/images/userphone.jpg
1	0	0	2	0	0	29449917	0	0	29441759	0	0	/wp-includes/js/swfupload/
1	0	0	0	2	0	0	29439654	0	0	29439654	0	/user/umi.min.js
1	0	0	1	0	0	29458650	0	0	29458650	0	0	/wp-content/uploads/file.php
1	0	0	1	0	0	29458652	0	0	29458652	0	0	/assets/comfunctions.php
1	0	0	2	0	0	29470044	0	0	29469939	0	0	/wp-includes/images/media
1	0	0	0	1	0	0	29439154	0	0	29439154	0	/js/demo.js
1	0	0	3	0	0	29459102	0	0	29452727	0	0	/sko.php
1	0	0	1	2	0	29453383	29441523	0	29453383	29440252	0	/wp-admin/network/plugins.php
1	0	0	1	0	0	29458651	0	0	29458651	0	0	/wp-admin/css/colors/install.php
1	0	0	0	1	0	0	29439154	0	0	29439154	0	/post.asp
1	0	0	1	1	0	29449916	29441759	0	29449916	29441759	0	/wp-includes/pomo/wp-conflg.php
1	0	0	3	2	0	29453654	29443457	0	29449915	29441757	0	/defaults.php
1	0	0	6	3	0	29463412	29447623	0	29449916	29441758	0	/cc.php
1	0	0	3	2	0	29458651	29441759	0	29449916	29441758	0	/nf_tracking.php
1	0	0	1	0	0	29459103	0	0	29459103	0	0	/thxt.php
1	0	0	1	0	0	29458651	0	0	29458651	0	0	/wp-content/uploads/anas.php
1	0	0	0	1	0	0	29439154	0	0	29439154	0	/home/data/get_ip_info
1	0	0	1	1	0	29449916	29441759	0	29449916	29441759	0	/credits.php
1	0	0	5	0	0	29465124	0	0	29441759	0	0	/wp-admin/maint/
1	0	0	1	0	0	29458650	0	0	29458650	0	0	/admin/uploads/bn_1_1754420677.phtml
1	0	0	3	0	0	29461281	0	0	29455457	0	0	/?37.19.223.115
1	0	0	1	0	0	29458651	0	0	29458651	0	0	/images/stories/themes.php
1	0	0	1	0	0	29470015	0	0	29470015	0	0	/?135.148.195.2
1	0	0	0	1	0	0	29443578	0	0	29443578	0	/plugins/content/apismtp/josmtpapi.php?test=hello
1	0	0	0	1	0	0	29440647	0	0	29440647	0	/wp-content/uploads/2018/10/iphone-10R-368x240.jpg
1	0	0	1	0	0	29458650	0	0	29458650	0	0	/wp-admin/user/wp-login.php
1	0	0	2	0	0	29449917	0	0	29441759	0	0	/wp-includes/Requests/Response/
1	0	0	1	0	0	29465124	0	0	29465124	0	0	/b374k.php
1	0	0	1	0	0	29458652	0	0	29458652	0	0	/wp-content/plugins/Uwogh-Segs/
1	0	0	3	1	0	29463413	29444727	0	29450593	29444727	0	/rss.php
1	0	0	1	0	0	29470376	0	0	29470376	0	0	/xxxl.php
1	0	0	3	0	0	29466407	0	0	29461398	0	0	/wp-includes/css/buttons.css
1	0	0	1	1	0	29458650	29439000	0	29458650	29439000	0	/wp-includes/SimplePie/index.php
1	0	0	1	0	0	29459101	0	0	29459101	0	0	/9v6.php
1	0	0	1	1	0	29449916	29441759	0	29449916	29441759	0	/4.php
1	0	0	1	0	0	29458651	0	0	29458651	0	0	/adminfuns.php7
1	0	0	0	1	0	0	29439154	0	0	29439154	0	/api/procoin/home/config.do
1	0	0	0	1	0	0	29439154	0	0	29439154	0	/index/login/smsRand
1	0	0	0	1	0	0	29439154	0	0	29439154	0	/app/checkToken
1	0	0	4	0	0	29461791	0	0	29452726	0	0	/mans.php
1	0	0	1	0	0	29458652	0	0	29458652	0	0	/img/prettyPhoto/dark_square/install.php
1	0	0	0	1	0	0	29447624	0	0	29447624	0	/inputs
1	0	0	5	0	0	29465124	0	0	29441759	0	0	/wp-admin/images/
1	0	0	4	0	0	29463059	0	0	29461120	0	0	/990.php
1	0	0	0	2	0	0	29439654	0	0	29439653	0	/api/v1/guest/comm/config
1	0	0	1	0	0	29458652	0	0	29458652	0	0	/wp-content/plugins/owfsmac/
1	0	0	5	3	0	29470044	29446205	0	29449916	29441758	0	/wp-info.php
1	0	0	3	0	0	29458652	0	0	29441759	0	0	/wp-includes/blocks/file/
1	0	0	5	0	0	29465124	0	0	29441759	0	0	/wp-content/themes/
1	0	0	0	1	0	0	29439154	0	0	29439154	0	/Apps/gold/Tpl/Admin/Mt4Server/
1	0	0	0	1	0	0	29443458	0	0	29443458	0	/wp-admin/includes/rk2.php
1	0	0	0	1	0	0	29439154	0	0	29439154	0	/static/index/js/mSlider.min.js
1	0	0	1	0	0	29453167	0	0	29453167	0	0	/lites.php
1	0	0	0	1	0	0	29439154	0	0	29439154	0	/admin/index/order_info
1	0	0	1	0	0	29458652	0	0	29458652	0	0	/css/adminfus.php
1	0	0	3	1	0	29470044	29441759	0	29449916	29441759	0	/xleet.php
1	0	0	0	1	0	0	29439048	0	0	29439048	0	/_inc-rasberry0342.php
1	0	0	0	1	0	0	29439154	0	0	29439154	0	/template/mb/lang/text-zh.json
1	0	0	1	0	0	29458652	0	0	29458652	0	0	/wp-admin/js/item.php
1	0	0	1	1	0	29449916	29441758	0	29449916	29441758	0	/wp-includes/wp-atom.php
1	0	0	1	0	0	29470377	0	0	29470377	0	0	/k11dSQ.php
1	0	0	5	2	0	29470381	29446204	0	29449915	29441757	0	/file5.php
1	0	0	0	1	0	0	29439154	0	0	29439154	0	/static/admin/favicon.ico
1	0	0	0	1	0	0	29441729	0	0	29441729	0	/register
1	0	0	2	1	0	29458651	29443458	0	29453654	29443458	0	/wp-content/wp.php
1	0	0	1	0	0	29457986	0	0	29457986	0	0	/administrator/components/com_jbusinessdirectory/assets/upload.php
1	0	0	0	1	0	0	29443457	0	0	29443457	0	/bb.php
1	0	0	1	1	0	29449916	29441758	0	29449916	29441758	0	/aaa.php
1	0	0	0	1	0	0	29438917	0	0	29438917	0	/xy.php
1	0	0	1	0	0	29458651	0	0	29458651	0	0	/wp-content/plugins/ioxi/ioxi/dropdown.php
1	0	0	1	0	0	29458652	0	0	29458652	0	0	/files/shares/403ws.php
1	0	0	0	1	0	0	29439154	0	0	29439154	0	/img/default/gaba.png
1	0	0	1	0	0	29458651	0	0	29458651	0	0	/wp-includes/widgets/class-t.api.php
1	0	0	2	0	0	29465125	0	0	29458650	0	0	/wp-content/plugins/seoplugins/index.php
1	0	0	1	0	0	29458651	0	0	29458651	0	0	/aks.php
1	0	0	1	0	0	29470382	0	0	29470382	0	0	/rrr.php
1	0	0	1	0	0	29459101	0	0	29459101	0	0	/cro.php
1	0	0	0	3	0	0	29439154	0	0	29439154	0	/api/currency/quotation_new
1	0	0	1	0	0	29458651	0	0	29458651	0	0	/js/wp-login.php
1	0	0	3	3	0	29458651	29446722	0	29452726	29442579	0	/ext.php
1	0	0	0	1	0	0	29440478	0	0	29440478	0	/storage/logs/laravel.log
1	0	0	1	0	0	29458652	0	0	29458652	0	0	/wp-content/themes/zakra/
1	0	0	1	0	0	29458651	0	0	29458651	0	0	/vendor/phpunit/phpunit/src/Util/PHP/db.php
1	0	0	0	1	0	0	29439154	0	0	29439154	0	/service
1	0	0	0	2	0	0	29439154	0	0	29439154	0	/config.js
1	0	0	1	0	0	29458652	0	0	29458652	0	0	/wp-includes/assets/system.php
1	0	0	0	1	0	0	29439154	0	0	29439154	0	/Pay/index.php
1	0	0	1	0	0	29458651	0	0	29458651	0	0	/css/media-widget-vide02.php
1	0	0	1	0	0	29458651	0	0	29458651	0	0	/wp-fmfile.php
1	0	0	1	0	0	29453654	0	0	29453654	0	0	/wp-includes/js/tinymce/plugins/compat3x/
1	0	0	1	0	0	29458650	0	0	29458650	0	0	/wp-includes/ID3/about.php/wp-content/x/index.php
1	0	0	1	0	0	29458652	0	0	29458652	0	0	/wp-admin/meta/
1	0	0	1	0	0	29458651	0	0	29458651	0	0	/autoload_classmap/install.php
1	0	0	1	0	0	29465125	0	0	29465125	0	0	/WordPress/wp-admin/includes/zmFM.php
1	0	0	0	1	0	0	29439154	0	0	29439154	0	/apicom/news/zijinliu
1	0	0	1	0	0	29458651	0	0	29458651	0	0	/css/slider.php
1	0	0	1	1	0	29449916	29441758	0	29449916	29441758	0	/wp-admin/js/about.php7
1	0	0	2	1	0	29463413	29444727	0	29453628	29444727	0	/222.php?p=
1	0	0	0	1	0	0	29443458	0	0	29443458	0	/wp-admin/network/autoload_classmap.php
1	0	0	1	0	0	29453169	0	0	29453169	0	0	/class3.php
1	0	0	0	1	0	0	29439154	0	0	29439154	0	/api/v1/product/category
1	0	0	1	0	0	29470377	0	0	29470377	0	0	/yxr6m.php
1	0	0	1	1	0	29449916	29441759	0	29449916	29441759	0	/1337.php
1	0	0	0	1	0	0	29439154	0	0	29439154	0	/static/wap/css/trade-history.css
1	0	0	1	0	0	29458650	0	0	29458650	0	0	/wp-includes/block-patterns/autoload_classmap.php
1	0	0	1	0	0	29458651	0	0	29458651	0	0	/wp-admin/css/colors/ocean/alam.php
1	0	0	2	0	0	29453526	0	0	29452727	0	0	/ouh.php
1	0	0	0	1	0	0	29439154	0	0	29439154	0	/pc/js/bootstrap.min.js
1	0	0	7	0	0	29465124	0	0	29441759	0	0	/wp-includes/ID3/
1	0	0	2	0	0	29453526	0	0	29452727	0	0	/lo.php
1	0	0	1	0	0	29453167	0	0	29453167	0	0	/bbn.php
1	0	0	3	0	0	29470382	0	0	29452726	0	0	/shell1.php
1	0	0	0	1	0	0	29439154	0	0	29439154	0	/api/bank/index
1	0	0	1	1	0	29458650	29439000	0	29458650	29439000	0	/wp-includes/IXR/index.php
1	0	0	1	1	0	29453268	29439292	0	29453268	29439292	0	/postnews.php
1	0	0	1	0	0	29458651	0	0	29458651	0	0	/wp-includes/class-wp-customize-manager-client.php
1	0	0	1	0	0	29458652	0	0	29458652	0	0	/wp-includes/wp-conflg.php
1	5	0	0	0	29438471	0	0	29438471	0	0	435	/.well-known/acme-challenge/3CLlPQrwsZLxSZjL-6-QDQkErzIWxIKGtzt6RQA4U-Q
1	0	0	2	0	0	29453525	0	0	29452726	0	0	/shellalfa.php
1	0	0	0	1	0	0	29439154	0	0	29439154	0	/static/user/1.png
1	0	0	4	5	0	29458651	29447623	0	29449915	29441757	0	/aa.php
1	0	0	1	1	0	29453268	29439292	0	29453268	29439292	0	/wp-content/postnews.php
1	0	0	3	1	0	29470382	29444728	0	29453629	29444728	0	/xo.php
1	0	0	1	0	0	29458651	0	0	29458651	0	0	/wp-includes/css/dist/footer-default.php
1	0	0	0	1	0	0	29439154	0	0	29439154	0	/api/msulow/getbuydownstatus
1	0	0	0	1	0	0	29439154	0	0	29439154	0	/api/app/exchange/getMarketList
1	0	0	1	0	0	29458651	0	0	29458651	0	0	/litespeed.php
1	0	0	5	1	0	29470381	29440253	0	29452726	29440253	0	/bless5.php
1	0	0	1	0	0	29465125	0	0	29465125	0	0	/libraries/legacy/info.php
1	0	0	3	2	0	29463413	29444727	0	29449915	29441757	0	/cloud.php
1	0	0	6	0	0	29470381	0	0	29459101	0	0	/ma.php
1	0	0	0	1	0	0	29443458	0	0	29443458	0	/wp-admin/z.php
1	0	0	1	2	0	29458651	29447623	0	29458651	29446205	0	/wp-admin.php
1	0	0	1	0	0	29470381	0	0	29470381	0	0	/die.php
1	0	0	4	1	0	29470043	29441758	0	29449916	29441758	0	/wp-configs.php
1	0	0	1	1	0	29449916	29441758	0	29449916	29441758	0	/wp-content/plugins/shell/ff2.php
1	0	0	1	0	0	29458652	0	0	29458652	0	0	/wp-content/themes/twentytwentyfour/install.php
1	0	0	1	0	0	29458652	0	0	29458652	0	0	/wp-includes/SimplePie/login.php
1	0	0	1	0	0	29458650	0	0	29458650	0	0	/vendor/phpunit/phpunit/src/Util/PHP/as.php
1	0	0	0	1	0	0	29439154	0	0	29439154	0	/user/api/site/info
1	0	0	1	1	0	29459103	29438917	0	29459103	29438917	0	/d12.php
1	0	0	1	0	0	29458651	0	0	29458651	0	0	/wp-content/plugins/pwnd/dedi1.php
1	0	0	0	1	0	0	29441111	0	0	29441111	0	/plugins/content/apismtp/apismtp.php?test=hello
1	0	0	1	1	0	29449916	29441758	0	29449916	29441758	0	/wp-admin/js/privacy-tools.min.php
1	0	0	2	1	0	29458651	29441758	0	29449916	29441758	0	/.well-known/about.php
1	0	0	1	0	0	29458651	0	0	29458651	0	0	/wp-includes/SimplePie/Exception-wp.php
1	0	0	1	0	0	29458652	0	0	29458652	0	0	/cache-wordpress/
1	0	0	2	2	0	29459103	29441523	0	29453383	29440252	0	/x56.php
1	0	0	2	2	0	29458651	29447794	0	29449916	29441758	0	/ws.php
1	0	0	0	1	0	0	29439154	0	0	29439154	0	/static/js/index.8ec8c5b7.js
1	0	0	1	0	0	29458651	0	0	29458651	0	0	/wp-admin/images/autoload_classmap.php
1	0	0	0	2	0	0	29458651	0	0	29453168	0	/.well-known/acme-challenge/wp-login.php
1	0	0	0	1	0	0	29439154	0	0	29439154	0	/images/web/xiao_logo.png
1	0	0	0	1	0	0	29439154	0	0	29439154	0	/v1/common/visitor/getAgentStatus.do?deviceType=computer&appId=-1&dialogType=link&source=
1	0	0	1	0	0	29458650	0	0	29458650	0	0	/wp-admin/js/widgets/index.php
1	0	0	0	1	0	0	29439000	0	0	29439000	0	/wp-includes/block-supports
1	0	0	0	3	0	0	29446722	0	0	29442579	0	/sfvul.php
1	0	0	5	2	0	29465124	29446205	0	29449915	29441757	0	/shell.php
1	0	0	1	1	0	29449916	29441759	0	29449916	29441759	0	/wp-includes/css/ff2.php
1	0	0	1	0	0	29458652	0	0	29458652	0	0	/wp-content/plugins/ubh/
1	0	0	1	0	0	29465125	0	0	29465125	0	0	/wp-includes/css/dist/preferences/index.php
1	0	0	0	1	0	0	29439154	0	0	29439154	0	/static/js/news.js
1	0	0	1	0	0	29458652	0	0	29458652	0	0	/fonts/
1	0	0	1	0	0	29458522	0	0	29458522	0	0	/wp-content/themes/rockstar-theme/functions/upload-handler.php
1	0	0	3	0	0	29458652	0	0	29441759	0	0	/wp-includes/widgets/
1	0	0	1	0	0	29458650	0	0	29458650	0	0	/images/upload.php
1	0	0	1	0	0	29458652	0	0	29458652	0	0	/uploads/lala.php
1	0	0	1	0	0	29458651	0	0	29458651	0	0	/wp-includes/wp-sup.php
1	0	0	2	1	0	29458651	29441759	0	29449916	29441759	0	/wp-content/plugins/wp-conflg.php
1	0	0	0	1	0	0	29439154	0	0	29439154	0	/static/config.js
1	0	0	2	2	0	29458650	29447624	0	29449916	29441758	0	/wp-content/1.php
1	0	0	4	1	0	29470379	29440252	0	29453168	29440252	0	/item.php
1	0	0	1	0	0	29458652	0	0	29458652	0	0	/wp-includes/block-patterns/about.php
1	0	0	0	5	0	0	29468813	0	0	29464699	0	/.svn/wc.db
1	0	0	1	0	0	29458650	0	0	29458650	0	0	/images/DJP9.php
1	0	0	1	0	0	29467163	0	0	29467163	0	0	/public/assets/global/plugins/jquery-file-upload/server/php/index.php?file=tf2rghf.jpg
1	0	0	0	1	0	0	29438473	0	0	29438473	0	/@vite/env
1	0	0	9	10	0	29470382	29447623	0	29449915	29438917	0	/lock360.php
1	0	0	0	1	0	0	29439154	0	0	29439154	0	/wap/reportExample.shtml
1	0	0	8	3	0	29470381	29447623	0	29449916	29441758	0	/mini.php
1	0	0	1	0	0	29459100	0	0	29459100	0	0	/ixj.php
1	0	0	1	0	0	29458652	0	0	29458652	0	0	/wp-content/themes/twentyfive/
1	0	0	5	2	0	29465124	29447623	0	29449915	29441757	0	/autoload_classmap/function.php
1	0	0	1	0	0	29470376	0	0	29470376	0	0	/t.php?p=
1	0	0	0	1	0	0	29438917	0	0	29438917	0	/efile.php
1	0	0	3	2	0	29458650	29442209	0	29452727	29438917	0	/wp-admin/js/wp-conflg.php
1	0	0	1	0	0	29458652	0	0	29458652	0	0	/wp-content/plugins/wp-file-manager/admin/
1	0	0	2	0	0	29465125	0	0	29452006	0	0	/wp-includes/rest-api/fields/index.php
1	0	0	0	1	0	0	29439154	0	0	29439154	0	/api/system/info
1	0	0	5	0	0	29470380	0	0	29461120	0	0	/amax.php
1	0	0	1	1	0	29458651	29447623	0	29458651	29447623	0	/.well-known/classwithtostring.php
1	0	0	0	1	0	0	29439154	0	0	29439154	0	/assets/index/css/NewSign.css
1	0	0	2	0	0	29461791	0	0	29459103	0	0	/wsz.php
1	0	0	1	1	0	29449915	29441757	0	29449915	29441757	0	/wp-content/plugins/wp-help/admin/wp-fclass.php
1	0	0	4	0	0	29465124	0	0	29441759	0	0	/wp-includes/sodium_compat/
1	0	0	2	0	0	29453525	0	0	29452726	0	0	/luxe.php
1	0	0	0	1	0	0	29439154	0	0	29439154	0	/api/Common/download_app
1	0	0	1	0	0	29470377	0	0	29470377	0	0	/config596.php
1	0	0	1	0	0	29470380	0	0	29470380	0	0	/ws43.php
1	0	0	0	1	0	0	29439154	0	0	29439154	0	/static/footer/hang1.png
1	0	0	0	1	0	0	29446205	0	0	29446205	0	/bs2.php
1	0	0	0	1	0	0	29458650	0	0	29458650	0	/.well-known/pki-validation/index.php
1	0	0	0	1	0	0	29443457	0	0	29443457	0	/image/c.php
1	0	0	1	0	0	29458652	0	0	29458652	0	0	/wp-content/themes/pridmag/admin-footer.php
1	0	0	0	1	0	0	29439154	0	0	29439154	0	/api/wallet/getUsdt
1	0	0	0	1	0	0	29438473	0	0	29438473	0	/php-cgi/php-cgi.exe?%ADd+cgi.force_redirect%3D0+%ADd+disable_functions%3D\"\"+%ADd+allow_url_include%3D1+%ADd+auto_prepend_file%3Dphp://input
1	0	0	1	0	0	29458651	0	0	29458651	0	0	/wp-includes/class-wp-session-tokens-https.php
1	0	0	0	1	0	0	29439154	0	0	29439154	0	/photo/index.asp
1	0	0	1	0	0	29459101	0	0	29459101	0	0	/lts.php
1	0	0	0	1	0	0	29439154	0	0	29439154	0	/contract/info/1
1	0	0	0	1	0	0	29439154	0	0	29439154	0	/t100/icon-service.svg
1	0	0	1	0	0	29458651	0	0	29458651	0	0	/js/js1.php
1	0	0	2	0	0	29449917	0	0	29441759	0	0	/wp/wp-content/themes/twentytwenty/template-parts/
1	0	0	4	2	0	29461792	29441523	0	29453384	29440253	0	/ccou.php
1	0	0	1	0	0	29463060	0	0	29463060	0	0	/ADMIN.php
1	0	0	1	0	0	29458650	0	0	29458650	0	0	/wp-includes/SimplePie/applicationd.php
1	0	0	1	0	0	29458651	0	0	29458651	0	0	/images/fm.php7
1	0	0	0	1	0	0	29439154	0	0	29439154	0	/static/web_client/js/yuv.js
1	0	0	0	1	0	0	29439154	0	0	29439154	0	/static/n-td.png
1	0	0	0	1	0	0	29439154	0	0	29439154	0	/assets/img/zb.png
1	0	0	0	1	0	0	29443458	0	0	29443458	0	/wp-admin/k.php
1	0	0	2	1	0	29439178	29439178	0	29439178	29439178	0	/admin/login/passcode
1	0	0	2	1	0	29458651	29441758	0	29449916	29441758	0	/wp-includes/Text/about.php
1	0	0	1	0	0	29459100	0	0	29459100	0	0	/fdd2.php
1	0	0	1	0	0	29458652	0	0	29458652	0	0	/wp-includes/blocks/group/
1	0	0	1	0	0	29458650	0	0	29458650	0	0	/vendor/phpunit/phpunit/src/Util/PHP/ask.php
1	0	0	1	1	0	29459103	29438917	0	29459103	29438917	0	/tajj.php
1	0	0	1	0	0	29453169	0	0	29453169	0	0	/wp-includes/widgets/index.php
1	0	0	2	0	0	29453526	0	0	29452727	0	0	/mws.php
1	0	0	1	0	0	29458522	0	0	29458522	0	0	/admin/index.php?route=common/login
1	0	0	0	1	0	0	29447623	0	0	29447623	0	/ms-edit.php
1	0	0	0	1	0	0	29439154	0	0	29439154	0	/assets/yibao/Nweshebao/img/logo.png
1	1	0	0	0	29438471	0	0	29438471	0	0	64	/.well-known/acme-challenge/RJ6RMR8JQO-XLFVQZZRBHTFGBCTACOOQ
1	0	0	0	1	0	0	29439154	0	0	29439154	0	/api/uploads/getappconfig?_ajax=1
1	0	0	6	0	0	29465124	0	0	29441759	0	0	/wp-includes/Text/
1	0	0	1	1	0	29458651	29447623	0	29458651	29447623	0	/infos.php
1	0	0	0	1	0	0	29439154	0	0	29439154	0	/configstatic/h5/control/control.js?v=0.1.8
1	0	0	0	1	0	0	29439154	0	0	29439154	0	/Template/admin/resources/admin/js/learunui-framework.js
1	0	0	1	0	0	29458651	0	0	29458651	0	0	/wp-content/themes/twentytwentyfour/system_cache.php
1	0	0	0	1	0	0	29439154	0	0	29439154	0	/static/index/sign.js
1	0	0	1	0	0	29459790	0	0	29459790	0	0	http://techblogs.site/category/technology/
1	0	0	2	2	0	29458651	29441758	0	29449916	29439000	0	/wp-admin/css/about.php
1	0	0	5	0	0	29465124	0	0	29441759	0	0	/wp-admin/css/colors/blue/
1	0	0	3	1	0	29463412	29444727	0	29453628	29444727	0	/blurbs.php
1	0	0	1	0	0	29465125	0	0	29465125	0	0	/wp-content/upgrade-temp-backup/wp-login.php
1	0	0	0	1	0	0	29443457	0	0	29443457	0	/sa.php?p=
1	0	0	1	0	0	29458651	0	0	29458651	0	0	/contacts.php
1	0	0	1	0	0	29458651	0	0	29458651	0	0	/wp-includes/bypass.php
1	0	0	4	0	0	29458652	0	0	29441759	0	0	/wp-includes/customize/
1	0	0	2	0	0	29449917	0	0	29441759	0	0	/wp-includes/SimplePie/Cache/
1	0	0	1	0	0	29461790	0	0	29461790	0	0	/phpformbuilder/plugins/filemanager/dialog.php
1	0	0	2	0	0	29458650	0	0	29452006	0	0	/wp-includes/js/jquery/jquery.php
1	0	0	1	0	0	29458651	0	0	29458651	0	0	/wp-includes/class-wp-dependency-float.php
1	0	0	1	0	0	29458652	0	0	29458652	0	0	/css/
1	0	0	2	0	0	29453526	0	0	29452727	0	0	/noe.php
1	0	0	13	5	0	29470382	29444727	0	29449915	29439000	0	/404.php
1	0	0	1	1	0	29458651	29447624	0	29458651	29447624	0	/wp-api.php
1	0	0	1	0	0	29458651	0	0	29458651	0	0	/wp-content/uploads/chosen.php
1	0	0	1	0	0	29458651	0	0	29458651	0	0	/delpaths.php
1	0	0	0	2	0	0	29439154	0	0	29439154	0	/admin/appContent/bulletinNewsTicker
1	0	0	3	0	0	29458652	0	0	29441759	0	0	/wp-includes/js/dist/
1	0	0	1	0	0	29453168	0	0	29453168	0	0	/wft.php
1	0	0	1	0	0	29453654	0	0	29453654	0	0	/wp-content/et-cache/
1	0	0	0	1	0	0	29439154	0	0	29439154	0	/assets/js/video.js?v=1.3
1	0	0	0	1	0	0	29439154	0	0	29439154	0	/api/apps/config
1	0	0	1	0	0	29464686	0	0	29464686	0	0	/cron.php
1	0	0	0	1	0	0	29439154	0	0	29439154	0	/public/message/findByType
1	0	0	2	1	0	29458651	29447623	0	29453169	29447623	0	/wp-admin/includes/index.php
1	0	0	1	0	0	29458650	0	0	29458650	0	0	/wp-includes/css/index.php
1	2	0	0	1	29439178	0	29439178	29439176	0	29439178	5833	/admin/login/post
1	0	0	8	3	0	29470381	29446205	0	29449915	29440253	0	/x.php
1	0	0	1	0	0	29458652	0	0	29458652	0	0	/wordpress/wp-content/uploads/
1	0	0	2	2	0	29458650	29447623	0	29449915	29441757	0	/tinyfilemanager.php
1	0	0	1	0	0	29458652	0	0	29458652	0	0	/wp-admin/js/cc.php
1	0	0	0	1	0	0	29443458	0	0	29443458	0	/wp-admin/a.php
1	0	0	1	0	0	29459103	0	0	29459103	0	0	/xcre1.php
1	0	0	1	0	0	29458651	0	0	29458651	0	0	/wp-admin/css/colors/modern/colors.css.php
1	0	0	1	0	0	29458651	0	0	29458651	0	0	/wp-includes/class-walker-comment-client.php
1	0	0	2	2	0	29461791	29441523	0	29453384	29440253	0	/wrt.php
1	0	0	1	0	0	29458652	0	0	29458652	0	0	/wp-content/plugins/zaen/includes/
1	0	0	0	1	0	0	29439154	0	0	29439154	0	/static/img/cs/cs-bg-big.jpg
1	0	0	1	1	0	29449915	29441757	0	29449915	29441757	0	/makeasmtp.php?p=
1	0	0	0	1	0	0	29439154	0	0	29439154	0	/ascss/img/trade1.png
1	0	0	4	1	0	29463413	29444728	0	29452726	29444728	0	/123.php
1	0	0	2	1	0	29470380	29441757	0	29449915	29441757	0	/chosen.php?p=
1	0	0	1	1	0	29458650	29439000	0	29458650	29439000	0	/wp-includes/pomo/index.php
1	0	0	2	1	0	29470044	29443458	0	29469939	29443458	0	/wp-admin/radio.php
1	0	0	0	1	0	0	29439154	0	0	29439154	0	/home.jpg
1	0	0	3	0	0	29470377	0	0	29452726	0	0	/raw.php
1	0	0	2	0	0	29470382	0	0	29459102	0	0	/wsheet1.php
1	0	0	2	0	0	29470381	0	0	29461790	0	0	/ths.php
1	0	0	0	1	0	0	29439154	0	0	29439154	0	/wap/api/syspara!getSyspara.action?code=customer_service_url&lang=cn
1	0	0	1	1	0	29449916	29441758	0	29449916	29441758	0	/backup.php
1	0	0	1	0	0	29458652	0	0	29458652	0	0	/web/function.php
1	0	0	1	0	0	29458650	0	0	29458650	0	0	/images/class.php
1	0	0	1	0	0	29458650	0	0	29458650	0	0	/wp-admin/maint/themes.php
1	0	0	2	0	0	29470382	0	0	29461789	0	0	/flower2.php
1	0	0	3	1	0	29463412	29444727	0	29450592	29444727	0	/cord.php
1	0	0	4	0	0	29458652	0	0	29441759	0	0	/wp-includes/Text/Diff/Renderer/
1	0	0	4	3	0	29458650	29441759	0	29449916	29440253	0	/wp-content/radio.php
1	0	0	1	0	0	29458652	0	0	29458652	0	0	/wp-includes/class-wp-scripts-query.php
1	0	0	1	0	0	29453167	0	0	29453167	0	0	/abouta.php
1	0	0	1	0	0	29465125	0	0	29465125	0	0	/wordpress/wp-includes/wp-config-sample.php
1	0	0	3	6	0	29470044	29447623	0	29449916	29438917	0	/s.php
1	0	0	1	0	0	29458650	0	0	29458650	0	0	/wp-content/uploads/autoload_classmap.php
1	0	0	0	2	0	0	29448466	0	0	29439000	0	/wp-admin/css
1	0	0	2	1	0	29458650	29441758	0	29449916	29441758	0	/wp-includes/fonts/about.php
1	0	0	3	1	0	29470380	29440252	0	29453168	29440252	0	/wp-admin/css/wp-conflg.php?p=
1	0	0	1	0	0	29458652	0	0	29458652	0	0	/patriotic/wp-includes/images/smilies/
1	0	0	1	0	0	29458652	0	0	29458652	0	0	/wordpress/wp-admin/includes/wp-admin/js/
1	0	0	1	0	0	29458652	0	0	29458652	0	0	/wp-admin/item.php
1	0	0	1	1	0	29453628	29444727	0	29453628	29444727	0	/lzyrj.php
1	0	0	0	1	0	0	29439154	0	0	29439154	0	/api/User/login
1	0	0	0	1	0	0	29439154	0	0	29439154	0	/api/about/content
1	0	0	2	0	0	29470044	0	0	29469939	0	0	/wp-includes/pomo
1	0	0	2	1	0	29461038	29441758	0	29449916	29441758	0	/wp-admin/admin-ajax.php
1	0	0	0	1	0	0	29446205	0	0	29446205	0	/law2.php
1	0	0	1	0	0	29459101	0	0	29459101	0	0	/xvent.php
1	0	0	1	3	0	29458650	29446722	0	29458650	29442579	0	/wp-admin/index.php
1	0	0	1	0	0	29458651	0	0	29458651	0	0	/wp-includes/js/wp-conflg.php
1	0	0	1	1	0	29453268	29439292	0	29453268	29439292	0	/schallfuns.php
1	0	0	1	0	0	29458651	0	0	29458651	0	0	/wp-admin/css/colors/blue/gold.php
1	0	0	0	2	0	0	29439884	0	0	29439830	0	/storage/blogs/1766296161_1766080843_0a95f6c7-fcd8-4d67-8c3e-8e0aed1cd550.jpg
1	0	0	2	1	0	29470376	29438917	0	29459101	29438917	0	/xsas.php
1	0	0	0	1	0	0	29439154	0	0	29439154	0	/api/pc/helper/terms
1	0	0	0	1	0	0	29439154	0	0	29439154	0	/cron/bet/lastKj
1	0	0	1	0	0	29459102	0	0	29459102	0	0	/x23.php
1	0	0	1	1	0	29449916	29441758	0	29449916	29441758	0	/1.php?p=
1	1	0	0	0	29438471	0	0	29438471	0	0	64	/.well-known/acme-challenge/-JKCT7OPXX_IIM6HP7VDXAQJ84WQDOJP
1	0	0	1	0	0	29465125	0	0	29465125	0	0	/Shellton.php
1	0	0	1	0	0	29450593	0	0	29450593	0	0	/network_xo.php
1	0	0	3	0	0	29470381	0	0	29452726	0	0	/fe5.php
1	0	0	5	1	0	29470380	29440252	0	29452006	29440252	0	/wp-content/index.php
1	0	0	1	0	0	29450045	0	0	29450045	0	0	/unzipper.php
1	0	0	0	1	0	0	29439154	0	0	29439154	0	/api/member/systemConfig/getPCSiteConfig
1	0	0	0	1	0	0	29439154	0	0	29439154	0	/api/user/switchWeb
1	0	0	1	1	0	29449916	29441759	0	29449916	29441759	0	/.well-known/admin.php?p=
1	0	0	6	3	0	29470380	29444728	0	29449915	29440252	0	/manager.php?p=
1	0	0	2	0	0	29453525	0	0	29452726	0	0	/n.php
1	0	0	1	0	0	29458652	0	0	29458652	0	0	/wp-content/plugins/Cache/
1	0	0	4	1	0	29470381	29440252	0	29453168	29440252	0	/wp-admin/css/colors/blue/index.php
1	0	0	0	1	0	0	29439154	0	0	29439154	0	/kfb.css
1	0	0	3	0	0	29470380	0	0	29452726	0	0	/hk.php
1	0	0	1	0	0	29449976	0	0	29449976	0	0	/my-account/
1	0	0	2	1	0	29463413	29444727	0	29453628	29444727	0	/uana.php
1	0	0	2	5	0	29458651	29447624	0	29449916	29441758	0	/wsa.php
1	0	0	1	0	0	29458650	0	0	29458650	0	0	/xl2023.php
1	0	0	0	1	0	0	29439154	0	0	29439154	0	/waplogin.php
1	0	0	1	0	0	29470376	0	0	29470376	0	0	/zoo.php
1	0	0	0	1	0	0	29439154	0	0	29439154	0	/shop/user/check
1	0	0	1	0	0	29458652	0	0	29458652	0	0	/wp-admin/maint/flex.php
1	0	0	1	0	0	29458651	0	0	29458651	0	0	/wp-content/uploads/2021/faiyy.php
1	0	0	2	0	0	29465123	0	0	29454741	0	0	/.tresh/index.php
1	0	0	0	1	0	0	29439154	0	0	29439154	0	/phalapi/public/?s=System.index
1	0	0	1	0	0	29458651	0	0	29458651	0	0	/wp-admin/js/instaall.php
1	0	0	1	0	0	29470378	0	0	29470378	0	0	/dox.php
1	0	0	3	0	0	29470380	0	0	29453169	0	0	/wen.php
1	0	0	0	1	0	0	29439154	0	0	29439154	0	/site/plan
1	0	0	1	0	0	29470376	0	0	29470376	0	0	/data_5dc22ab3.php
1	0	0	2	0	0	29449917	0	0	29441759	0	0	/backup/
1	0	0	1	0	0	29458652	0	0	29458652	0	0	/index/install.php
1	0	0	3	2	0	29466642	29446205	0	29449915	29441757	0	/xmlrpc.php
1	0	0	1	0	0	29458652	0	0	29458652	0	0	/wp-includes/log.php
1	0	0	0	1	0	0	29458650	0	0	29458650	0	/.well-known/acme-challenge/plugins.php
1	0	0	2	0	0	29449917	0	0	29441759	0	0	/wp-includes/js/tinymce/
1	0	0	1	0	0	29458651	0	0	29458651	0	0	/wp-content/style.php
1	0	0	0	1	0	0	29443457	0	0	29443457	0	/fx.php
1	0	0	4	2	0	29463413	29444728	0	29449916	29441759	0	/go.php
1	0	0	1	0	0	29461038	0	0	29461038	0	0	/wp-content/plugins/wp-engine-module/mine.php
1	0	0	1	0	0	29458651	0	0	29458651	0	0	/assets/bypass.php
1	0	0	1	0	0	29458651	0	0	29458651	0	0	/wp-content/themes/twentytwentyfour/wonder.php
1	0	0	1	0	0	29458651	0	0	29458651	0	0	/customize.php
1	0	0	1	0	0	29458651	0	0	29458651	0	0	/include/install.php
1	0	0	1	2	0	29449916	29447623	0	29449916	29441759	0	/fix.php
1	0	0	1	0	0	29458651	0	0	29458651	0	0	/wp-content/languages/plugins.php
1	0	0	0	1	0	0	29439154	0	0	29439154	0	/jlwfpvuaezoythr
1	0	0	1	0	0	29458651	0	0	29458651	0	0	/wp-content/plugins/WordPressCore/include.php
1	0	0	0	1	0	0	29439154	0	0	29439154	0	/static/images/txjl.png
1	0	0	1	0	0	29458651	0	0	29458651	0	0	/components/com_newsfeeds/models/indexx.php
1	0	0	4	0	0	29458652	0	0	29441759	0	0	/images/
1	0	0	0	1	0	0	29439000	0	0	29439000	0	/wp-includes/Text/Diff/Engine
1	0	0	1	0	0	29458651	0	0	29458651	0	0	/tinyfilemanager/tinyfilemanager.php
1	0	0	0	1	0	0	29439000	0	0	29439000	0	/wp-includes/images
1	0	0	1	0	0	29439180	0	0	29439180	0	0	/Categoryadd
1	0	0	0	1	0	0	29447623	0	0	29447623	0	/wp-config-sample.php
1	0	0	1	0	0	29453167	0	0	29453167	0	0	/aqw.php
1	1	0	0	0	29438471	0	0	29438471	0	0	64	/.well-known/acme-challenge/H_OJO5EEFHY-9TQSKLZDRD5ZXOT0RF1D
1	0	0	3	2	0	29458651	29441523	0	29453168	29440252	0	/wp-admin/maint/admin.php
1	0	0	0	1	0	0	29439154	0	0	29439154	0	/img/loginbg.f2105171.jpg
1	0	0	0	1	0	0	29439154	0	0	29439154	0	/li/user/loginck
1	0	0	5	6	0	29470381	29446722	0	29449915	29438917	0	/gmo.php
1	0	0	2	0	0	29464686	0	0	29464686	0	0	/home.htm
1	0	0	1	1	0	29458652	29443458	0	29458652	29443458	0	/wp-admin/images/chosen.php
1	0	0	0	1	0	0	29438472	0	0	29438472	0	/swagger-ui.html
1	0	0	1	0	0	29458650	0	0	29458650	0	0	/wp-includes/ID3/wp-work.php
1	0	0	3	1	0	29453525	29441758	0	29449916	29441758	0	/layout.php
1	0	0	2	0	0	29453525	0	0	29452726	0	0	/system.php
1	0	0	0	1	0	0	29443457	0	0	29443457	0	/d.php
1	0	0	1	2	0	29449916	29447794	0	29449916	29441758	0	/options.php
1	0	0	0	1	0	0	29439154	0	0	29439154	0	/index/index/langSetting.html
1	0	0	1	0	0	29463412	0	0	29463412	0	0	/rezor.php
1	0	0	0	1	0	0	29443457	0	0	29443457	0	/uploaded_script.php
1	0	0	5	1	0	29470380	29440253	0	29453168	29440253	0	/ha.php
1	0	0	1	1	0	29458651	29447794	0	29458651	29447794	0	/functions.php
1	0	0	2	0	0	29453525	0	0	29452726	0	0	/fs.php
1	0	0	1	0	0	29458651	0	0	29458651	0	0	/wp-admin/css/colors/blue/colors.php
1	0	0	3	2	0	29458651	29441523	0	29453168	29440252	0	/wp-admin/maint/maint.php
1	0	0	2	0	0	29453525	0	0	29452726	0	0	/777.php
1	0	0	0	1	0	0	29439154	0	0	29439154	0	/url1/gjs/stock?id=1&out_trade_no=0
1	0	0	0	1	0	0	29439000	0	0	29439000	0	/wp-includes/blocks/code
1	0	0	1	0	0	29459102	0	0	29459102	0	0	/ww3.php
1	0	0	1	0	0	29458651	0	0	29458651	0	0	/blog/signatur.php
1	0	0	6	5	0	29470381	29447623	0	29449915	29439000	0	/goods.php
1	0	0	1	0	0	29458651	0	0	29458651	0	0	/.trash7309/index.php
1	0	0	2	1	0	29453654	29439000	0	29452006	29439000	0	/wp-conflg/function.php
1	0	0	1	0	0	29458651	0	0	29458651	0	0	/wp-includes/SimplePie/Canonical.php
1	0	0	0	1	0	0	29439154	0	0	29439154	0	/api/product/classify/all
1	0	0	7	5	0	29463413	29447623	0	29449915	29439000	0	/chosen.php
1	0	0	2	0	0	29449917	0	0	29441759	0	0	/wp-includes/js/imgareaselect/
1	0	0	1	0	0	29458651	0	0	29458651	0	0	/wp-includes/network.php
1	0	0	0	1	0	0	29447794	0	0	29447794	0	/wsoyanz.php
1	0	0	0	3	0	0	29446722	0	0	29442579	0	/ea3f.php
1	0	0	2	0	0	29449917	0	0	29441759	0	0	/wp-includes/blocks/block/
1	0	0	1	1	0	29449915	29441757	0	29449915	29441757	0	/wp-content/dn.php
1	0	0	2	0	0	29449917	0	0	29441759	0	0	/wp-includes/Requests/src/Auth/
1	0	0	1	0	0	29461790	0	0	29461790	0	0	/wp-includesmaps/file.php
1	0	0	1	0	0	29458652	0	0	29458652	0	0	/js/class_api.php
1	0	0	1	0	0	29458651	0	0	29458651	0	0	/nation.php
1	0	0	1	0	0	29458652	0	0	29458652	0	0	/wp-content/plugins/seoo/alfa.php
1	0	0	1	0	0	29458651	0	0	29458651	0	0	/admin/user_data.php
1	0	0	1	0	0	29458652	0	0	29458652	0	0	/adminfus.php
1	0	0	1	0	0	29470377	0	0	29470377	0	0	/api137.php
1	0	0	0	1	0	0	29439154	0	0	29439154	0	/t000/login-img-2.svg
1	0	0	1	0	0	29465124	0	0	29465124	0	0	/c100.php
1	0	0	0	2	0	0	29438715	0	0	29438685	0	/plugins/elfinder
1	0	0	1	0	0	29458652	0	0	29458652	0	0	/files.php 
1	0	0	0	1	0	0	29443457	0	0	29443457	0	/.well-known/x.php
1	0	0	1	0	0	29458651	0	0	29458651	0	0	/Simple.php
1	0	0	0	1	0	0	29439154	0	0	29439154	0	/biz/server/config
1	0	0	4	2	0	29470382	29441758	0	29449916	29440252	0	/wp-includes/style-engine/about.php
1	0	0	6	4	0	29470377	29447623	0	29449916	29439000	0	/adminfuns.php
1	0	0	1	1	0	29449916	29441758	0	29449916	29441758	0	/contact.php
1	0	0	4	0	0	29463942	0	0	29462870	0	0	/public/file-manager/tinymce
1	0	0	1	0	0	29442433	0	0	29442433	0	0	/favicon.ico?44.218.6.122
1	0	0	16	11	0	29470552	29447794	0	29452725	29438917	0	/wp-content/plugins/hellopress/wp_filemanager.php
1	0	0	1	0	0	29458652	0	0	29458652	0	0	/wp-includes/ID3/module.audio-license.php
1	0	0	1	0	0	29458650	0	0	29458650	0	0	/wp-admin/css/colors/midnight/wp-login.php
1	0	0	2	1	0	29458651	29441757	0	29449916	29441757	0	/wp-admin/js/about.php
1	0	0	1	0	0	29458652	0	0	29458652	0	0	/wp-includes/css/litespeed.php
1	0	0	2	0	0	29459103	0	0	29453168	0	0	/xse25.php
1	0	0	0	1	0	0	29439154	0	0	29439154	0	/-/x/hbg/daq/user-event/info/plain
1	0	0	1	0	0	29458651	0	0	29458651	0	0	/wp-includes/IXR/goto.php
1	0	0	1	1	0	29449915	29441757	0	29449915	29441757	0	/WSO.php
1	0	0	0	1	0	0	29439000	0	0	29439000	0	/wp-admin/css/colors/blue
1	0	0	0	1	0	0	29439154	0	0	29439154	0	/index/lotteryHall.do
1	0	0	0	1	0	0	29439000	0	0	29439000	0	/wp-includes/js/dist
1	0	0	3	0	0	29465124	0	0	29454742	0	0	/css/admin.php
1	0	0	1	0	0	29453167	0	0	29453167	0	0	/xtride.php
1	0	0	2	0	0	29470044	0	0	29469939	0	0	/wp-includes/Text/Diff/Renderer
1	0	0	1	0	0	29458652	0	0	29458652	0	0	/ALFA_DATA/alfacgiapi/perl.alfa
1	0	0	1	0	0	29458652	0	0	29458652	0	0	/wp-content/themes/sky-pro/
1	0	0	1	0	0	29458651	0	0	29458651	0	0	/wp-includes/customize/class-wp-customize-nav-menu-auto-add-control-repository.php
1	0	0	1	0	0	29458650	0	0	29458650	0	0	/wp-includes/assets/info.php
1	0	0	2	1	0	29458651	29441758	0	29449916	29441758	0	/wp-head.php
1	0	0	0	1	0	0	29439048	0	0	29439048	0	/auths.php
1	0	0	2	1	0	29458652	29439000	0	29453654	29439000	0	/wp-includes/customize/chosen.php
1	0	0	0	1	0	0	29440478	0	0	29440478	0	/kubernetes/*.yml
1	0	0	1	0	0	29458651	0	0	29458651	0	0	/wp-includes/Text/options.php
1	0	0	2	1	0	29458651	29443458	0	29453654	29443458	0	/wp-includes/certificates/chosen.php
1	0	0	1	0	0	29458652	0	0	29458652	0	0	/wp-includes/customize/class-wp-customize-background-position-control-variable.php
1	0	0	1	0	0	29458651	0	0	29458651	0	0	/wp-includes/images/smilies/simi.php
1	0	0	1	1	0	29461789	29439048	0	29461789	29439048	0	/rasp.php
1	0	0	1	0	0	29470376	0	0	29470376	0	0	/mode.php
1	0	0	0	1	0	0	29439154	0	0	29439154	0	/merchant/merchant/language_list?page=1
1	0	0	1	0	0	29458652	0	0	29458652	0	0	/wp-includes/style-engine/dedi1.php
1	0	0	1	0	0	29458651	0	0	29458651	0	0	/wp-content/plugins/pwnd-1/dedi1.php
1	0	0	0	1	0	0	29439154	0	0	29439154	0	/index/chat/init
1	0	0	0	1	0	0	29439154	0	0	29439154	0	/public/home/js/func.js
1	0	0	3	2	0	29459103	29441523	0	29453168	29440252	0	/tx1.php
1	0	0	1	1	0	29449916	29441759	0	29449916	29441759	0	/alfanew.PhP7
1	0	0	2	1	0	29465124	29441759	0	29449916	29441759	0	/wp-admin/js/widgets/about.php7
1	0	0	0	4	0	0	29446722	0	0	29438917	0	/gfile.php
1	0	0	1	0	0	29470377	0	0	29470377	0	0	/wp-yasd5m7afq.php
1	0	0	1	0	0	29458652	0	0	29458652	0	0	/wp-admin/css/colors/blue/pass.php
1	0	0	7	2	0	29470379	29444727	0	29449915	29441757	0	/moon.php
1	0	0	14	8	0	29465125	29447794	0	29449915	29438917	0	/admin.php
1	0	0	1	0	0	29462283	0	0	29462283	0	0	/category/times-of-india/technology
1	0	0	2	0	0	29449917	0	0	29441759	0	0	/wp-includes/sodium_compat/namespaced/
1	0	0	1	0	0	29458652	0	0	29458652	0	0	/testt.php
1	0	0	0	1	0	0	29447794	0	0	29447794	0	/admin-post.php
1	0	0	1	0	0	29461791	0	0	29461791	0	0	/Alex-Cross.php
1	0	0	1	0	0	29458651	0	0	29458651	0	0	/wp-admin/css/colors/blue/xboom.php
1	1	0	1	0	29447623	29458650	0	29447623	29458650	0	1686	/wp-admin/wp-login.php
1	0	0	1	0	0	29458652	0	0	29458652	0	0	/wp-content/plugins/db/
1	0	0	1	2	0	29459102	29442209	0	29459102	29438917	0	/file30.php
1	0	0	0	1	0	0	29438573	0	0	29438573	0	/main.js
1	0	0	4	0	0	29463942	0	0	29462870	0	0	/file-manager/dialog
1	0	0	0	1	0	0	29439154	0	0	29439154	0	/a/web/goWeb/userTpl
1	0	0	1	1	0	29461791	29447794	0	29461791	29447794	0	/maint.php
1	0	0	2	0	0	29459102	0	0	29453169	0	0	/cwclass.php
1	0	0	4	3	0	29458652	29441758	0	29449916	29440252	0	/wp-includes/customize/about.php
1	0	0	1	0	0	29458651	0	0	29458651	0	0	/wp-includes/pomo/plugins.php
1	0	0	2	0	0	29453526	0	0	29452727	0	0	/css/up.php
1	0	0	2	5	0	29453526	29446722	0	29452727	29438917	0	/acp.php
1	0	0	2	0	0	29453525	0	0	29452726	0	0	/hello.php
1	0	0	1	0	0	29459102	0	0	29459102	0	0	/sao.php
1	0	0	1	0	0	29458651	0	0	29458651	0	0	/wp-includes/atomlib.php
1	0	0	1	0	0	29459102	0	0	29459102	0	0	/dbc.php
1	0	0	0	1	0	0	29439154	0	0	29439154	0	/h5api/text-app/findPage
1	0	0	1	0	0	29458651	0	0	29458651	0	0	/wp-includes/class-wp-network-query-stat.php
1	0	0	0	1	0	0	29439154	0	0	29439154	0	/static/img/banben.png
1	0	0	1	0	0	29458651	0	0	29458651	0	0	/wp-content/plugins/erinyani/asasx.php
1	0	0	2	1	0	29463413	29444728	0	29453628	29444728	0	/conflg.php?p=
1	0	0	0	1	0	0	29439154	0	0	29439154	0	/mobile/get_item_list
1	0	0	1	0	0	29458650	0	0	29458650	0	0	/wp-content/plugins/view-more/ioxi.php
1	0	0	1	0	0	29470270	0	0	29470270	0	0	/wp-content/plugins/media-library-assistant/includes/mla-file-downloader.php?mla_download_type=text/html&mla_download_file=../../../../wp-config.php
1	0	0	4	1	0	29463414	29444728	0	29452727	29444728	0	/dlu.php
1	0	0	1	0	0	29458651	0	0	29458651	0	0	/wp-includes/js/tinymce/plugins/fullscreen/about.php
1	0	0	1	0	0	29458650	0	0	29458650	0	0	/wp-content/upgrade/item.php
1	0	0	1	0	0	29458652	0	0	29458652	0	0	/wp-admin/css/colors/gold.php
1	0	0	1	0	0	29458650	0	0	29458650	0	0	/wp-admin/css/colors/ocean/index.php
1	0	0	1	0	0	29465124	0	0	29465124	0	0	/wp-admin/maint/upfile.php
1	0	0	4	1	0	29463413	29444728	0	29453168	29444728	0	/zxl.php
1	0	0	0	1	0	0	29438917	0	0	29438917	0	/size.php
1	0	0	1	0	0	29463412	0	0	29463412	0	0	/ajq1s.php
1	0	0	2	0	0	29453525	0	0	29452726	0	0	/abt.php
1	0	0	1	0	0	29453654	0	0	29453654	0	0	/wp-content/a.php
1	0	0	0	1	0	0	29439154	0	0	29439154	0	/public/assets/js/intlTelutils.js
1	0	0	2	1	0	29458651	29441759	0	29449916	29441759	0	/wp-includes/autoload_classmap.php
1	0	0	1	0	0	29458650	0	0	29458650	0	0	/wp-admin/css/colors/blue/ahax.php
1	0	0	0	1	0	0	29438473	0	0	29438473	0	/ecp/Current/exporttool/microsoft.exchange.ediscovery.exporttool.application
1	0	0	1	0	0	29470377	0	0	29470377	0	0	/sxx.php
1	0	0	3	2	0	29461791	29441523	0	29453168	29440253	0	/wp-admin/css/colors/midnight/about.php
1	0	0	3	0	0	29458651	0	0	29452727	0	0	/tox.php
1	0	0	4	0	0	29463942	0	0	29462870	0	0	/file-manager/tinymce
1	0	0	1	0	0	29461791	0	0	29461791	0	0	/INFECTED.php
1	0	0	0	1	0	0	29439154	0	0	29439154	0	/api/version/system_setting
1	0	0	0	1	0	0	29440478	0	0	29440478	0	/config/*.yml
1	0	0	1	0	0	29458652	0	0	29458652	0	0	/wp-content/themes/classwithtostring.php 
1	0	0	2	0	0	29470044	0	0	29469939	0	0	/wp-includes/blocks/gallery/index.php
1	0	0	3	2	0	29463413	29444728	0	29449916	29441758	0	/akcc.php?p=
1	0	0	2	0	0	29449917	0	0	29441759	0	0	/wp-includes/js/crop/
1	0	0	1	0	0	29458650	0	0	29458650	0	0	/wp-content/plugins/autoload_classmap.php
1	0	0	0	1	0	0	29439154	0	0	29439154	0	/Public/Home/images/cardinfo.png
1	0	0	1	1	0	29449916	29441758	0	29449916	29441758	0	/about/function.php?p=
1	0	0	3	2	0	29463414	29444728	0	29453629	29438917	0	/ant.php
1	0	0	1	0	0	29458650	0	0	29458650	0	0	/wp-includes/customize/dedi1.php
1	0	0	0	2	0	0	29447623	0	0	29443457	0	/gelay.php
1	0	0	1	0	0	29458651	0	0	29458651	0	0	/wp-content/uploads/content.php
1	0	0	1	6	0	29449916	29447623	0	29449916	29441758	0	/asasx.php
1	0	0	0	1	0	0	29438917	0	0	29438917	0	/0xx.php
1	0	0	2	3	0	29453383	29441523	0	29453168	29438917	0	/htaccess.php
1	0	0	1	0	0	29458651	0	0	29458651	0	0	/wp-content/themes/aahana/worksec.php
1	0	0	2	1	0	29463414	29444728	0	29453629	29444728	0	/karak.php
1	0	0	2	1	0	29453526	29446205	0	29452727	29446205	0	/file18.php
1	0	0	1	0	0	29453167	0	0	29453167	0	0	/cabs.php
1	0	0	1	1	0	29449916	29441758	0	29449916	29441758	0	/past.php
1	0	0	1	1	0	29449916	29441758	0	29449916	29441758	0	/fuccck.php
1	0	0	1	0	0	29458651	0	0	29458651	0	0	/fonts/database.php
1	0	0	1	0	0	29458652	0	0	29458652	0	0	/assets/content.php
1	0	0	1	0	0	29465124	0	0	29465124	0	0	/cp.php
1	0	0	1	0	0	29458652	0	0	29458652	0	0	/wp-content/plugins/wp-hps/sh/
1	0	0	1	0	0	29458652	0	0	29458652	0	0	/wp-content/themes/sketch/
1	0	0	3	0	0	29458652	0	0	29441759	0	0	/wp-includes/images/smilies/
1	0	0	1	1	0	29449916	29441758	0	29449916	29441758	0	/fm1.php
1	0	0	1	0	0	29458650	0	0	29458650	0	0	/wp-content/wso.php
1	0	0	1	1	0	29449916	29441759	0	29449916	29441759	0	/kretek.php
1	0	0	1	0	0	29458651	0	0	29458651	0	0	/images/buy.php
1	0	0	1	0	0	29458652	0	0	29458652	0	0	/wp-content/click.php
1	0	0	2	2	0	29453654	29447624	0	29453169	29439000	0	/wp-signin.php
1	0	0	1	0	0	29439180	0	0	29439180	0	0	/admin/logout
1	1	0	0	0	29440020	0	0	29440020	0	0	35759	/index.php?option=com_fabrik&c=import&view=import
1	0	0	1	0	0	29458651	0	0	29458651	0	0	/admin.php 
1	1	0	4	1	29441521	29461791	29440253	29441521	29452727	29440253	6659	/333.php
1	0	0	1	0	0	29463412	0	0	29463412	0	0	/geido.php
1	0	0	2	1	0	29463414	29444728	0	29453629	29444728	0	/v1.php
1	0	0	1	1	0	29453654	29443458	0	29453654	29443458	0	/wp-content/403.php
1	0	0	1	1	0	29449916	29441758	0	29449916	29441758	0	/elp.php?p=
1	0	0	1	0	0	29459103	0	0	29459103	0	0	/0xs.php
1	0	0	3	0	0	29458652	0	0	29441759	0	0	/wp-includes/images/crystal/
1	0	0	1	1	0	29458650	29447794	0	29458650	29447794	0	/wp-class.php
1	0	0	2	3	0	29470379	29446722	0	29470377	29442579	0	/lufix.php
1	0	0	1	0	0	29458652	0	0	29458652	0	0	/wp-content/plugins/pwnd-1/
1	0	0	3	0	0	29453654	0	0	29441759	0	0	/wp-includes/style-engine/
1	0	0	1	1	0	29449916	29441758	0	29449916	29441758	0	/wp-cron.php
1	0	0	1	0	0	29458652	0	0	29458652	0	0	/wp-content/plugins/wp-theme-editor/include.php 
1	0	0	1	1	0	29470382	29446205	0	29470382	29446205	0	/file13.php
1	0	0	2	0	0	29463406	0	0	29463061	0	0	/userfuns.php
1	0	0	0	1	0	0	29443457	0	0	29443457	0	/alfav4.1-tesla.php
1	0	0	0	1	0	0	29439154	0	0	29439154	0	/api/shop_dizhi_mod.php
1	0	0	5	2	0	29463412	29444727	0	29452727	29442209	0	/db.php
1	0	0	5	1	0	29470382	29440253	0	29452726	29440253	0	/ton.php
1	0	0	0	1	0	0	29439154	0	0	29439154	0	/acquireSession
1	0	0	2	4	0	29463412	29446722	0	29453628	29442579	0	/minik.php
1	0	0	2	2	0	29470379	29447794	0	29449916	29441759	0	/user.php
1	0	0	1	0	0	29458650	0	0	29458650	0	0	/wp-includes/style-engine/bypass.php
1	0	0	0	1	0	0	29439154	0	0	29439154	0	/app/Home/apitest
1	0	0	1	0	0	29458651	0	0	29458651	0	0	/assets/class_update_plugins.php
1	0	0	1	0	0	29458651	0	0	29458651	0	0	/wp-includes/assets/script-modules-packages.min-boolean.php
1	0	0	10	7	0	29470381	29447623	0	29449915	29438917	0	/ioxi-o.php
1	0	0	2	0	0	29453525	0	0	29452727	0	0	/ok.php
1	0	0	1	0	0	29470377	0	0	29470377	0	0	/lib854.php
1	0	0	2	1	0	29458652	29441758	0	29449916	29441758	0	/wp-admin/setup-config.php
1	0	0	0	1	0	0	29439154	0	0	29439154	0	/api/common/huobiTicket
1	0	0	0	1	0	0	29439154	0	0	29439154	0	/html/wechat/getkey
1	0	0	2	1	0	29458650	29441757	0	29449915	29441757	0	/wp-content/plugins/pwnd/pwnd.php
1	0	0	0	1	0	0	29439154	0	0	29439154	0	/api/agent?q=0
1	0	0	2	0	0	29470044	0	0	29469939	0	0	/wp-content/themes/twentytwentyfour/index.php
1	0	0	1	0	0	29458652	0	0	29458652	0	0	/wp-content/plugins/wp-theme-editor/
1	0	0	2	0	0	29470043	0	0	29469939	0	0	/edit-tags.php
1	0	0	1	0	0	29465124	0	0	29465124	0	0	/about.php7
1	0	0	1	0	0	29458651	0	0	29458651	0	0	/wp-includes/rk2.php
1	0	0	0	1	0	0	29439154	0	0	29439154	0	/common/pub/getSystemInfo
1	0	0	0	1	0	0	29439154	0	0	29439154	0	/index/index/info?type=ultimate&date=1
1	0	0	2	1	0	29463412	29444727	0	29453628	29444727	0	/abe.php
1	0	0	0	1	0	0	29439154	0	0	29439154	0	/static/home-active.png
1	0	0	1	0	0	29453168	0	0	29453168	0	0	/thai.php
1	0	0	3	0	0	29470377	0	0	29452726	0	0	/wp-x7.php
1	0	0	1	1	0	29449917	29441759	0	29449917	29441759	0	/wp-includes/wp-includes/class-wp-block-pattern-categories-registry.php
1	0	0	1	0	0	29458650	0	0	29458650	0	0	/wp-includes/IXR/fix.php7
1	0	0	1	0	0	29461790	0	0	29461790	0	0	/xde.php
1	0	0	0	1	0	0	29439000	0	0	29439000	0	/wp-includes/IXR
1	0	0	2	0	0	29459100	0	0	29453169	0	0	/bipas.php
1	0	0	0	1	0	0	29439154	0	0	29439154	0	/doLogin
1	0	0	1	0	0	29458651	0	0	29458651	0	0	/page.php
1	0	0	0	1	0	0	29439154	0	0	29439154	0	/AppInfo.aspx?s=/api/login
1	0	0	1	0	0	29458650	0	0	29458650	0	0	/wp-includes/infi.php
1	0	0	1	1	0	29458651	29443458	0	29458651	29443458	0	/wp-admin/network/index.php
1	0	0	0	1	0	0	29439154	0	0	29439154	0	/home/member/getcode
1	0	0	1	0	0	29470377	0	0	29470377	0	0	/data243.php
1	0	0	1	0	0	29470376	0	0	29470376	0	0	/admin-bar.php
1	0	0	1	0	0	29461790	0	0	29461790	0	0	/unrubbish.php
1	0	0	3	2	0	29463413	29444728	0	29449916	29441759	0	/xmrlpc.php?p=
1	0	0	1	0	0	29458651	0	0	29458651	0	0	/wp-content/uploads/fileman.php
1	0	0	11	7	0	29463412	29447623	0	29449915	29440252	0	/css.php
1	0	0	1	0	0	29465124	0	0	29465124	0	0	/madspotshell.php
1	0	0	1	0	0	29458651	0	0	29458651	0	0	/wp-content/themes/pridmag/waf_defender.php
1	0	0	2	1	0	29469679	29440159	0	29464685	29440159	0	/sitemap.xml
1	0	0	1	0	0	29458651	0	0	29458651	0	0	/wp-includes/fonts/class_api.php
1	0	0	1	0	0	29458651	0	0	29458651	0	0	/wp-admin/css/colors/light/colors.min.php
1	0	0	10	6	0	29470381	29447623	0	29449915	29440252	0	/as.php
1	0	0	0	1	0	0	29438917	0	0	29438917	0	/abcd.phphttp://unidadmedicalasvegas.com/xsas.php
1	0	0	2	1	0	29463413	29444727	0	29453628	29444727	0	/ws.php7
1	0	0	1	0	0	29458650	0	0	29458650	0	0	/wp-content/plugins/core-plugin/include.php
1	0	0	2	1	0	29458650	29441758	0	29449916	29441758	0	/wp-includes/PHPMailer/about.php
1	0	0	1	0	0	29458650	0	0	29458650	0	0	/templates/beez3/index.php
1	0	0	0	1	0	0	29439154	0	0	29439154	0	/static/wap/js/3.4.3.js
1	0	0	0	1	0	0	29439154	0	0	29439154	0	/goods/ajaxGoodsList
1	0	0	0	1	0	0	29439154	0	0	29439154	0	/x_hf.asp
1	0	0	1	1	0	29449916	29441758	0	29449916	29441758	0	/mah/sck.php
1	0	0	0	1	0	0	29440479	0	0	29440479	0	/wp-config.php.bak
1	0	0	0	1	0	0	29446204	0	0	29446204	0	/file8.php
1	0	0	2	2	0	29453383	29441523	0	29453168	29440253	0	/wp-includes/fonts/index.php?p=
1	0	0	1	0	0	29458650	0	0	29458650	0	0	/wp-admin/images/wp-conflg.php
1	0	0	2	0	0	29461791	0	0	29459101	0	0	/ctex1.php
1	0	0	0	1	0	0	29439154	0	0	29439154	0	/setting/lever
1	0	0	1	1	0	29458652	29447794	0	29458652	29447794	0	/setup-config.php
1	0	0	1	0	0	29458651	0	0	29458651	0	0	/images/wp-aespa.php
1	0	0	0	1	0	0	29439154	0	0	29439154	0	/mobile/v3/js/lotterys.js?v=3
1	0	0	0	1	0	0	29439154	0	0	29439154	0	/static/images/xyicon.png
1	0	0	0	1	0	0	29439154	0	0	29439154	0	/api/Interface/mobile_ajax.asmx/GetAllInformation
1	0	0	5	3	0	29463413	29444728	0	29449915	29438917	0	/2.php
1	0	0	1	0	0	29458651	0	0	29458651	0	0	/wp-includes/ID3/module.audio-video.riff-set.php
1	0	0	0	1	0	0	29439154	0	0	29439154	0	/content/template/default/js/main.js?v=1.2.0
1	0	0	1	0	0	29453654	0	0	29453654	0	0	/wp-includes/customize/autoload_classmap.php
1	0	0	2	0	0	29453525	0	0	29452726	0	0	/an.php
1	0	0	0	1	0	0	29438917	0	0	29438917	0	/goomaogm.php
1	0	0	2	1	0	29439176	29439721	0	29439122	29439721	0	/coment/store
1	0	0	0	3	0	0	29446722	0	0	29442579	0	/price.php
1	0	0	0	1	0	0	29439154	0	0	29439154	0	/static/img_m/login-bg.a7550e9.png
1	0	0	1	0	0	29453169	0	0	29453169	0	0	/claa.php
1	0	0	1	0	0	29450593	0	0	29450593	0	0	/images/nxc.php
1	0	0	1	0	0	29458652	0	0	29458652	0	0	/wp-content/uploads/ao_ccss/
1	0	0	3	0	0	29466407	0	0	29461398	0	0	/media/system/js/core.js
1	0	0	0	1	0	0	29439154	0	0	29439154	0	/default_drawnotice.shtml
1	0	0	1	0	0	29458652	0	0	29458652	0	0	/routes/
1	0	0	0	3	0	0	29446722	0	0	29442579	0	/idea.php
1	0	0	2	1	0	29458651	29441758	0	29449916	29441758	0	/wp-content/plugins/about.php
1	1	1	0	0	29438495	0	0	29438495	0	0	699	/?23.178.112.213
1	0	0	1	0	0	29458650	0	0	29458650	0	0	/blog/wp-admin/about.php
1	0	0	2	0	0	29458651	0	0	29453167	0	0	/dir.php
1	0	0	4	3	0	29463412	29444727	0	29453383	29440253	0	/we2.php
1	0	0	1	0	0	29461791	0	0	29461791	0	0	/20ojy.php
1	0	0	1	0	0	29458651	0	0	29458651	0	0	/wp-admin/css/install.php
1	0	0	1	0	0	29458651	0	0	29458651	0	0	/uploads/af32.php
1	0	0	3	1	0	29470382	29446204	0	29452726	29446204	0	/file3.php
1	0	0	1	0	0	29458652	0	0	29458652	0	0	/wp-includes/template-less.php
1	0	0	1	0	0	29461789	0	0	29461789	0	0	/wp-adminmaintmailer.php
1	0	0	2	3	0	29463413	29447794	0	29453628	29438917	0	/max.php
1	0	0	2	0	0	29465124	0	0	29454741	0	0	/.well-known/error.php
1	0	0	0	1	0	0	29439154	0	0	29439154	0	/bxzq/sscout/fwtj
1	0	0	1	0	0	29458650	0	0	29458650	0	0	/wp-includes/class.api.php
1	0	0	0	1	0	0	29443457	0	0	29443457	0	/black.php
1	0	0	1	0	0	29458652	0	0	29458652	0	0	/wp-includes/css/install.php
1	0	0	1	1	0	29449916	29441759	0	29449916	29441759	0	/cgi-bin/file.php
1	0	0	0	1	0	0	29439154	0	0	29439154	0	/api/shop/product
1	0	0	1	0	0	29458650	0	0	29458650	0	0	/fonts/fontawesome-webfont.php
1	0	0	1	0	0	29458652	0	0	29458652	0	0	/home/
1	0	0	1	1	0	29449916	29441758	0	29449916	29441758	0	/wp-includes/js/jcrop/Jcrop.php
1	0	0	1	0	0	29461792	0	0	29461792	0	0	/lufix1.php
1	0	0	0	2	0	0	29449917	0	0	29441759	0	/.well-known/pki-validation/
1	0	0	2	0	0	29458650	0	0	29450592	0	0	/admin/upload/css.php
1	0	0	2	1	0	29463412	29444727	0	29453628	29444727	0	/arig.php
1	0	0	1	2	0	29449916	29447623	0	29449916	29441758	0	/blog/fw.php
1	0	0	0	3	0	0	29446722	0	0	29442579	0	/ad.php
1	0	0	2	1	0	29458650	29441758	0	29449916	29441758	0	/wp-includes/admin.php
1	0	0	0	1	0	0	29442209	0	0	29442209	0	/manage.php
1	0	0	1	0	0	29458652	0	0	29458652	0	0	/wp-content/uploads/goods.php
1	0	0	1	0	0	29458652	0	0	29458652	0	0	/wp-content/uploads/typehub/custom/
1	0	0	0	3	0	0	29446722	0	0	29442579	0	/ucp.php
1	0	0	0	3	0	0	29446722	0	0	29442579	0	/fjpeb.php
1	0	0	0	1	0	0	29439154	0	0	29439154	0	/mobile/login/register.html
1	0	0	0	1	0	0	29439154	0	0	29439154	0	/api/info/doqm
1	0	0	1	0	0	29458652	0	0	29458652	0	0	/admin/uploads/images/
1	0	0	0	1	0	0	29439154	0	0	29439154	0	/service/business/api/hotlist/randomHotList
1	0	0	2	0	0	29470380	0	0	29461789	0	0	/21x.php
1	0	0	1	0	0	29458651	0	0	29458651	0	0	/wp-includes/style-engine/wp-conflg.php
1	0	0	1	1	0	29449916	29441758	0	29449916	29441758	0	/file.php?fm=true
1	0	0	0	1	0	0	29439154	0	0	29439154	0	/api/front/share
1	0	0	0	1	0	0	29439154	0	0	29439154	0	/api/mdm/ipa?udid=1
1	0	0	0	1	0	0	29439154	0	0	29439154	0	/yhtz1.js
1	0	0	2	0	0	29449917	0	0	29441759	0	0	/wp-includes/rest-api/search/
1	0	0	1	0	0	29460470	0	0	29460470	0	0	/assets/global/plugins/jquery-file-upload/server/php/index.php?file=tf2rghf.jpg
1	0	0	1	0	0	29458651	0	0	29458651	0	0	/wp-includes/sitemaps/providers/doc.php
1	0	0	2	1	0	29458651	29441758	0	29449916	29441758	0	/simple/function.php
1	0	0	1	1	0	29449917	29441759	0	29449917	29441759	0	/wp-admin/includes/nav.php
1	0	0	5	4	0	29458650	29447794	0	29449915	29438917	0	/system_log.php
1	0	0	1	0	0	29459103	0	0	29459103	0	0	/horeg.php
1	0	0	0	1	0	0	29443457	0	0	29443457	0	/administrator/templates/hathor/error.php
1	0	0	1	1	0	29449916	29441759	0	29449916	29441759	0	/man.php
1	0	0	2	0	0	29449917	0	0	29441759	0	0	/wp-includes/block-supports/
1	0	0	0	1	0	0	29439154	0	0	29439154	0	/Public/statics/js/iconfont.js
1	0	0	1	0	0	29458651	0	0	29458651	0	0	/wp-admin/css/colors/ectoplasm/content.php
1	0	0	2	1	0	29463413	29444727	0	29453628	29444727	0	/compare.php
1	0	0	1	1	0	29449916	29441758	0	29449916	29441758	0	/text.php
1	0	0	0	1	0	0	29439154	0	0	29439154	0	/js/noright.js
1	0	0	2	0	0	29453525	0	0	29452726	0	0	/wp1.php
1	0	0	2	0	0	29458522	0	0	29458522	0	0	/plugins/editors/jckeditor/plugins/jtreelink/dialogs/links.php?extension=menu&view=menu&parent=" UNION SELECT NULL,NULL,'AxvInjection1337',NULL,NULL,NULL,NULL,NULL-- aa
1	0	0	2	0	0	29449917	0	0	29441759	0	0	/wp-includes/blocks/archives/
1	0	0	2	0	0	29449917	0	0	29441759	0	0	/wp-content/plugins/elementor/assets/images/app/
1	8	0	0	0	29440317	0	0	29440199	0	0	554792	/storage/blogs/1766315652_download (1).jpg
1	0	0	2	1	0	29463414	29444728	0	29453629	29444728	0	/wpc.php?p=
1	0	0	1	0	0	29458651	0	0	29458651	0	0	/admin-footer.php
1	1	0	0	0	29439154	0	0	29439154	0	0	7811	/index.php?s=/api/user.index/autochat
1	0	0	1	0	0	29465125	0	0	29465125	0	0	/shop/lock.php
1	0	0	0	1	0	0	29439154	0	0	29439154	0	/Ajax/checkpwd.js
1	0	0	3	1	0	29470379	29440253	0	29453384	29440253	0	/2clas.php
1	0	0	1	0	0	29458651	0	0	29458651	0	0	/admin/controller/extension/extension/cloud.php
1	0	0	1	0	0	29450593	0	0	29450593	0	0	/help.php
1	0	0	5	0	0	29469101	0	0	29456384	0	0	/simple-steps-to-delete-gmail-account/
1	0	0	0	1	0	0	29439154	0	0	29439154	0	/dwcc/sysCxunt/adx
1	0	0	1	0	0	29458652	0	0	29458652	0	0	/wp-includes/ID3
1	0	0	0	1	0	0	29438473	0	0	29438473	0	/v2/_catalog
1	0	0	1	0	0	29470380	0	0	29470380	0	0	/avtst.php
1	0	0	3	0	0	29458652	0	0	29441759	0	0	/.tmb/
1	0	0	0	1	0	0	29439154	0	0	29439154	0	/app/checkBind?userKey=1&phone=&_=1729133893090
1	0	0	3	0	0	29458652	0	0	29441759	0	0	/admin/editor/
1	0	0	1	1	0	29449917	29441759	0	29449917	29441759	0	/wp-content/plugins/pwnd/bss.php
1	0	0	3	0	0	29470381	0	0	29453168	0	0	/0o0.php
1	0	0	3	0	0	29459100	0	0	29452727	0	0	/sto.php
1	0	0	0	1	0	0	29439154	0	0	29439154	0	/api/dict/getServiceConfig
1	0	0	1	1	0	29453654	29443458	0	29453654	29443458	0	/wp-includes/gelay.php
1	0	0	2	0	0	29449917	0	0	29441759	0	0	/wp-includes/blocks/shortcode/
1	0	0	1	0	0	29458652	0	0	29458652	0	0	/wp-content/plugins/BrutalShell/
1	0	0	1	0	0	29450593	0	0	29450593	0	0	/upload/gpt-sh2.php
1	0	0	0	1	0	0	29439154	0	0	29439154	0	/static/js/common.js
1	0	0	1	2	0	29449916	29447794	0	29449916	29441758	0	/wp-blog-header.php
1	0	0	0	1	0	0	29439154	0	0	29439154	0	/data/visa.txt
1	0	0	0	1	0	0	29439000	0	0	29439000	0	/wp-includes/Text
1	0	0	2	1	0	29463414	29444728	0	29453629	29444728	0	/lc.php
1	0	0	0	1	0	0	29443458	0	0	29443458	0	/wp-admin/s.php
1	0	0	2	1	0	29458650	29441758	0	29449916	29441758	0	/wp-content/languages/about.php
1	0	0	2	2	0	29463413	29447794	0	29453628	29444727	0	/bak.php
1	0	0	1	0	0	29458650	0	0	29458650	0	0	/wp-includes/widgets/dyqvcfqv.php
1	0	0	6	5	0	29470382	29447794	0	29449916	29440252	0	/byp.php
1	1	0	0	0	29447623	0	0	29447623	0	0	1686	/wp-admin/css/colors/light/wp-login.php
1	0	0	0	1	0	0	29447624	0	0	29447624	0	/classwithtostring
1	0	0	0	1	0	0	29439154	0	0	29439154	0	/serveapi/tx/open/session/fffff
1	0	0	0	1	0	0	29439048	0	0	29439048	0	/index4.php
1	0	0	1	0	0	29465124	0	0	29465124	0	0	/mad.php
1	0	0	1	1	0	29458650	29438917	0	29458650	29438917	0	/wp-admin/wp-conflg.php
1	0	0	2	1	0	29458651	29441758	0	29449916	29441758	0	/plugin.php
1	0	0	0	3	0	0	29446722	0	0	29442579	0	/npi.php
1	0	0	0	1	0	0	29439154	0	0	29439154	0	/resource/home/js/config.js
1	0	0	0	3	0	0	29441519	0	0	29438917	0	/neshe
1	0	0	1	0	0	29470380	0	0	29470380	0	0	/ws46.php
1	0	0	1	0	0	29459100	0	0	29459100	0	0	/wl.php
1	0	0	0	1	0	0	29438473	0	0	29438473	0	/s/9383e26323e2539313e2935313/_/
1	0	0	1	1	0	29449916	29441759	0	29449916	29441759	0	/xc.php
1	0	0	1	0	0	29458652	0	0	29458652	0	0	/wp-content/plugins/classic-editor/alam.php
1	0	0	2	0	0	29449917	0	0	29441759	0	0	/vendor/
1	0	0	2	0	0	29461791	0	0	29459102	0	0	/ahy66.php
1	0	0	1	0	0	29458652	0	0	29458652	0	0	/wp-content/uploads/2023/11/
1	0	0	1	0	0	29458650	0	0	29458650	0	0	/wp-content/uploads/admin.php
1	0	0	0	1	0	0	29458651	0	0	29458651	0	/.well-known/pki-validation/class_api.php
1	0	0	3	2	0	29463412	29444727	0	29449917	29441759	0	/wp-activate.php
1	0	0	0	1	0	0	29439154	0	0	29439154	0	/invest
1	0	0	0	1	0	0	29439154	0	0	29439154	0	/static/images/head/kefu.jpg
1	0	0	1	1	0	29449917	29441759	0	29449917	29441759	0	/upgrade.php
1	0	0	1	0	0	29453167	0	0	29453167	0	0	/File.php
1	0	0	1	0	0	29458651	0	0	29458651	0	0	/wp-content/languages/bypass.php
1	0	0	0	1	0	0	29439154	0	0	29439154	0	/index/load/rebotslist.html
1	0	0	2	1	0	29470376	29438917	0	29459102	29438917	0	/blox.php
1	0	0	1	1	0	29449915	29441757	0	29449915	29441757	0	/asasx.php?p=
1	0	0	1	0	0	29458651	0	0	29458651	0	0	/wp-content/admin-footer.php
1	0	0	6	2	0	29463413	29444728	0	29449916	29441758	0	/jp.php
1	0	0	1	1	0	29449915	29441757	0	29449915	29441757	0	/mah.php?p=
1	0	0	1	0	0	29458652	0	0	29458652	0	0	/wp-content/upgrade/
1	0	0	1	0	0	29458650	0	0	29458650	0	0	/wp-content/themes/classwithtostring.php
1	0	0	0	1	0	0	29439154	0	0	29439154	0	/index.php/index/login/logincl
1	0	0	1	0	0	29458651	0	0	29458651	0	0	/wp-includes/sodium_compat/src/index.php
1	0	0	0	1	0	0	29439154	0	0	29439154	0	/app/login
1	0	0	1	0	0	29458651	0	0	29458651	0	0	/wp-includes/widgets/class-wp-widget-search-function.php
1	0	0	2	0	0	29453525	0	0	29452726	0	0	/wp-the1me.php
1	0	0	2	0	0	29453525	0	0	29452726	0	0	/build.php
1	0	0	0	1	0	0	29439154	0	0	29439154	0	/api/system/config
1	0	0	1	2	0	29453383	29441523	0	29453383	29440253	0	/.well-known/log.php
1	0	0	2	1	0	29458651	29441758	0	29449916	29441758	0	/wp-admin/images/about.php
1	0	0	1	1	0	29470377	29442579	0	29470377	29442579	0	/asus.php
1	0	0	2	1	0	29459100	29438917	0	29453168	29438917	0	/lopst.php
1	0	0	1	0	0	29458650	0	0	29458650	0	0	/wp-includes/certificates/admin.php
1	0	0	1	0	0	29465125	0	0	29465125	0	0	/wp-content/themes/include.php
1	0	0	1	0	0	29458650	0	0	29458650	0	0	/wp-includes/js/jquery/suggest.php
1	0	0	0	1	0	0	29439154	0	0	29439154	0	/api/coin/coins
1	0	0	1	0	0	29458650	0	0	29458650	0	0	/modules/mod_simplefileuploadv1.3/elements/udd.php
1	0	0	0	1	0	0	29439154	0	0	29439154	0	/js/_coolchat-commons.js
1	0	0	4	1	0	29470382	29440252	0	29453168	29440252	0	/atx.php
1	0	0	0	1	0	0	29439154	0	0	29439154	0	/static/js/app_ex.js
1	0	0	2	2	0	29458650	29447623	0	29449916	29441759	0	/.well-known/radio.php
1	0	0	1	0	0	29458652	0	0	29458652	0	0	/wp-includes/block-bindings/about.php
1	0	0	0	1	0	0	29439154	0	0	29439154	0	/account/login
1	0	0	2	0	0	29464686	0	0	29464686	0	0	/home
1	0	0	0	1	0	0	29439154	0	0	29439154	0	/js/app.js
1	0	0	0	3	0	0	29446722	0	0	29442579	0	/orm.php
1	0	0	1	0	0	29458652	0	0	29458652	0	0	/tmps/
1	0	0	0	1	0	0	29439154	0	0	29439154	0	/melody/api/v1/retgistercolumn/list
1	0	0	0	3	0	0	29446722	0	0	29442579	0	/ticket.php
1	0	0	2	0	0	29458652	0	0	29453654	0	0	/wp-includes/sitemaps/wp-conflg.php
1	0	0	2	1	0	29463414	29444728	0	29453629	29444728	0	/dex.php
1	0	0	1	0	0	29458652	0	0	29458652	0	0	/wp-includes/block-bindings/imagess.php
1	0	0	1	1	0	29470380	29438917	0	29470380	29438917	0	/vee.php
1	0	0	1	0	0	29458651	0	0	29458651	0	0	/images/habhan.php
1	0	0	0	3	0	0	29446722	0	0	29442579	0	/yca.php
1	0	0	3	0	0	29453525	0	0	29452006	0	0	/yas.php
1	0	0	1	0	0	29458652	0	0	29458652	0	0	/wp-admin/css/colors/ocean/
1	0	0	0	1	0	0	29447623	0	0	29447623	0	/xleet
1	0	0	1	0	0	29458652	0	0	29458652	0	0	/wp-content/plugins/cekidot/
1	0	0	5	3	0	29458651	29447623	0	29450592	29440252	0	/.well-known/index.php
1	0	0	4	0	0	29470380	0	0	29459103	0	0	/ws35.php
1	0	0	1	0	0	29458651	0	0	29458651	0	0	/wp-includes/rest-api/autoload_classmap.php
1	0	0	1	0	0	29470380	0	0	29470380	0	0	/ut.php
1	0	0	2	0	0	29453525	0	0	29452726	0	0	/wb.php
1	0	0	4	1	0	29463412	29444727	0	29452727	29444727	0	/ava.php
1	0	0	0	1	0	0	29440476	0	0	29440476	0	/serverless.dev.yml
1	0	0	1	0	0	29458652	0	0	29458652	0	0	/wp-includes/theme-compat/db.php
1	0	0	1	1	0	29449915	29441757	0	29449915	29441757	0	/akc.php?p=
1	0	0	1	0	0	29451560	0	0	29451560	0	0	/sftp-config.json
1	0	0	1	0	0	29470377	0	0	29470377	0	0	/general-template.php
1	0	0	2	0	0	29459102	0	0	29453169	0	0	/ah24.php
1	0	0	1	0	0	29458652	0	0	29458652	0	0	/wp-content/themes/twentytwentytwo/as.php
1	0	0	1	0	0	29465124	0	0	29465124	0	0	/private.php
1	0	0	0	1	0	0	29439154	0	0	29439154	0	/static/theme/landrick/js/counter.init.js
1	0	0	0	1	0	0	29439154	0	0	29439154	0	/market/coinList
1	0	0	1	0	0	29458652	0	0	29458652	0	0	/wp-content/plugins/cp-pro/
1	0	0	1	2	0	29449916	29446205	0	29449916	29441758	0	/wp-2019.php
1	0	0	0	1	0	0	29439154	0	0	29439154	0	/api/common/init
1	0	0	1	0	0	29458650	0	0	29458650	0	0	/wp-includes/PHPMailer/options.php
1	0	0	3	0	0	29470381	0	0	29461120	0	0	/an8.php
1	0	0	2	1	0	29450593	29441759	0	29449916	29441759	0	/worksec.php
1	0	0	2	0	0	29453525	0	0	29452726	0	0	/wp-content/packed.php
1	0	0	1	0	0	29458650	0	0	29458650	0	0	/wp-content/themes/twentytwentytwo/assets/fonts/index.php
1	0	0	1	0	0	29458652	0	0	29458652	0	0	/wp-content/uploads/install.php
1	0	0	2	1	0	29463414	29444728	0	29453629	29444728	0	/des.php
1	0	0	1	0	0	29462441	0	0	29462441	0	0	/?author=1
1	0	0	1	0	0	29458651	0	0	29458651	0	0	/wp-includes/widgets/class-wp-widget-rss-database.php
1	0	0	0	1	0	0	29439000	0	0	29439000	0	/wp-admin/js/widgets
1	0	0	1	0	0	29441759	0	0	29441759	0	0	/wp-content/plugins/classic-editor/
1	0	0	0	1	0	0	29439154	0	0	29439154	0	/static/images/my/my-sh.png
1	0	0	1	0	0	29458651	0	0	29458651	0	0	/wp-content/plugins/pwnd-1/kurd.php
1	0	0	0	1	0	0	29447624	0	0	29447624	0	/wp-admin/wp.php
1	0	0	6	1	0	29470044	29441758	0	29449916	29441758	0	/wp-content/classwithtostring.php
1	0	0	2	0	0	29458218	0	0	29458217	0	0	/pictureproxy.php?url=file:///etc/passwd
1	0	0	1	0	0	29458651	0	0	29458651	0	0	/wp-content/themes/twentytwentyfour/patterns/content-type.php
1	0	0	0	1	0	0	29439154	0	0	29439154	0	/v1/common/exploreFindConfig
1	1	0	0	0	29438471	0	0	29438471	0	0	64	/.well-known/acme-challenge/R_O0FCKN8PRBLJQJJ4YLS478AY4NMK62
1	0	0	1	0	0	29453167	0	0	29453167	0	0	/ws29.php
1	0	0	4	1	0	29465124	29439000	0	29450593	29439000	0	/images/install.php
1	0	0	0	1	0	0	29439154	0	0	29439154	0	/index/base
1	0	0	1	1	0	29449916	29441759	0	29449916	29441759	0	/xBrain.php
1	0	0	0	1	0	0	29439154	0	0	29439154	0	/static/wap/bjscDetails.html
1	0	0	1	1	0	29458650	29439000	0	29458650	29439000	0	/wp-user.php
1	0	0	2	1	0	29470381	29440253	0	29453383	29440253	0	/wp-includes/block-patterns/index.php
1	0	0	0	1	0	0	29447624	0	0	29447624	0	/wp_wrong_datlib.php
1	0	0	1	0	0	29470377	0	0	29470377	0	0	/mode.php?p=
1	0	0	1	0	0	29459103	0	0	29459103	0	0	/1vbqo.php
1	0	0	1	0	0	29458652	0	0	29458652	0	0	/wp-content/plugins/pwnd/
1	0	0	2	0	0	29459102	0	0	29453168	0	0	/wsvvs.php
1	0	0	3	0	0	29458652	0	0	29441759	0	0	/wp-admin/css/colors/sunrise/
1	0	0	1	0	0	29458650	0	0	29458650	0	0	/wp-includes/images/smilies/about.php
1	0	0	1	0	0	29458651	0	0	29458651	0	0	/about/goods.php
1	0	0	1	0	0	29458651	0	0	29458651	0	0	/wp-includes/bk/index.php
1	0	0	4	2	0	29470044	29447794	0	29449915	29441757	0	/xmrlpc.php
1	0	0	0	1	0	0	29439154	0	0	29439154	0	/api/v1/game/last_issue
1	0	0	4	2	0	29461791	29441523	0	29453168	29440253	0	/ioxi-o1.php
1	0	0	1	0	0	29458650	0	0	29458650	0	0	/blog/wp-content/about.php
1	0	0	1	0	0	29458651	0	0	29458651	0	0	/wp-content/1.php 
1	0	0	0	1	0	0	29439154	0	0	29439154	0	/assets/layui/resuser/room.js
1	0	0	0	2	0	0	29449915	0	0	29441757	0	/.well-known/pki-validation/cux.php
1	0	0	5	3	0	29463413	29444728	0	29449916	29438917	0	/v.php
1	0	0	0	1	0	0	29439000	0	0	29439000	0	/wp-includes/js/dist/development
1	0	0	0	1	0	0	29443458	0	0	29443458	0	/wp-includes/4.php
1	0	0	0	1	0	0	29439154	0	0	29439154	0	/_data/config/config/get
1	0	0	1	0	0	29458650	0	0	29458650	0	0	/wp-includes/blocks/table/int/tmpl/index.php
1	0	0	1	0	0	29459101	0	0	29459101	0	0	/kairolin.php
1	0	0	1	2	0	29449916	29447624	0	29449916	29441759	0	/wp-logs.php
1	0	0	1	0	0	29470377	0	0	29470377	0	0	/IMlikd8XOHn.php
1	0	0	1	0	0	29458652	0	0	29458652	0	0	/wp-content/plugins/erinyani/
1	0	0	0	1	0	0	29439154	0	0	29439154	0	/apii/home/user/zs
1	0	0	1	1	0	29449916	29441759	0	29449916	29441759	0	/wp-sxx.php
1	0	0	3	1	0	29465124	29441758	0	29449916	29441758	0	/wp-content/plugins/dummyyummy/wp-signup.php
1	0	0	0	1	0	0	29439154	0	0	29439154	0	/resources/main/common.js
1	0	0	2	2	0	29458651	29447623	0	29449916	29441758	0	/wp-admin/install.php
1	0	0	0	1	0	0	29439048	0	0	29439048	0	/router.php
1	0	0	1	0	0	29458652	0	0	29458652	0	0	/bitrix/admin/htmleditor2/natural.php
1	0	0	0	1	0	0	29439154	0	0	29439154	0	/x_mch/src/views/user/login.html?v=1.0.0
1	0	0	5	1	0	29470381	29440252	0	29452726	29440252	0	/class-t.api.php
1	0	0	9	6	0	29470382	29447794	0	29449915	29440253	0	/class.php
1	0	0	1	1	0	29453654	29443458	0	29453654	29443458	0	/wp-content/plugins/akismet/akismet.php
1	0	0	2	0	0	29453525	0	0	29452726	0	0	/wp-admin/maint/wp-is.php
1	0	0	1	0	0	29458652	0	0	29458652	0	0	/wp-content/themes/rishi/
1	0	0	0	1	0	0	29439154	0	0	29439154	0	/game-api/getVersion/3/1
1	0	0	0	1	0	0	29439154	0	0	29439154	0	/api/xin1.php
1	0	0	0	1	0	0	29439154	0	0	29439154	0	/api/yy2/pay?order_sn=
1	0	0	1	0	0	29458651	0	0	29458651	0	0	/wp-content/upgrade/bypass.php
1	0	0	3	1	0	29470382	29440253	0	29453168	29440253	0	/wp-content/themes/twentytwentytwo/index.php?p=
1	0	0	1	0	0	29458652	0	0	29458652	0	0	/wp-admin/js/widget/
1	0	0	3	0	0	29465124	0	0	29454742	0	0	/wp-includes/PHPMailer/
1	0	0	0	1	0	0	29439154	0	0	29439154	0	/api/web/v1/site/staticData
1	0	0	0	1	0	0	29440477	0	0	29440477	0	/.boto.cfg
1	0	0	1	1	0	29449916	29441759	0	29449916	29441759	0	/wp-admin/dropdown.php
1	0	0	1	0	0	29459102	0	0	29459102	0	0	/wp-wlx.php
1	0	0	2	2	0	29453383	29441519	0	29453168	29440252	0	/wsd.php
1	0	0	2	0	0	29458651	0	0	29452006	0	0	/wp-includes/Text/index.php
1	0	0	3	1	0	29453526	29441758	0	29449916	29441758	0	/wp-content/themes/sketch/404.php
1	0	0	3	2	0	29453525	29447623	0	29449916	29441758	0	/12.php
1	0	0	0	1	0	0	29439154	0	0	29439154	0	/dist/js/regist.js
1	0	0	1	1	0	29449915	29441757	0	29449915	29441757	0	/dropdown.php?p=
1	0	0	1	0	0	29459103	0	0	29459103	0	0	/f-401.php
1	0	0	0	1	0	0	29439154	0	0	29439154	0	/App/config
1	0	0	3	0	0	29458652	0	0	29441759	0	0	/wp-content/mu-plugins/
1	0	0	7	4	0	29470380	29447794	0	29449916	29440252	0	/mail.php
1	0	0	2	0	0	29453525	0	0	29452726	0	0	/wp-admin/css/colour.php
1	0	0	1	0	0	29458651	0	0	29458651	0	0	/wp-includes/css/dist/require-dynamic-blocks.php
1	0	0	1	2	0	29452006	29447623	0	29452006	29439000	0	/wp-admin/includes/colour.php
1	0	0	4	0	0	29463942	0	0	29462870	0	0	/laravel-file-manager/tinymce
1	0	0	1	0	0	29458650	0	0	29458650	0	0	/.wp/wso.php
1	0	0	1	1	0	29449916	29441759	0	29449916	29441759	0	/wp-includes/images/about.php
1	0	0	1	0	0	29458651	0	0	29458651	0	0	/vendor/phpunit/phpunit/src/Util/PHP/files.php
1	0	0	1	0	0	29459102	0	0	29459102	0	0	/7h.php
1	0	0	1	0	0	29458651	0	0	29458651	0	0	/l.php
1	0	0	1	0	0	29458651	0	0	29458651	0	0	/wp-admin/css/index.php
1	0	0	2	0	0	29453525	0	0	29452726	0	0	/n3.php
1	0	0	0	1	0	0	29447623	0	0	29447623	0	/php8.php
1	0	0	0	1	0	0	29442579	0	0	29442579	0	/maul.php
1	0	0	3	3	0	29453383	29441759	0	29449917	29440252	0	/wp-admin/wp-conflg.php?p=
1	0	0	1	1	0	29449917	29441759	0	29449917	29441759	0	/autoloadclassmap.php
1	0	0	0	1	0	0	29439154	0	0	29439154	0	/Public/Wap/jinrong/Mobile/Public/js/drawsvg.js
1	0	0	1	0	0	29458651	0	0	29458651	0	0	/wp-includes/widgets/class-wp-widget-meta-request.php
1	0	0	1	0	0	29461790	0	0	29461790	0	0	/1yade.php
1	0	0	1	0	0	29458652	0	0	29458652	0	0	/wp-content/plugins/revslider/includes/external/page/
1	0	0	1	1	0	29449916	29441759	0	29449916	29441759	0	/wp-includes/wp-includes/class-walker-category.php
1	0	0	1	0	0	29458651	0	0	29458651	0	0	/wp-includes/widgets/av.php
1	0	0	2	0	0	29449917	0	0	29441759	0	0	/private/
1	0	0	1	0	0	29458650	0	0	29458650	0	0	/.well-known/login.php
1	0	0	2	0	0	29449917	0	0	29441759	0	0	/makeasmtp.php/wp-includes/Requests/
1	0	0	4	0	0	29463942	0	0	29462870	0	0	/vendor/file-manager/tinymce
1	0	0	4	0	0	29463942	0	0	29462870	0	0	/file-manager/tinymce5
1	0	0	1	0	0	29470377	0	0	29470377	0	0	/query.php
1	0	0	1	0	0	29458651	0	0	29458651	0	0	/js/content-type.php
1	0	0	3	0	0	29458652	0	0	29441759	0	0	/ALFA_DATA/
1	0	0	0	1	0	0	29439154	0	0	29439154	0	/static/public/bp_about_4.jpg
1	0	0	1	0	0	29448466	0	0	29448466	0	0	/files/
1	0	0	1	0	0	29458650	0	0	29458650	0	0	/templates/beez/index.php
1	0	0	1	0	0	29470419	0	0	29470419	0	0	/tag/india/
1	0	0	9	8	0	29470382	29447623	0	29449915	29439000	0	/file.php
1	0	0	6	6	0	29470382	29447623	0	29449916	29440252	0	/g.php
1	0	0	1	0	0	29453654	0	0	29453654	0	0	/wp-content/plugins/yanierin/akcc.php
1	0	0	2	1	0	29470381	29438917	0	29458651	29438917	0	/gm.php
1	0	0	3	2	0	29459101	29441521	0	29453168	29440252	0	/fv.php
1	0	0	1	0	0	29458652	0	0	29458652	0	0	/wp-includes/default-filters-edit.php
1	0	0	0	1	0	0	29439154	0	0	29439154	0	/api/ipa/download_app_info
1	0	0	1	0	0	29458652	0	0	29458652	0	0	/wp-includes/Text/Diff/Engine/theme.php
1	0	0	1	0	0	29461789	0	0	29461789	0	0	/nox.ph
1	0	0	1	0	0	29458652	0	0	29458652	0	0	/wp-content/ALFA_DATA/alfacgiapi/
1	0	0	2	1	0	29463413	29444728	0	29453629	29444728	0	/xx.php?p=
1	0	0	0	1	0	0	29458651	0	0	29458651	0	/.well-known/pki-validation/webdb.php
1	0	0	0	1	0	0	29438472	0	0	29438472	0	/webjars/swagger-ui/
1	0	0	1	1	0	29454338	29443656	0	29454338	29443656	0	/components/com_jbusinessdirectory/assets/upload.php
1	0	0	1	0	0	29442429	0	0	29442429	0	0	/index.php?rest_route=/wp/v2/users&per_page=100&page=1&orderby=id&order=asc
1	0	0	3	0	0	29470380	0	0	29452727	0	0	/a2.php
1	0	0	1	3	0	29465125	29446722	0	29465125	29442579	0	/test.php
1	0	0	1	0	0	29458650	0	0	29458650	0	0	/blog/wp-includes/about.php
1	0	0	3	0	0	29458652	0	0	29441759	0	0	/wp-includes/l10n/
1	0	0	1	0	0	29458652	0	0	29458652	0	0	/wp-content/uploads/uploads.php
1	0	0	3	0	0	29468540	0	0	29464180	0	0	/?191.101.217.152
1	0	0	1	0	0	29458652	0	0	29458652	0	0	/wp-includes/aw.php
1	0	0	1	0	0	29449636	0	0	29449636	0	0	/wp-content/uploads/2018/06/Whatsapp-status-downloader.jpg
1	0	0	0	2	0	0	29440205	0	0	29440132	0	/storage/blogs/1766315652_download
1	0	0	0	1	0	0	29439154	0	0	29439154	0	/api/census/getTitle
1	0	0	1	0	0	29458652	0	0	29458652	0	0	/wp-content/plugins/cakil/
1	0	0	0	1	0	0	29439154	0	0	29439154	0	/Six/Js/class_12.js
1	0	0	0	1	0	0	29438473	0	0	29438473	0	/server-status
1	0	0	4	3	0	29463412	29447623	0	29449915	29441757	0	/b.php
1	0	0	1	0	0	29459100	0	0	29459100	0	0	/nansa.php
1	0	0	1	0	0	29458652	0	0	29458652	0	0	/ms-users.php
1	0	0	1	0	0	29458651	0	0	29458651	0	0	/wp-content/x.php
1	0	0	0	2	0	0	29439154	0	0	29439154	0	/index/newapi/api
1	0	0	1	0	0	29458651	0	0	29458651	0	0	/wp-includes/assets/script-loader-packages.min.php
1	0	0	0	1	0	0	29439154	0	0	29439154	0	/scripts/LoadAjaxIco.js
1	0	0	1	0	0	29458650	0	0	29458650	0	0	/wp-includes/fonts/index.php
1	0	0	0	1	0	0	29439154	0	0	29439154	0	/backend?{"param":{"m_szUserName":"","m_szPass":"","m_strSig":"","m_strSessionID":"","m_strToken":"","m_szToken":"0"},"act":1}
1	0	0	1	1	0	29449916	29441758	0	29449916	29441758	0	/wp-includes/Text/autoload_classmap.php
1	0	0	0	1	0	0	29448466	0	0	29448466	0	/sites/default/files
1	0	0	4	1	0	29470381	29440252	0	29453168	29440252	0	/ww1.php
1	0	0	1	0	0	29458652	0	0	29458652	0	0	/blog/
1	0	0	0	1	0	0	29439154	0	0	29439154	0	/static/quickly/alipay.png
1	0	0	1	0	0	29458651	0	0	29458651	0	0	/wp-admin/css/colors/blue/abc.php
1	0	0	1	0	0	29458651	0	0	29458651	0	0	/vendor/phpunit/phpunit/src/Util/PHP/uss.php
1	0	0	1	1	0	29449916	29441758	0	29449916	29441758	0	/wp-conflg.php?p=
1	0	0	1	0	0	29463412	0	0	29463412	0	0	/world.php
1	14	0	0	2	29439612	0	29448559	29439139	0	29442150	2293480	/storage/sitelogo.png
1	0	0	1	0	0	29458652	0	0	29458652	0	0	/assets/images/cloud.php
1	0	0	0	1	0	0	29439154	0	0	29439154	0	/libs/wsBase.js
1	0	0	0	1	0	0	29439154	0	0	29439154	0	/api/getconfig.aspx
1	0	0	1	0	0	29458651	0	0	29458651	0	0	/wp-includes/js/tinymce/utils/license.php
1	0	0	0	1	0	0	29439154	0	0	29439154	0	/static/new/js/shangchuan.js
1	0	0	1	0	0	29458651	0	0	29458651	0	0	/wp-includes/interactivity-api/interactivity-api-class.php
1	0	0	3	1	0	29458651	29441758	0	29449916	29441758	0	/wp-includes/assets/autoload_classmap.php
1	0	0	3	0	0	29461791	0	0	29452727	0	0	/wp-is.php
1	0	0	1	0	0	29458651	0	0	29458651	0	0	/fog/management/index.php
1	0	0	0	1	0	0	29439154	0	0	29439154	0	/static/index/js/yhfunction.js
1	0	0	3	3	0	29470379	29447794	0	29449916	29441759	0	/web.php
1	0	0	0	1	0	0	29439154	0	0	29439154	0	/api/Common/uploadPic
1	0	0	0	1	0	0	29439154	0	0	29439154	0	/Public/mobile/js/config.js
1	0	0	1	0	0	29459101	0	0	29459101	0	0	/admiin.php
1	0	0	6	4	0	29463414	29444728	0	29449916	29438917	0	/NewFile.php
1	0	0	2	1	0	29458650	29441758	0	29449916	29441758	0	/wp-includes/blocks/about.php
1	0	0	1	1	0	29449916	29441759	0	29449916	29441759	0	/alfa-shell-v4.1-tesla-decoded.php
1	0	0	1	0	0	29458652	0	0	29458652	0	0	/wp-content/plugins/seooyanz/
1	0	0	1	0	0	29458650	0	0	29458650	0	0	/cgi-bin/class.api.php
1	0	0	2	0	0	29465124	0	0	29454742	0	0	/wp-admin/includes/
1	0	0	5	2	0	29470380	29441757	0	29449916	29440252	0	/wp-includes/ID3/about.php
1	0	0	3	0	0	29458652	0	0	29441759	0	0	/wp-includes/css/
1	0	0	1	0	0	29465125	0	0	29465125	0	0	/Assets/item.php
1	0	0	1	0	0	29458652	0	0	29458652	0	0	/assets/av.php
1	0	0	2	0	0	29449917	0	0	29441759	0	0	/wp-includes/Requests/Proxy/
1	0	0	1	0	0	29458651	0	0	29458651	0	0	/wp-content/uploads/bypass.php
1	0	0	1	0	0	29458651	0	0	29458651	0	0	/filefuns.php
1	0	0	1	0	0	29470377	0	0	29470377	0	0	/core990.php
1	0	0	1	0	0	29458652	0	0	29458652	0	0	/site/wp-includes/
1	0	0	3	0	0	29458652	0	0	29441759	0	0	/wp-admin/js/widgets/
1	0	0	1	0	0	29458650	0	0	29458650	0	0	/wp-admin/js/widgets/bypass.php
1	0	0	1	0	0	29470376	0	0	29470376	0	0	/lib068.php
1	0	0	0	1	0	0	29446205	0	0	29446205	0	/phpinfo.php
1	0	0	2	0	0	29458522	0	0	29458522	0	0	/js/tinymce/jscripts/tiny_mce/plugins/ajaxfilemanager/ajaxfilemanager.php
1	0	0	1	0	0	29458651	0	0	29458651	0	0	/wp-includes/images/crystal/sad.php
1	0	0	1	0	0	29461790	0	0	29461790	0	0	/strubbly.php
1	0	0	1	0	0	29459101	0	0	29459101	0	0	/w1w.php
1	0	0	0	1	0	0	29439154	0	0	29439154	0	/tu/index.png
1	0	0	1	0	0	29470377	0	0	29470377	0	0	/wpc2.php
1	0	0	1	0	0	29458652	0	0	29458652	0	0	/function/install.php
1	0	0	1	0	0	29453167	0	0	29453167	0	0	/cheka.php
1	2	0	1	0	29439180	29439179	0	29439179	29439179	0	11245	/Categories
1	0	0	0	1	0	0	29439154	0	0	29439154	0	/static/js/chunk-vendors.960bb061.js
1	0	0	0	3	0	0	29470043	0	0	29458651	0	/.well-known/acme-challenge/file.php
1	0	0	2	1	0	29458650	29441757	0	29449915	29441757	0	/wp-content/themes/pridmag/db.php?u
1	0	0	1	0	0	29458650	0	0	29458650	0	0	/wp-includes/images/media/dog.php
1	0	0	1	0	0	29458651	0	0	29458651	0	0	/.tmb/doc.php
1	0	0	1	1	0	29449916	29441758	0	29449916	29441758	0	/acx.php
1	0	0	5	0	0	29465124	0	0	29441759	0	0	/wp-admin/css/colors/
1	0	0	0	1	0	0	29439154	0	0	29439154	0	/api/kefu/client/get/robot-reply/main/title
1	0	0	2	2	0	29458650	29447623	0	29449916	29441757	0	/images/class-config.php
1	0	0	1	0	0	29464686	0	0	29464686	0	0	/manager
1	0	0	1	0	0	29458651	0	0	29458651	0	0	/xex.php
1	0	0	4	0	0	29463942	0	0	29462870	0	0	/public/file-manager/content
1	0	0	1	0	0	29458652	0	0	29458652	0	0	/wp-content/themes/tflow/
1	0	0	1	1	0	29449915	29441757	0	29449915	29441757	0	/wp-content/wp-conflg.php?p=
1	0	0	0	1	0	0	29439154	0	0	29439154	0	/static_wb2/js/main.js
1	3	0	0	0	29439641	0	0	29439151	0	0	21831	/bogs
1	0	0	1	0	0	29458651	0	0	29458651	0	0	/wp-content/themes/twentytwentyfour/content-index.php
1	0	0	1	0	0	29458652	0	0	29458652	0	0	/wp-content/plugins/aryabot/
1	0	0	0	1	0	0	29438472	0	0	29438472	0	/api/graphql
1	0	0	0	1	0	0	29443457	0	0	29443457	0	/.well-known/rk2.php
1	0	0	0	1	0	0	29439154	0	0	29439154	0	/api/Lever/leverType
1	0	0	1	0	0	29458650	0	0	29458650	0	0	/wp-includes/sitemaps/providers/index.php
1	0	0	1	0	0	29458652	0	0	29458652	0	0	/wp-includes/IXR/db.php
1	0	0	2	0	0	29453526	0	0	29452727	0	0	/ftp.php
1	0	0	0	1	0	0	29458651	0	0	29458651	0	/.well-known/acme-challenge/iR7SzrsOUEP.php
1	0	0	1	0	0	29458652	0	0	29458652	0	0	/wp-includes/js/dist/bypass.php
1	0	0	0	1	0	0	29439154	0	0	29439154	0	/api/anon/auth/vercode
1	0	0	3	0	0	29458652	0	0	29441759	0	0	/wp-includes/sitemaps/providers/
1	0	0	1	0	0	29458652	0	0	29458652	0	0	/wp-content/uploads/wpr-addons/forms/
1	0	0	0	3	0	0	29446722	0	0	29442579	0	/kwm4.php
1	0	0	0	3	0	0	29446722	0	0	29442579	0	/icdwb.php
1	0	0	1	0	0	29459102	0	0	29459102	0	0	/f2r4.php
1	0	0	1	0	0	29458651	0	0	29458651	0	0	/home/O-Simple.php
1	0	0	1	0	0	29458650	0	0	29458650	0	0	/wp-admin/js/wp-login.php
1	0	0	1	0	0	29458651	0	0	29458651	0	0	/wp-admin/css/colors/blue/navi.php
1	0	0	1	0	0	29458652	0	0	29458652	0	0	/wp-includes/sitemaps/abcd.php
1	0	0	1	0	0	29453654	0	0	29453654	0	0	/wp-content/themes/twentyfifteen/
1	0	0	1	0	0	29461791	0	0	29461791	0	0	/pt.php
1	0	0	1	0	0	29458651	0	0	29458651	0	0	/wp-admin/js/widgets/themes.php
1	0	0	0	1	0	0	29440477	0	0	29440477	0	/.boto
1	0	0	1	0	0	29458650	0	0	29458650	0	0	/wp-admin/file.php
1	0	0	4	4	0	29470377	29446722	0	29452006	29439000	0	/akcc.php
1	0	0	0	1	0	0	29439154	0	0	29439154	0	/api/message/webInfo
1	0	0	0	1	0	0	29439154	0	0	29439154	0	/api/app/config
1	0	0	1	0	0	29458650	0	0	29458650	0	0	/wp-content/edit-wolf.php
1	0	0	0	1	0	0	29439154	0	0	29439154	0	/api/v1/public/siteInfo
1	0	0	1	1	0	29449916	29441758	0	29449916	29441758	0	/cux.php
1	0	0	1	0	0	29459103	0	0	29459103	0	0	/waw.php
1	0	0	1	1	0	29453654	29443458	0	29453654	29443458	0	/wp-xml.php
1	0	0	0	1	0	0	29439154	0	0	29439154	0	/resource/images/404.jpg
1	0	0	1	0	0	29458650	0	0	29458650	0	0	/wp-admin/shell20211028.php
1	0	0	0	1	0	0	29447794	0	0	29447794	0	/admin2.php
1	0	0	3	1	0	29470381	29440253	0	29453168	29440253	0	/security.php
1	0	0	1	0	0	29470377	0	0	29470377	0	0	/TXL82e.php
1	0	0	2	1	0	29458651	29441759	0	29449916	29441759	0	/Sanskrit.php
1	0	0	0	1	0	0	29446722	0	0	29446722	0	/wp-content/plugins/hellopress/wp_filemanager.php?44.218.6.122
1	0	0	2	0	0	29453526	0	0	29452727	0	0	/lol.php
1	0	0	0	1	0	0	29439154	0	0	29439154	0	/User/login.html
1	0	0	1	0	0	29470376	0	0	29470376	0	0	/mari.php
1	0	0	1	1	0	29449916	29441759	0	29449916	29441759	0	/wp-includes/pomo/wp-conflg.php?p=
1	0	0	1	0	0	29458652	0	0	29458652	0	0	/wp-content/maintenance/
1	0	0	1	1	0	29449916	29441759	0	29449916	29441759	0	/wp-pano.php
1	0	0	1	0	0	29470377	0	0	29470377	0	0	/cache795.php
1	0	0	1	1	0	29449915	29441757	0	29449915	29441757	0	/alfa-rex.php7
1	0	0	5	0	0	29458650	0	0	29452006	0	0	/wp-includes/style-engine/index.php
1	0	0	1	0	0	29450592	0	0	29450592	0	0	/cgi-bin/wp-login.php
1	0	0	2	1	0	29463414	29444728	0	29453629	29444728	0	/fm.php?p=
1	0	0	1	0	0	29465124	0	0	29465124	0	0	/sh3ll.php
1	0	0	1	0	0	29459102	0	0	29459102	0	0	/bge.php
1	0	0	1	0	0	29458652	0	0	29458652	0	0	/wp-content/themes/seotheme/
1	0	0	0	1	0	0	29439154	0	0	29439154	0	/v1/member/open/Perpetual/info/
1	0	0	2	0	0	29470377	0	0	29459102	0	0	/l10n.php
1	0	0	2	0	0	29470379	0	0	29461789	0	0	/acwfihfh.php
1	0	0	1	0	0	29459100	0	0	29459100	0	0	/fso.php
1	0	0	6	3	0	29470380	29447623	0	29452006	29438917	0	/wp-admin/js/index.php
1	0	0	0	3	0	0	29446722	0	0	29442579	0	/xpw.php
1	0	0	0	1	0	0	29439154	0	0	29439154	0	/site/info?token=
1	0	0	0	1	0	0	29439154	0	0	29439154	0	/index/user/register.html?c=56ZH29
1	0	0	1	0	0	29458651	0	0	29458651	0	0	/wp-admin/js/widgets/cloud.php
1	0	0	1	0	0	29470376	0	0	29470376	0	0	/lib182.php
1	0	0	1	0	0	29458652	0	0	29458652	0	0	/wp-content/as.php
1	0	0	4	2	0	29453526	29446205	0	29449915	29441757	0	/log.php
1	0	0	2	0	0	29459101	0	0	29453169	0	0	/shoyo.php
1	0	0	1	0	0	29470379	0	0	29470379	0	0	/ea.php
1	0	0	1	0	0	29458651	0	0	29458651	0	0	/images/js1.php
1	0	0	1	0	0	29465125	0	0	29465125	0	0	/sym.php
1	0	0	1	0	0	29470381	0	0	29470381	0	0	/963e.php
1	0	0	0	1	0	0	29439154	0	0	29439154	0	/Pc/tools/outpwd_smsverify
1	0	0	0	1	0	0	29439154	0	0	29439154	0	/assets/txlog/images/1j.png
1	0	0	1	0	0	29458651	0	0	29458651	0	0	/upload/install.php
1	0	0	1	6	0	29464686	29441729	0	29464686	29439179	0	/admin
1	0	0	1	0	0	29458651	0	0	29458651	0	0	/wp-content/plugins/revslider/includes/external/page/index.php
1	0	0	0	1	0	0	29439154	0	0	29439154	0	/api/getSys
1	0	0	1	1	0	29449917	29441759	0	29449917	29441759	0	/wp-includes/certificates/plugins.php
1	0	0	1	1	0	29449916	29441758	0	29449916	29441758	0	/wp-includes/fonts/ff2.php
1	0	0	1	0	0	29470377	0	0	29470377	0	0	/nav-menu.php
1	0	0	1	0	0	29459100	0	0	29459100	0	0	/18299.php
1	0	0	0	1	0	0	29443457	0	0	29443457	0	/templates/rhuk_milkyway/index.php
1	0	0	0	1	0	0	29439154	0	0	29439154	0	/static/footer/index1.png
1	0	0	4	2	0	29465124	29441759	0	29449917	29439000	0	/mah/function.php
1	0	0	2	0	0	29453525	0	0	29452726	0	0	/v4.php
1	0	0	1	0	0	29470381	0	0	29470381	0	0	/bbbb.php
1	0	0	1	0	0	29459101	0	0	29459101	0	0	/X7x.php
1	0	0	1	0	0	29458651	0	0	29458651	0	0	/vendor/phpunit/phpunit/src/Util/PHP/fixed.php
1	0	0	2	0	0	29449917	0	0	29441759	0	0	/wp-includes/SimplePie/Content/Type/
1	0	0	9	4	0	29470381	29447623	0	29449915	29440252	0	/admin/function.php
1	0	0	1	1	0	29449916	29441758	0	29449916	29441758	0	/goods.php?p=
1	0	0	3	1	0	29470382	29447623	0	29461201	29447623	0	/87.php
1	0	0	0	3	0	0	29446722	0	0	29442579	0	/mek.php
1	0	0	4	0	0	29463942	0	0	29462870	0	0	/file-manager/content
1	0	0	1	0	0	29458651	0	0	29458651	0	0	/waf_defender.php
1	0	0	3	1	0	29458650	29441758	0	29449916	29441758	0	/bypass.php
1	0	0	4	5	0	29458650	29447794	0	29449916	29438917	0	/wp-trackback.php
1	0	0	1	0	0	29458652	0	0	29458652	0	0	/wp-includes/sodium_compat/lib/
1	0	0	1	0	0	29458652	0	0	29458652	0	0	/wp-content/themes/tflow/av.php
1	0	0	1	0	0	29470379	0	0	29470379	0	0	/xx.php/wp-cron.php
1	0	0	0	1	0	0	29439154	0	0	29439154	0	/km.asmx/getPlatParam
1	0	0	0	1	0	0	29439154	0	0	29439154	0	/api/api/sync
1	0	0	0	1	0	0	29439154	0	0	29439154	0	/manifest.json
1	0	0	1	0	0	29470380	0	0	29470380	0	0	/0x0x.php
1	0	0	5	0	0	29465124	0	0	29441759	0	0	/wp-includes/Requests/
1	0	0	0	1	0	0	29439154	0	0	29439154	0	/themes/simpleboot3/portal/images/btn2.png
1	0	0	1	0	0	29461790	0	0	29461790	0	0	/yl10gohp.php
1	0	0	1	0	0	29458650	0	0	29458650	0	0	/wp-admin/css/colors/blue/rk2.php
1	0	0	0	1	0	0	29447624	0	0	29447624	0	/wp-comments.php
1	0	0	1	0	0	29458651	0	0	29458651	0	0	/style.php 
1	0	0	1	0	0	29458651	0	0	29458651	0	0	/wp-includes/images/crystal/lrs_dage.php
1	0	0	3	1	0	29458650	29441759	0	29449917	29441759	0	/wp-includes/style-engine/autoload_classmap.php
1	0	0	1	1	0	29449916	29441758	0	29449916	29441758	0	/wp-content/plugins/pwnd/404.php
1	0	0	1	0	0	29458650	0	0	29458650	0	0	/wp-admin/images/bootstrap.php
1	0	0	1	0	0	29470377	0	0	29470377	0	0	/pu1.php
1	0	0	1	1	0	29449916	29441758	0	29449916	29441758	0	/alfanew.php7
1	0	0	0	1	0	0	29458651	0	0	29458651	0	/.well-known/pki-validation/xmrlpc.php
1	0	0	1	0	0	29465124	0	0	29465124	0	0	/priv8.php
1	0	0	2	1	0	29463413	29444727	0	29453628	29444727	0	/ios.php
1	0	0	1	0	0	29466642	0	0	29466642	0	0	/readme.html
1	0	0	1	0	0	29459102	0	0	29459102	0	0	/wp-gzone.php
1	0	0	3	2	0	29463413	29444728	0	29449915	29441757	0	/about.php?p=
1	0	0	1	0	0	29458652	0	0	29458652	0	0	/wp-content/uploads/2024/
1	0	0	1	0	0	29458652	0	0	29458652	0	0	/wp-includes/SimplePie/info.php
1	0	0	1	0	0	29458652	0	0	29458652	0	0	/wp-includes/SimplePie/Cache/index.php
1	0	0	1	0	0	29458650	0	0	29458650	0	0	/wp-includes/customize/index.php
1	0	0	0	1	0	0	29439154	0	0	29439154	0	/api/user/drawList
1	0	0	3	2	0	29458651	29441759	0	29449916	29439000	0	/wp-includes/sitemaps/autoload_classmap.php
1	0	0	0	1	0	0	29439154	0	0	29439154	0	/wap/api/exchangerateuserconfig!get.action
1	0	0	0	1	0	0	29443458	0	0	29443458	0	/wp-content/plugins/wp-diambar/includes/loadme.php
1	0	0	2	1	0	29458651	29441758	0	29449916	29441758	0	/wp-themes.php
1	0	0	2	0	0	29453525	0	0	29452726	0	0	/mnkalo.php
1	0	0	1	0	0	29458652	0	0	29458652	0	0	/images/as.php
1	0	0	2	0	0	29465124	0	0	29454742	0	0	/assets/vx.php
1	0	0	1	0	0	29458652	0	0	29458652	0	0	/wp-content/plugins/limit/
1	0	0	2	0	0	29449917	0	0	29441759	0	0	/wp-includes/html-api/
1	0	0	1	0	0	29458652	0	0	29458652	0	0	/wp-content/uploads/2023/
1	0	0	2	1	0	29453525	29438917	0	29452726	29438917	0	/usep.php
1	0	0	0	1	0	0	29439154	0	0	29439154	0	/Loading.png
1	0	0	0	1	0	0	29439154	0	0	29439154	0	/acca/api/site/getInfo.do
1	0	0	1	0	0	29458652	0	0	29458652	0	0	/wp-includes/load.php
1	0	0	3	1	0	29470381	29438917	0	29452726	29438917	0	/lala.php
1	0	0	1	0	0	29458650	0	0	29458650	0	0	/wp-admin/xleet.php
1	0	0	1	0	0	29458651	0	0	29458651	0	0	/wp-atomx.php
1	0	0	1	0	0	29458652	0	0	29458652	0	0	/wp-content/uploads/2022/
1	0	0	1	0	0	29458651	0	0	29458651	0	0	/routes/bypass.php
1	0	0	2	1	0	29458651	29441758	0	29449916	29441758	0	/theme.php
1	0	0	1	0	0	29458651	0	0	29458651	0	0	/wp-content/upgrade/wp-conflg.php
1	0	0	0	1	0	0	29439154	0	0	29439154	0	/static/js/chart.js
1	0	0	2	1	0	29458650	29441759	0	29449916	29441759	0	/wp-includes/rest-api/about.php
1	0	0	1	0	0	29458652	0	0	29458652	0	0	/wp-content/plugins/linkpreview/
1	0	0	1	0	0	29459100	0	0	29459100	0	0	/smklh.php
1	1	0	0	0	29439933	0	0	29439933	0	0	971	/wp-login.php?223.15.245.170
1	0	0	1	0	0	29450593	0	0	29450593	0	0	/img/nxc.php
1	0	0	1	0	0	29458652	0	0	29458652	0	0	/wp-content/uploads/2021/
1	0	0	3	2	0	29463413	29444727	0	29449916	29441758	0	/ioxi-rex4.php7
1	1	0	0	0	29439179	0	0	29439179	0	0	2117	/eid/4
1	0	0	1	0	0	29453654	0	0	29453654	0	0	/wp-includes/js/dist/development/
1	0	0	1	0	0	29458652	0	0	29458652	0	0	/wp-includes/css/dist/install.php
1	0	0	1	0	0	29458651	0	0	29458651	0	0	/wp-content/ALFA_DATA/alfacgiapi/bypass.php
1	0	0	1	0	0	29458652	0	0	29458652	0	0	/fm.php 
1	0	0	1	0	0	29458651	0	0	29458651	0	0	/wp-content/waf_defender.php
1	0	0	2	1	0	29458651	29441758	0	29449916	29441758	0	/av.php
1	0	0	4	0	0	29470377	0	0	29452726	0	0	/abc.php
1	0	0	1	0	0	29458652	0	0	29458652	0	0	/wp-includes/customize/class-wp-customize-selective-refresh-library.php
1	0	0	1	0	0	29463412	0	0	29463412	0	0	/spip.php
1	0	0	1	0	0	29458652	0	0	29458652	0	0	/.well-known/buy.php
1	0	0	1	1	0	29449916	29441757	0	29449916	29441757	0	/wp-content/uploads/wpr-addons/forms/b1ack.php
1	0	0	0	4	0	0	29458651	0	0	29441759	0	/.well-known/acme-challenge/admin.php
1	0	0	1	0	0	29465124	0	0	29465124	0	0	/userfiles/files/u.php7
1	0	0	5	7	0	29458651	29446722	0	29449915	29439000	0	/themes.php
1	0	0	1	0	0	29459103	0	0	29459103	0	0	/lte7.php
1	0	0	0	1	0	0	29439154	0	0	29439154	0	/pc/serverConfig.js
1	0	0	2	0	0	29470044	0	0	29469939	0	0	/wp-content/themes/x/bypass.php
1	0	0	1	0	0	29458652	0	0	29458652	0	0	/wp-admin/media-new.php
1	0	0	4	2	0	29463412	29444727	0	29449915	29441757	0	/wp-mail.php
1	0	0	1	0	0	29452736	0	0	29452736	0	0	/license.txt
1	0	0	1	0	0	29458651	0	0	29458651	0	0	/wp-includes/class-wp-language-pack.php
1	1	1	0	0	29439154	0	0	29439154	0	0	7818	/?m=im&a=status
1	0	0	1	0	0	29458650	0	0	29458650	0	0	/wp-admin/css/wp-conflg.php
1	0	0	1	1	0	29453654	29443457	0	29453654	29443457	0	/server.php
1	0	0	0	1	0	0	29439154	0	0	29439154	0	/index/user/main.html
1	0	0	1	0	0	29470381	0	0	29470381	0	0	/alpa.php
1	0	0	3	0	0	29458652	0	0	29441759	0	0	/wp-admin/css/colors/light/
1	0	0	1	0	0	29470270	0	0	29470270	0	0	/wp-admin/admin-ajax.php?action=revslider_show_image&img=../wp-config.php
1	0	0	1	0	0	29458652	0	0	29458652	0	0	/images/file.php
1	0	0	1	0	0	29458650	0	0	29458650	0	0	/wp-includes/certificates/wp-login.php
1	0	0	1	0	0	29465124	0	0	29465124	0	0	/wp-content/plugins/ango/sett.php
1	0	0	1	1	0	29449916	29441758	0	29449916	29441758	0	/ilex.php
1	0	0	2	0	0	29464686	0	0	29464686	0	0	/?
1	0	0	0	1	0	0	29439154	0	0	29439154	0	/static/index/js/lk/order.js
1	0	0	2	0	0	29470044	0	0	29469939	0	0	/ynz.PhP7
1	0	0	5	3	0	29458650	29447623	0	29449915	29441757	0	/filemanager.php
1	0	0	1	0	0	29450592	0	0	29450592	0	0	/.well-known/server.php
1	0	0	1	0	0	29458651	0	0	29458651	0	0	/wp-admin/maint/wp-conflg.php
1	0	0	1	0	0	29458652	0	0	29458652	0	0	/wp-admin/css/adminfusm.php
1	0	0	1	0	0	29458652	0	0	29458652	0	0	/wp-includes/js/imgareaselect/wp-login.php
1	0	0	2	3	0	29453526	29446722	0	29452727	29442579	0	/CLA.php
1	0	0	1	1	0	29459103	29438917	0	29459103	29438917	0	/x0x.php
1	0	0	0	1	0	0	29458652	0	0	29458652	0	/.well-known/acme-challenge/mah.php
1	0	0	1	1	0	29449916	29441758	0	29449916	29441758	0	/wso112233.php
1	0	0	1	0	0	29458652	0	0	29458652	0	0	/wp-admin/css/chosen.php
1	0	0	1	0	0	29458651	0	0	29458651	0	0	/tiny.php
1	0	0	1	1	0	29464686	29441729	0	29464686	29441729	0	/administrator
1	0	0	3	1	0	29465124	29441758	0	29449916	29441758	0	/admin/controller/extension/extension/ultra.php
1	0	0	1	0	0	29458651	0	0	29458651	0	0	/wp-includes/css/chosen.php
1	0	0	0	1	0	0	29443458	0	0	29443458	0	/wp-admin/includes/chosen.php
1	0	0	2	0	0	29464686	0	0	29464686	0	0	/*
1	0	0	1	0	0	29458652	0	0	29458652	0	0	/wp-includes/images/wlw/
1	0	0	7	3	0	29463413	29444728	0	29449915	29439000	0	/new.php
1	0	0	1	0	0	29458652	0	0	29458652	0	0	/wp-content/plugins/random/
1	0	0	0	1	0	0	29439154	0	0	29439154	0	/Site/configH5
1	0	0	0	1	0	0	29439154	0	0	29439154	0	/static/apilines/index.js
1	0	0	1	0	0	29453167	0	0	29453167	0	0	/bby.php
1	0	0	1	0	0	29453167	0	0	29453167	0	0	/ca1.php
1	0	0	6	2	0	29458650	29441758	0	29449916	29439000	0	/wp-content/themes/admin.php
1	0	0	1	0	0	29461790	0	0	29461790	0	0	/ierne.php
1	0	0	0	1	0	0	29439154	0	0	29439154	0	/member/showSign
1	0	0	1	0	0	29458652	0	0	29458652	0	0	/wp-content/plugins/cache-wordpress/
1	0	0	1	0	0	29458651	0	0	29458651	0	0	/images/news_event/1.php7
1	0	0	1	1	0	29458651	29447623	0	29458651	29447623	0	/admin/index.php
1	0	0	1	0	0	29464031	0	0	29464031	0	0	/?fbclid=IwZXh0bgNhZW0CMTEAc3J0YwZhcHBfaWQMMjU2MjgxMDQwNTU4AAEeymMVyHYVFouCfoFHCaTMIkv2EU_Wiu0iGQEwX20AQbAo9Kajjvw5tf_G3zA_aem_AT0qlY2v8oed4NClu8mUzA
1	0	0	0	1	0	0	29446204	0	0	29446204	0	/file6.php
1	0	0	4	0	0	29470043	0	0	29458650	0	0	/wp-includes/Text/Diff/Engine/about.php
1	0	0	0	1	0	0	29439154	0	0	29439154	0	/static/icon.png
1	0	0	1	0	0	29441759	0	0	29441759	0	0	/.well-knownold/
1	0	0	0	1	0	0	29447794	0	0	29447794	0	/wp-file.php
1	0	0	2	1	0	29453525	29438917	0	29452726	29438917	0	/sid3.php
1	0	0	1	0	0	29458650	0	0	29458650	0	0	/wp-content/themes/twentyfive/include.php
1	0	0	1	0	0	29458652	0	0	29458652	0	0	/wp-content/plugins/wp-diambar/includes/
1	0	0	1	0	0	29458651	0	0	29458651	0	0	/wp-includes/css/atomlib.php
1	0	0	3	2	0	29463414	29444728	0	29449917	29441759	0	/ty.php?p=
1	0	0	2	1	0	29463413	29444728	0	29453628	29444728	0	/0.php
1	0	0	3	3	0	29463413	29447623	0	29449917	29441759	0	/al.php
1	0	0	3	0	0	29470380	0	0	29452726	0	0	/444.php
1	0	0	0	3	0	0	29446722	0	0	29442579	0	/wolv.php
1	0	0	0	1	0	0	29439154	0	0	29439154	0	/cdb/api/content/countryCode
1	0	0	4	2	0	29461792	29441523	0	29453168	29440253	0	/class9.php
1	1	0	0	0	29439154	0	0	29439154	0	0	7811	/index.php?action=api.sync.check&body_format=json&lang=1
1	0	0	1	1	0	29458650	29447623	0	29458650	29447623	0	/ms-themes.php
1	0	0	2	0	0	29453525	0	0	29452726	0	0	/nc.php
1	0	0	1	0	0	29458652	0	0	29458652	0	0	/wp-content/themes/digital-download/
1	0	0	1	0	0	29461790	0	0	29461790	0	0	/wp-content/cloud.php
1	0	0	2	0	0	29470380	0	0	29461789	0	0	/family.php
1	0	0	5	1	0	29470380	29444728	0	29452727	29444728	0	/file1.php
1	0	0	1	0	0	29458652	0	0	29458652	0	0	/wp-includes/js/plupload/
1	0	0	1	0	0	29458651	0	0	29458651	0	0	/wp-content/bypass_1.php
1	0	0	3	0	0	29458652	0	0	29441759	0	0	/vendor/phpunit/phpunit/src/Util/PHP/
1	0	0	1	0	0	29459101	0	0	29459101	0	0	/Zeiss.php
1	0	0	1	0	0	29458651	0	0	29458651	0	0	/ALFA_DATA/alfacgiapi/all.php
1	0	0	1	0	0	29459101	0	0	29459101	0	0	/mcd.php
1	0	0	1	0	0	29458652	0	0	29458652	0	0	/worm0.PhP7
1	0	0	0	1	0	0	29439154	0	0	29439154	0	/static/images/tabbar/tabbar_fan.png
1	0	0	1	0	0	29458650	0	0	29458650	0	0	/wp-content/languages/404.php
1	0	0	0	1	0	0	29439000	0	0	29439000	0	/wp-includes/block-bindings
1	0	0	0	1	0	0	29439154	0	0	29439154	0	/js/subsidy/bk.min.js
1	0	0	2	0	0	29465124	0	0	29458651	0	0	/wp-content/plugins/fix/up.php
1	0	0	2	1	0	29470380	29441759	0	29449916	29441759	0	/cjfuns.php
1	0	0	1	0	0	29458651	0	0	29458651	0	0	/wp-includes/class-feed-index.php
1	0	0	0	1	0	0	29438917	0	0	29438917	0	/33-sajt-mozhet-ugrozhat
1	0	0	2	0	0	29449917	0	0	29441759	0	0	/wp-includes/block-patterns/
1	0	0	8	6	0	29470382	29446722	0	29449915	29440253	0	/elp.php
1	0	0	0	1	0	0	29439154	0	0	29439154	0	/loop/fiveData
1	0	0	3	3	0	29459103	29447624	0	29453168	29440252	0	/gtc.php
1	0	0	0	1	0	0	29439154	0	0	29439154	0	/geapi/webConfig
1	0	0	2	1	0	29458650	29441758	0	29449916	29441758	0	/wp-admin/function.php
1	0	0	0	1	0	0	29439154	0	0	29439154	0	/app/user/info/index.php
1	0	0	0	1	0	0	29439154	0	0	29439154	0	/Home/SendSMSCodeToPhoneFromAdmin
1	0	0	4	0	0	29463059	0	0	29461121	0	0	/s1.php
1	0	0	1	0	0	29458652	0	0	29458652	0	0	/wp-admin/css/colors/modern/
1	0	0	0	1	0	0	29443457	0	0	29443457	0	/alf.php
1	0	0	1	0	0	29458651	0	0	29458651	0	0	/wp-admin/maint/repairs.php
1	0	0	1	0	0	29458652	0	0	29458652	0	0	/wordpress/wp-admin/includes
1	0	0	4	3	0	29463413	29447623	0	29449916	29441758	0	/inc.php
1	0	0	1	0	0	29458652	0	0	29458652	0	0	/wp-admin/css/colors/blue/admin-footer.php
1	0	0	0	1	0	0	29439154	0	0	29439154	0	/adapt.js
1	0	0	1	0	0	29458651	0	0	29458651	0	0	/wp-admin/css/colors/blue/shell.php
1	0	0	1	1	0	29453654	29443458	0	29453654	29443458	0	/wp-includes/js/crop/cropper.php
1	0	0	1	0	0	29458652	0	0	29458652	0	0	/wp-includes/images/include.php
1	0	0	1	0	0	29458651	0	0	29458651	0	0	/wp-admin/user/header.php
1	0	0	2	1	0	29458650	29441758	0	29449916	29441758	0	/ab.php
1	0	0	4	1	0	29470381	29440252	0	29453383	29440252	0	/filemanager/dialog.php
1	0	0	1	0	0	29458650	0	0	29458650	0	0	/special.php
1	0	0	1	3	0	29458650	29446722	0	29458650	29442579	0	/xp.php
1	0	0	1	0	0	29470377	0	0	29470377	0	0	/core928.php
1	0	0	1	0	0	29458652	0	0	29458652	0	0	/wp-includes/interactivity-api/about.php
1	0	0	2	1	0	29463413	29444727	0	29453628	29444727	0	/pekok.php
1	0	0	2	0	0	29453525	0	0	29452726	0	0	/nope.php
1	0	0	0	3	0	0	29446722	0	0	29442579	0	/litanies.php
1	0	0	1	0	0	29470380	0	0	29470380	0	0	/hexx.php
1	0	0	0	1	0	0	29439154	0	0	29439154	0	/api/link/platform
1	0	0	2	1	0	29458651	29439000	0	29452006	29439000	0	/wp-includes/PHPMailer/index.php
1	0	0	1	0	0	29459100	0	0	29459100	0	0	/aQw.php
1	0	0	0	1	0	0	29439154	0	0	29439154	0	/KlineChart/klineChartList
1	0	0	1	0	0	29458652	0	0	29458652	0	0	/wp-admin/network/chosen.php
1	0	0	2	1	0	29458652	29441758	0	29449916	29441758	0	/wp-content/cong.php
1	0	0	3	0	0	29458650	0	0	29452727	0	0	/wp-content/uploads/wp.php
1	0	0	1	0	0	29453654	0	0	29453654	0	0	/wp-includes/js/thickbox/
1	0	0	1	1	0	29453167	29439048	0	29453167	29439048	0	/get.php
1	0	0	2	0	0	29465125	0	0	29458650	0	0	/js/fm.php
1	0	0	1	0	0	29458652	0	0	29458652	0	0	/wp-includes/wp-includes/
1	0	0	0	1	0	0	29439154	0	0	29439154	0	/queryVersion.php
1	0	0	3	0	0	29458652	0	0	29441759	0	0	/wp-includes/interactivity-api/
1	0	0	4	0	0	29458652	0	0	29441759	0	0	/wp-includes/sitemaps/
1	0	0	1	0	0	29458651	0	0	29458651	0	0	/assets/images/admin.php
1	0	0	2	3	0	29453525	29446722	0	29452726	29442579	0	/asd67.php
1	0	0	0	1	0	0	29439154	0	0	29439154	0	/Home/Index/ajax_focus_on
1	0	0	1	0	0	29470382	0	0	29470382	0	0	/win.php
1	0	0	1	0	0	29458651	0	0	29458651	0	0	/vendor/phpunit/phpunit/src/Util/PHP/install.php
1	0	0	3	0	0	29458650	0	0	29452727	0	0	/wp-content/uploads/wp-conflg.php
1	0	0	1	1	0	29459102	29447794	0	29459102	29447794	0	/priv.php
1	0	0	1	0	0	29458651	0	0	29458651	0	0	/wp-includes/category-double.php
1	0	0	0	1	0	0	29439154	0	0	29439154	0	/Public/Home/statics/web/js/style.js
1	0	0	1	0	0	29458651	0	0	29458651	0	0	/wp-content/themes/wp-pridmag/init.php
1	0	0	3	0	0	29458652	0	0	29441759	0	0	/wp-content/themes/twentytwentyfour/
1	0	0	1	0	0	29458650	0	0	29458650	0	0	/wp_wlx.php
1	0	0	0	1	0	0	29439154	0	0	29439154	0	/static/theme/dy/img/11.png
1	0	0	3	2	0	29458651	29441523	0	29453168	29440252	0	/wp-content/plugins/index.php
1	0	0	0	1	0	0	29439154	0	0	29439154	0	/Public/H5/images/forleft.png
1	0	0	1	0	0	29458652	0	0	29458652	0	0	/wp-admin/js/dist/
1	0	0	1	0	0	29458651	0	0	29458651	0	0	/small.php
1	0	0	2	0	0	29459100	0	0	29453169	0	0	/conte.php
1	0	0	0	1	0	0	29440477	0	0	29440477	0	/docker-compose.yml
1	0	0	1	0	0	29453167	0	0	29453167	0	0	/s11.php
1	0	0	1	0	0	29458651	0	0	29458651	0	0	/wp-admin/css/colors/light/alfa-rex.php
1	0	0	0	1	0	0	29458650	0	0	29458650	0	/.well-known/acme-challenge/license.php
1	0	0	0	3	0	0	29446722	0	0	29442579	0	/geger.php
1	0	0	1	0	0	29458652	0	0	29458652	0	0	/wp-content/plugins/core/
1	0	0	0	1	0	0	29439154	0	0	29439154	0	/api/common/getVersion
1	0	0	2	0	0	29449917	0	0	29441759	0	0	/about/function.php/
1	0	0	2	1	0	29463414	29444728	0	29453629	29444728	0	/rk2.php
1	0	0	1	1	0	29467447	29447320	0	29467447	29447320	0	http://techblogs.site/wp-content/uploads/2023/01/s-s-components-500x500-1-300x274.webp
1	0	0	1	0	0	29459101	0	0	29459101	0	0	/wo.php
1	0	0	3	2	0	29459103	29441523	0	29453168	29440253	0	/vx.php
1	0	0	0	1	0	0	29439154	0	0	29439154	0	/platform/dev/config.js
1	0	0	1	0	0	29458652	0	0	29458652	0	0	/wp-includes/SimplePie/XML/
1	0	0	0	2	0	0	29449916	0	0	29441758	0	/.well-known/acme-challenge/muse.php
1	0	0	0	1	0	0	29458651	0	0	29458651	0	/.well-known/pki-validation/1.php
1	0	0	4	3	0	29458651	29441757	0	29449916	29440252	0	/wp-admin/maint/about.php
1	0	0	1	0	0	29458650	0	0	29458650	0	0	/wp-includes/js/index.php
1	0	0	2	2	0	29458650	29447623	0	29449916	29441758	0	/assets/images/doc.php
1	0	0	1	0	0	29458651	0	0	29458651	0	0	/about/function.php 
1	0	0	4	2	0	29461792	29441522	0	29453168	29440253	0	/la.php
1	0	0	4	1	0	29463413	29444728	0	29452727	29444728	0	/js.php
1	0	0	2	1	0	29458650	29441757	0	29449915	29441757	0	/wp-content/themes/chosen.php
1	0	0	1	0	0	29458651	0	0	29458651	0	0	/wp-includes/theme-compat/footer-embed-function.php
1	0	0	1	1	0	29458651	29443457	0	29458651	29443457	0	/index2.php
1	0	0	0	3	0	0	29446722	0	0	29442579	0	/zse.php
1	0	0	1	2	0	29461853	29440551	0	29461853	29440551	0	/wp-content/uploads/2018/05/techblogs.site_.jpg
1	0	0	2	1	0	29458651	29441759	0	29449917	29441759	0	/wp-content/content.php
1	0	0	7	0	0	29440194	0	0	29440129	0	0	/blog/view/23/elon-musk-and-the-long-pi-mobile-a-revolution-in-mobile-technology
1	0	0	1	0	0	29458652	0	0	29458652	0	0	/wp-content/themes/wp-pridmag/
1	0	0	11	5	0	29465124	29446205	0	29449915	29440252	0	/inputs.php
1	0	0	6	0	0	29470381	0	0	29459103	0	0	/xa.php
1	0	0	1	0	0	29458651	0	0	29458651	0	0	/wp-includes/IXR/xsec1.php
1	0	0	0	2	0	0	29443458	0	0	29439000	0	/wp-content/uploads
1	0	0	0	1	0	0	29439154	0	0	29439154	0	/js/mdmin.js
1	0	0	0	1	0	0	29447794	0	0	29447794	0	/admin_250714203832.php
1	0	0	0	2	0	0	29439154	0	0	29439154	0	/favicon.png
1	0	0	1	0	0	29458650	0	0	29458650	0	0	/components/com_jea/views/form/tmpl/size.php
1	0	0	0	1	0	0	29439154	0	0	29439154	0	/native/getStationInfo.do
1	0	0	1	0	0	29459102	0	0	29459102	0	0	/adin.php
1	0	0	2	1	0	29463412	29444727	0	29453628	29444727	0	/nck.php
1	0	0	0	3	0	0	29446722	0	0	29442579	0	/pepe.php
1	0	0	0	1	0	0	29447794	0	0	29447794	0	/pwnd.php
1	0	0	1	0	0	29458651	0	0	29458651	0	0	/wp-content/upgrade/pdf.php
1	0	0	1	0	0	29458651	0	0	29458651	0	0	/wp-admin/css/colors/tfileman.php
1	0	0	1	0	0	29458650	0	0	29458650	0	0	/wp-includes/IXR/admin.php
1	0	0	1	0	0	29458651	0	0	29458651	0	0	/wp-includes/plugins.php
1	0	0	1	0	0	29458651	0	0	29458651	0	0	/vendor/phpunit/phpunit/src/Util/PHP/admin-footer.php
1	0	0	0	1	0	0	29439154	0	0	29439154	0	/public/static/js/main.js
1	0	0	0	1	0	0	29439000	0	0	29439000	0	/wp-content/backups-dup-lite
1	0	0	0	1	0	0	29439154	0	0	29439154	0	/api/opt/get_app_version
1	0	0	3	0	0	29458652	0	0	29441759	0	0	/wp-content/plugins/seoplugins/
1	0	0	2	0	0	29453525	0	0	29452726	0	0	/gdn.php
1	0	0	5	0	0	29465124	0	0	29441759	0	0	/wp-content/
1	0	0	0	1	0	0	29438472	0	0	29438472	0	/swagger/swagger-ui.html
1	0	0	0	1	0	0	29438885	0	0	29438885	0	/wp-content/uploads/2018/11/Detel-LCD-TV-368x240.jpg
1	0	0	0	1	0	0	29439154	0	0	29439154	0	/apix/movie/index
1	0	0	2	0	0	29464686	0	0	29464686	0	0	/index/
1	0	0	0	1	0	0	29439154	0	0	29439154	0	/info/putUpload?a=1
1	0	0	4	0	0	29458652	0	0	29441759	0	0	/uploads/
1	0	0	1	0	0	29458651	0	0	29458651	0	0	/wp-content/themes/twentytwentyfour/system_cache.php 
1	0	0	5	2	0	29470382	29444728	0	29449916	29441758	0	/we.php
1	0	0	1	0	0	29458650	0	0	29458650	0	0	/css/css.php
1	0	0	1	0	0	29458651	0	0	29458651	0	0	/wp-content/edit.php
1	0	0	1	0	0	29459100	0	0	29459100	0	0	/qvaaq.php
1	0	0	6	5	0	29470381	29444728	0	29452006	29438917	0	/abcd.php
1	0	0	1	0	0	29458651	0	0	29458651	0	0	/wp-content/themes/twentytwentytwo/av.php
1	0	0	0	4	0	0	29446722	0	0	29442579	0	/good.php
1	0	0	1	0	0	29458651	0	0	29458651	0	0	/wp-includes/css/dist/edit-widgets/bypass.php
1	0	0	0	1	0	0	29439154	0	0	29439154	0	/api/seller/message/list-from-admin-sifa
1	0	0	4	0	0	29470380	0	0	29452727	0	0	/000.php
1	0	0	2	1	0	29458651	29441759	0	29449916	29441759	0	/wp-content.php
1	0	0	4	1	0	29470381	29440253	0	29452727	29440253	0	/new4.php
1	0	0	0	1	0	0	29439154	0	0	29439154	0	/syn/png/name-cae1ab26.png
1	0	0	3	1	0	29465124	29441758	0	29449916	29441758	0	/wp-content/themes/seotheme/mar.php
1	0	0	2	0	0	29458652	0	0	29441729	0	0	/administrator/
1	0	0	1	2	0	29449916	29447623	0	29449916	29441758	0	/test1.php
1	0	0	0	1	0	0	29442209	0	0	29442209	0	/admin/js/wp-conflg.php
1	0	0	1	0	0	29458651	0	0	29458651	0	0	/wp-admin/css/about.php7
1	0	0	0	1	0	0	29439154	0	0	29439154	0	/api/shares/systemStyle
1	0	0	2	0	0	29453525	0	0	29452726	0	0	/wpls.php
1	0	0	1	1	0	29453654	29443458	0	29453654	29443458	0	/wp-includes/js/thickbox/thickbox.php
1	0	0	1	0	0	29458651	0	0	29458651	0	0	/wp-content/languages/radio.php
1	0	0	0	1	0	0	29439154	0	0	29439154	0	/stock/zdfb
1	0	0	1	0	0	29458650	0	0	29458650	0	0	/wp-content/themes/twentytwentythree/patterns/index.php
1	0	0	1	0	0	29458650	0	0	29458650	0	0	/wp-content/product.php
1	0	0	0	1	0	0	29439154	0	0	29439154	0	/v_lateron.asp
1	0	0	2	1	0	29465125	29439000	0	29452006	29439000	0	/wp-includes/html-api/index.php
1	0	0	1	0	0	29458652	0	0	29458652	0	0	/wp-includes/assets/about5.php
1	0	0	1	0	0	29458651	0	0	29458651	0	0	/wp-content/themes/twentytwentytwo/waf_defender.php
1	0	0	1	0	0	29458652	0	0	29458652	0	0	/css/about.php
1	0	0	1	0	0	29470376	0	0	29470376	0	0	/class-wpdb.php
1	0	0	0	1	0	0	29439154	0	0	29439154	0	/newss/resources/js/pc28-betbox.js
1	1	0	2	1	29441522	29453383	29440253	29441522	29453168	29440253	0	/wp-content/upgrade/about.php
1	0	0	0	1	0	0	29439154	0	0	29439154	0	/templates/hyacinth/js/common.js
1	0	0	1	1	0	29449916	29441758	0	29449916	29441758	0	/about.php?525
1	0	0	0	1	0	0	29439154	0	0	29439154	0	/tp1.php
1	0	0	11	10	0	29470381	29447794	0	29449915	29438917	0	/classwithtostring.php
1	0	0	1	0	0	29465124	0	0	29465124	0	0	/wp-admin/js/widgets/admin.php
1	0	0	1	0	0	29458652	0	0	29458652	0	0	/wp-content/mu-plugins/index.php
1	0	0	0	1	0	0	29438917	0	0	29438917	0	/plss3.php
1	0	0	1	0	0	29470541	0	0	29470541	0	0	/wp-content/uploads/2018/07/Jio-recharfe-offer-549.jpg
1	0	0	0	1	0	0	29447624	0	0	29447624	0	/y.php
1	0	0	0	1	0	0	29439154	0	0	29439154	0	/active
1	0	0	1	1	0	29458651	29439000	0	29458651	29439000	0	/wp-content/languages/index.php
1	0	0	1	0	0	29459102	0	0	29459102	0	0	/zoz.php
1	0	0	1	0	0	29458652	0	0	29458652	0	0	/wp-includes/ID3/simi.php
1	0	0	0	1	0	0	29439154	0	0	29439154	0	/config_all
1	0	0	0	1	0	0	29439154	0	0	29439154	0	/api/739a748bd3c748b88deac114d318d445
1	0	0	0	1	0	0	29447623	0	0	29447623	0	/index.bak.php
1	0	0	10	10	0	29465124	29447623	0	29449915	29438917	0	/about.php
1	0	0	0	1	0	0	29439048	0	0	29439048	0	/panelx.php
1	0	0	1	0	0	29470377	0	0	29470377	0	0	/core885.php
1	0	0	1	0	0	29459101	0	0	29459101	0	0	/fh26.php
1	0	0	2	1	0	29458651	29441757	0	29449915	29441757	0	/ff2.php
1	0	0	1	0	0	29464686	0	0	29464686	0	0	/textpattern
1	0	0	0	1	0	0	29439154	0	0	29439154	0	/static/black/me_auth.png
1	0	0	0	1	0	0	29439154	0	0	29439154	0	/wander/control/login
1	0	0	0	3	0	0	29450829	0	0	29438473	0	/.git/config
1	0	0	2	0	0	29458650	0	0	29450592	0	0	/core.php
1	0	0	1	0	0	29465125	0	0	29465125	0	0	/hacked.php
1	0	0	0	1	0	0	29439154	0	0	29439154	0	/index/index/test
1	0	0	0	1	0	0	29439154	0	0	29439154	0	/api/f.php
1	0	0	2	1	0	29458651	29441759	0	29449916	29441759	0	/blog.php
1	0	0	2	0	0	29470044	0	0	29469939	0	0	/t.php
1	0	0	1	0	0	29458652	0	0	29458652	0	0	/wp-includes/assets/script-loader-react-refresh-entry.min-object.php
1	0	0	1	0	0	29459102	0	0	29459102	0	0	/hq.php
1	0	0	1	0	0	29458651	0	0	29458651	0	0	/wp-includes/SimplePie/Cache/upfile.php
1	0	0	2	1	0	29458651	29441757	0	29449915	29441757	0	/randkeyword.PhP7
1	0	0	3	0	0	29465124	0	0	29454742	0	0	/wp-includes/js/
1	0	0	1	0	0	29458651	0	0	29458651	0	0	/wp-content/uploads/2023/05/404.php
1	0	0	0	1	0	0	29439154	0	0	29439154	0	/mobile/ajax/GetStartRaffleAllList/0
1	0	0	2	2	0	29463413	29447623	0	29453628	29444727	0	/wp-aa.php
1	0	0	0	1	0	0	29439154	0	0	29439154	0	/mobile-api/initConfig.js
1	0	0	0	1	0	0	29439154	0	0	29439154	0	/index/index/detail
1	0	0	0	1	0	0	29439154	0	0	29439154	0	/jsonpublic/selectAddtion.asp
1	0	0	2	1	0	29470044	29447623	0	29469939	29447623	0	/mini
1	0	0	0	1	0	0	29439154	0	0	29439154	0	/api/market/currency_matches
1	0	0	0	1	0	0	29440476	0	0	29440476	0	/serverless.prod.yml
1	0	0	1	0	0	29458652	0	0	29458652	0	0	/wp-content/plugins/google-seo-rank/
1	0	0	1	0	0	29458651	0	0	29458651	0	0	/wp-includes/assets/db.php
1	0	0	0	1	0	0	29439154	0	0	29439154	0	/home/test/index
1	0	0	1	0	0	29458650	0	0	29458650	0	0	/wp-admin/images/index.php
1	0	0	0	1	0	0	29458650	0	0	29458650	0	/.well-known/pki-validation/admin.php
1	0	0	4	1	0	29470043	29439000	0	29454742	29439000	0	/wp-includes/block-bindings/index.php
1	0	0	1	0	0	29458651	0	0	29458651	0	0	/wp-includes/certificates/wp-conflg.php
1	0	0	1	0	0	29458651	0	0	29458651	0	0	/wp-content/themes/twentytwentyfour/icascreenshots.php
1	0	0	3	2	0	29453526	29443457	0	29449916	29441758	0	/o.php
1	0	0	0	1	0	0	29458651	0	0	29458651	0	/.well-known/pki-validation/server.php
1	0	0	2	1	0	29470044	29448466	0	29469939	29448466	0	/files
1	0	0	0	1	0	0	29443457	0	0	29443457	0	/css/autoload_classmap.php
1	1	1	0	0	29439154	0	0	29439154	0	0	7818	/?u=aHR0cHM6Ly93d3cuYmFpZHVkc2Fkc2Fkc2Fkc2FkYXNkLmNvbS8=&p=Lw==
1	0	0	0	1	0	0	29439154	0	0	29439154	0	/static/common/icon/zhuanzhang.png
1	0	0	4	2	0	29470044	29441758	0	29449916	29439000	0	/wp-content/autoload_classmap.php
1	0	0	0	1	0	0	29439154	0	0	29439154	0	/room/minilogin.php
1	0	0	2	0	0	29453525	0	0	29452727	0	0	/miansha.php
1	0	0	4	5	0	29470379	29447623	0	29453629	29442579	0	/buy.php
1	0	0	0	1	0	0	29439154	0	0	29439154	0	/Card/liu.html
1	3	0	0	0	29439828	0	0	29439250	0	0	21914	/Aboute-us
1	0	0	0	1	0	0	29439154	0	0	29439154	0	/home/main/getConfig.do
1	0	0	1	0	0	29465124	0	0	29465124	0	0	/anon.php
1	0	0	1	0	0	29458651	0	0	29458651	0	0	/wordpress/wp-content/uploads/install.php
1	0	0	1	0	0	29458651	0	0	29458651	0	0	/wp-admin/maint/cong.php
1	0	0	0	1	0	0	29458651	0	0	29458651	0	/.well-known/acme-challenge/content.php
1	0	0	1	2	0	29459104	29447623	0	29459104	29438917	0	/thoms.php
1	0	0	1	0	0	29458651	0	0	29458651	0	0	/wp-admin/css/wp-login.php
1	0	0	1	2	0	29449915	29447623	0	29449915	29441757	0	/10.php
1	0	0	1	0	0	29461789	0	0	29461789	0	0	/wp-conter.php
1	0	0	0	1	0	0	29439154	0	0	29439154	0	/static/mobile/agz/image/login/user.png
1	0	0	0	1	0	0	29439154	0	0	29439154	0	/static/images/wallet_manage_trc_usdt.svg
1	0	0	1	0	0	29458652	0	0	29458652	0	0	/wp-content/goods.php
1	0	0	0	1	0	0	29439154	0	0	29439154	0	/static/home/js/regular.js
1	0	0	2	0	0	29470381	0	0	29461789	0	0	/lisa.php
1	0	0	1	0	0	29458652	0	0	29458652	0	0	/wp-content/uploads/revslider/templates/immersion-photography/
1	0	0	0	3	0	0	29446722	0	0	29442579	0	/ask.php
1	0	0	1	0	0	29461790	0	0	29461790	0	0	/wp-includes/Text/Diff/defaults.php
1	0	0	2	0	0	29453525	0	0	29452726	0	0	/xtt.php
1	0	0	0	1	0	0	29438473	0	0	29438473	0	/login.action
1	0	0	1	1	0	29449916	29441758	0	29449916	29441758	0	/wp-Grt3xj.php
1	0	0	1	0	0	29458651	0	0	29458651	0	0	/wp-admin/defaults.php
1	0	0	0	1	0	0	29439154	0	0	29439154	0	/hybrid/html/js/klineData.js
1	0	0	3	2	0	29459103	29441522	0	29453168	29440252	0	/lsd.php
1	0	0	2	2	0	29453383	29441523	0	29453168	29440252	0	/uploads/autoload_classmap.php
1	0	0	0	3	0	0	29446722	0	0	29442579	0	/j.php
1	0	0	2	1	0	29470377	29441758	0	29449916	29441758	0	/k.php?p=
1	0	0	2	1	0	29463414	29444728	0	29453629	29444728	0	/angelV2.php
1	0	0	1	0	0	29459103	0	0	29459103	0	0	/see.php
1	0	0	1	0	0	29459101	0	0	29459101	0	0	/congab.php
1	0	0	0	1	0	0	29439154	0	0	29439154	0	/statics/css/user.css
1	175	175	950	25	29440327	29471398	29440112	29438472	29440496	29438793	1995922	/
1	0	0	2	0	0	29470380	0	0	29461789	0	0	/esp.php
1	0	0	1	0	0	29458651	0	0	29458651	0	0	/repeater.php
1	0	0	4	2	0	29465124	29441757	0	29449915	29438917	0	/.well-known/gecko-litespeed.php
1	0	0	2	0	0	29470380	0	0	29461789	0	0	/lanz.php
1	0	0	2	2	0	29461791	29441522	0	29453383	29440253	0	/04.php
1	0	0	0	1	0	0	29447502	0	0	29447502	0	/assets/jquery-file-upload/server/php/index.php?file=tf2rghf.jpg
1	0	0	0	1	0	0	29439154	0	0	29439154	0	/api/link
1	0	0	1	1	0	29449916	29441758	0	29449916	29441758	0	/classwithtostring.php?p=
1	0	0	2	2	0	29452006	29441758	0	29449916	29439000	0	/wp-admin/classwithtostring.php
1	0	0	3	1	0	29463414	29444728	0	29453629	29444728	0	/mariju.php
1	0	0	1	0	0	29458651	0	0	29458651	0	0	/wp-includes/function.php
1	0	0	3	0	0	29465124	0	0	29454741	0	0	/ALFA_DATA/alfacgiapi/
1	0	0	3	0	0	29461791	0	0	29458650	0	0	/O-Simple.php
1	0	0	1	0	0	29470064	0	0	29470064	0	0	/bitrix/css/main/themes/0x1.php
1	0	0	1	0	0	29458652	0	0	29458652	0	0	/js/mrx.php
1	0	0	2	0	0	29470382	0	0	29461789	0	0	/asf.php
1	0	0	0	3	0	0	29446722	0	0	29442579	0	/amphicyon.php
1	0	0	4	0	0	29465124	0	0	29450593	0	0	/images/index.php
1	0	0	0	1	0	0	29439154	0	0	29439154	0	/api/service
1	0	0	1	0	0	29458650	0	0	29458650	0	0	/wp-includes/images/smilies/index.php
1	0	0	1	0	0	29458652	0	0	29458652	0	0	/wp-admin/includes/admin.php
1	0	0	1	0	0	29458651	0	0	29458651	0	0	/license.php
1	0	0	1	1	0	29458651	29447623	0	29458651	29447623	0	/options-reading.php
1	0	0	1	0	0	29459103	0	0	29459103	0	0	/13ede.php
1	0	0	1	0	0	29465125	0	0	29465125	0	0	/wso404.php
1	0	0	1	0	0	29458650	0	0	29458650	0	0	/wp-content/languages/wp-conflg.php
1	0	0	1	0	0	29458652	0	0	29458652	0	0	/wp-admin/maint/lint-branch.php
1	0	0	0	3	0	0	29446722	0	0	29442579	0	/e.php
1	0	0	0	1	0	0	29439154	0	0	29439154	0	/api/mdm/getAppInfo
1	0	0	1	0	0	29458651	0	0	29458651	0	0	/wp-includes/widgets/wp-ss.php
1	0	0	1	0	0	29458652	0	0	29458652	0	0	/wp-includes/sodium_compat/lib/widget-group.php
1	0	0	1	0	0	29458652	0	0	29458652	0	0	/wp-content/themes/pridmag/
1	0	0	1	0	0	29458651	0	0	29458651	0	0	/wp-includes/certificates/past.php
1	0	0	1	0	0	29458651	0	0	29458651	0	0	/wp-content/plugins/pwnd/install.php
1	0	0	0	1	0	0	29439154	0	0	29439154	0	/index.php/games/red
1	0	0	2	0	0	29458652	0	0	29452007	0	0	/wp-includes/theme-compat/
1	0	0	0	1	0	0	29439154	0	0	29439154	0	/js/chunk-vendors.63ec85b1.js
1	0	0	1	0	0	29458651	0	0	29458651	0	0	/firewall.php7
1	0	0	1	0	0	29458650	0	0	29458650	0	0	/wp-includes/pomo/admin.php
1	0	0	2	1	0	29463413	29444727	0	29453628	29444727	0	/case.php
3	1	1	0	0	29439653	0	0	29439653	0	0	7799	https://www.baidu.com/
3	0	0	65	21	0	29470044	29450592	0	29450592	29439000	0	https://duckduckgo.com/
3	0	0	46	19	0	29470044	29443458	0	29450592	29439000	0	https://www.yahoo.com/
3	0	0	5	0	0	29461784	0	0	29453295	0	0	http://www.techblogs.site/
3	0	0	0	1	0	0	29440159	0	0	29440159	0	http://techblogs.site/sitemap.xml
3	0	0	0	28	0	0	29448307	0	0	29440112	0	http://techblogs.site/contato
3	0	0	1	1	0	29452732	29438735	0	29452732	29438735	0	https://www.facebook.com/
3	0	0	0	1	0	0	29441729	0	0	29441729	0	http://techblogs.site/wp-admin/
3	2	0	0	0	29440803	0	0	29440341	0	0	1942	https://wordpress.org/
3	0	0	51	19	0	29470044	29443458	0	29443458	29439000	0	https://www.google.co.uk/
3	0	0	50	27	0	29470044	29469938	0	29450592	29439000	0	https://www.google.fr/
3	3	0	0	1	29439178	0	29439178	29439176	0	29439178	5833	http://techblogs.site/login
3	41	25	85	15	29440262	29471164	29440112	29438532	29439175	29438856	5150775	http://techblogs.site/
3	1	1	12	0	29439741	29439937	0	29439741	29439196	0	9597	http://techblogs.site/blog/view/17
3	1	1	0	0	29439269	0	0	29439269	0	0	9539	http://techblogs.site/blog/view/16
3	1	1	0	0	29439208	0	0	29439208	0	0	9535	http://techblogs.site/blog/view/15
3	1	1	0	0	29439191	0	0	29439191	0	0	9536	http://techblogs.site/blog/view/14
3	0	0	1	0	0	29440515	0	0	29440515	0	0	http://techblogs.site/message/store
3	0	0	0	1	0	0	29441729	0	0	29441729	0	http://techblogs.site/administrator/
3	0	0	0	2	0	0	29440551	0	0	29440551	0	http://techblogs.site/wp-content/uploads/2018/05/techblogs.site_.jpg
3	0	0	1	0	0	29450029	0	0	29450029	0	0	https://www.siteliner.com/techblogs.site
3	0	0	1	0	0	29465879	0	0	29465879	0	0	https://t.co/
3	0	0	2	0	0	29463379	0	0	29442433	0	0	http://mail.techblogs.site/
3	9	4	4	1	29441447	29461871	29439179	29439139	29439180	29439179	54180	android-app://com.google.android.googlequicksearchbox/
3	0	0	63	21	0	29470044	29465124	0	29450592	29439000	0	https://www.google.de/
3	1	1	0	0	29440098	0	0	29440098	0	0	9340	http://www.techblogs.site/blog/view/22
3	1	1	0	0	29439700	0	0	29439700	0	0	9548	http://www.techblogs.site/blog/view/17
3	1	1	0	0	29439690	0	0	29439690	0	0	9537	http://www.techblogs.site/blog/view/16
3	1	1	0	0	29439711	0	0	29439711	0	0	9610	http://www.techblogs.site/blog/view/15
3	1	1	6	0	29440194	29440156	0	29440194	29440129	0	9298	http://techblogs.site/blog/view/23/elon-musk-and-the-long-pi-mobile-a-revolution-in-mobile-technology
3	1	1	0	0	29439652	0	0	29439652	0	0	9541	http://www.techblogs.site/blog/view/14
3	0	0	1	0	0	29465843	0	0	29465843	0	0	http://www.example.com/index.php
3	1	0	49	21	29446827	29470044	29443458	29446827	29450592	29439000	971	https://www.google.com/
3	2	0	1	0	29444081	29459297	0	29441860	29459297	0	1942	https://www.reddit.com/
3	0	0	87	6	0	29470150	29439807	0	29440112	29438532	0	http://techblogs.site/contato/
3	1	0	0	0	29439179	0	0	29439179	0	0	5586	http://techblogs.site/Comments
3	4	0	2	0	29439180	29439180	0	29439179	29439180	0	17367	http://techblogs.site/Categories
3	1	0	63	26	29439158	29470044	29470043	29439158	29450592	29439000	971	https://www.bing.com/
3	2	1	3	0	29439176	29440515	0	29439122	29439122	0	45732	http://techblogs.site/Contect-us
3	0	0	3	0	0	29470258	0	0	29462145	0	0	https://search.google.com/
3	0	0	2	0	0	29460995	0	0	29460918	0	0	http://www.techblogs.site/favicon.ico
3	0	0	2	0	0	29464685	0	0	29464685	0	0	https://www.google.ru/search
3	2	0	0	0	29439179	0	0	29439179	0	0	14121	http://techblogs.site/admin_dashboard
3	0	0	2	0	0	29462063	0	0	29447569	0	0	http://techblogs.site/robots.txt
3	2	0	2	1	29439178	29439178	29439178	29439178	29439178	29439178	8255	http://techblogs.site/admin/login/post
3	0	0	1	0	0	29459582	0	0	29459582	0	0	http://459crim.es/
3	0	0	1	0	0	29464031	0	0	29464031	0	0	http://m.facebook.com/
4	0	0	40	15	0	29458652	29441759	0	29441759	29441757	0	Mozilla/5.0 (Windows NT 10.0; Win64; x64; rv:79.0) Gecko/20100101 Firefox/79.0
4	0	0	0	1	0	0	29438976	0	0	29438976	0	Mozilla/5.0 (Linux; Android 9; MI 8 Lite Build/PKQ1.181007.001; wv) AppleWebKit/537.36 (KHTML, like Gecko) Version/4.0 Chrome/76.0.3809.89 Mobile Safari/537.36 T7/11.19 SP-engine/2.15.0 baiduboxapp/11.19.5.10 (Baidu; P1 9)
4	0	0	28	6	0	29458652	29441759	0	29441759	29441758	0	Mozilla/5.0 (Windows NT 6.1; Win64; x64) AppleWebKit/537.36 (KHTML, like Gecko) Chrome/58.0.3029.110 Safari/537.3
4	0	0	1	0	0	29463735	0	0	29463735	0	0	Mozilla/5.0 (X11; Linux x86_64) Gecko/20100101 Firefox/118.0.2
4	12	12	33	6	29440156	29469655	29444636	29439396	29439396	29440112	426936	Mozilla/5.0 (Windows NT 10.0; Win64; x64) AppleWebKit/537.36 (KHTML, like Gecko) Chrome/130.0.0.0 Safari/537.36
4	3	3	31	7	29439807	29471164	29446265	29439807	29439807	29438864	111558	Mozilla/5.0 (Windows NT 10.0; Win64; x64) AppleWebKit/537.36 (KHTML, like Gecko) Chrome/129.0.0.0 Safari/537.36
4	0	0	22	8	0	29470044	29443458	0	29450592	29439000	0	Mozilla/5.0 (Linux; Android 10; LM-Q720) AppleWebKit/537.36 (KHTML, like Gecko) Chrome/116.0.0.0 Mobile Safari/537.36
4	0	0	33	8	0	29458652	29458651	0	29449915	29441757	0	Mozilla/5.0 (Windows NT 10.0; WOW64) AppleWebKit/537.36 (KHTML, like Gecko) Chrome/84.0.4147.105 Safari/537.36
4	0	0	1	0	0	29452412	0	0	29452412	0	0	Mozilla/5.0 (X11; Linux x86_64) AppleWebKit/537.36 (KHTML, like Gecko) Chrome/80.0.3987.116 Safari/537.36
4	0	0	3	0	0	29466642	0	0	29466642	0	0	Mozilla/5.0 (Windows NT 10.0; Win64; x64; rv:109.0) Gecko/20100101 Firefox/117.0
4	0	0	3	0	0	29469567	0	0	29445866	0	0	Mozilla/5.0 (Macintosh; Intel Mac OS X 10.15; rv:122.0) Gecko/20100101 Firefox/122.0
4	1	1	0	2	29439827	0	29439830	29439827	0	29439830	9618	Mozilla/5.0 (iPhone; CPU iPhone OS 18_0 like Mac OS X) AppleWebKit/605.1.15 (KHTML, like Gecko) Mobile/15E148 YaBrowser/25.10.5.773.10 YaApp_iOS/2510.5 YaApp_iOS_Browser/2510.5 Safari/604.1 SA/3
4	0	0	36	3	0	29458652	29441759	0	29441759	29441757	0	Mozilla/5.0 (X11; Linux x86_64) AppleWebKit/537.36 (KHTML, like Gecko) Chrome/84.0.4147.105 Safari/537.36
4	0	0	1	0	0	29458009	0	0	29458009	0	0	Mozilla/5.0 (Linux; Android 7.1.1; OPPO R11 Build/NMF26X; wv) AppleWebKit/537.36 (KHTML, like Gecko) Version/4.0 Chrome/48.0.2564.116 Mobile Safari/537.36 T7/10.6 baiduboxapp/10.6.5.10 (Baidu; P1 7.1.1)
4	0	0	1	0	0	29468000	0	0	29468000	0	0	Mozilla/5.0 (Windows NT 10.0; Win64; x64) AppleWebKit/537.36 (KHTML, like Gecko) Chrome/115.0.0.0 Safari/537.36 Edg/115.0.1901.183
4	0	0	1	0	0	29448928	0	0	29448928	0	0	Mozilla/5.0 (X11; Linux x86_64) AppleWebKit/537.36 (KHTML, like Gecko) HeadlessChrome/126.0.6478.182 Safari/537.36
4	0	0	4	0	0	29445450	0	0	29441121	0	0	Python/3.10 aiohttp/3.13.0
4	0	0	6	0	0	29463923	0	0	29446685	0	0	Mozilla/5.0 (X11; Linux x86_64; rv:142.0) Gecko/20100101 Firefox/142.0
4	0	0	1	0	0	29440611	0	0	29440611	0	0	Mozilla/5.0 (X11; Linux x86_64) AppleWebKit/537.36 (KHTML, like Gecko) HeadlessChrome/109.0.5414.119 Safari/537.36
4	0	0	1	0	0	29457219	0	0	29457219	0	0	Mozilla/4.0(compatible;MSIE8.0;WindowsNT5.1;Trident/4.0;.NETCLR1.1.4322;InfoPath.1;.NETCLR2.0.50727;.NETCLR3.0.4506.2152;.NETCLR3.5.30729)
4	0	0	1	0	0	29449622	0	0	29449622	0	0	Mozilla/5.0 (Macintosh; Intel Mac OS X 10_15_7) AppleWebKit/605.1.15 (KHTML, like Gecko) Version/17.0 Safari/605.1.15
4	0	0	1	0	0	29452955	0	0	29452955	0	0	Mozilla/5.0 (Linux; Android 5.1.1; OPPO R9 Plustm A Build/LMY47V; wv) AppleWebKit/537.36 (KHTML, like Gecko) Version/4.0 Chrome/76.0.3809.89 Mobile Safari/537.36 T7/11.19 SP-engine/2.15.0 baiduboxapp/11.19.5.10 (Baidu; P1 5.1.1)
4	0	0	36	5	0	29458652	29441759	0	29449915	29441758	0	Mozilla/5.0 (Macintosh; Intel Mac OS X 10_15_6) AppleWebKit/537.36 (KHTML, like Gecko) Chrome/84.0.4147.125 Safari/537.36
4	0	0	5	0	0	29463300	0	0	29449444	0	0	Mozilla/5.0 (Windows NT 10.0; Win64; x64) AppleWebKit/537.36 (KHTML, like Gecko) Chrome/95.0.4638.69 Safari/537.36
4	0	0	1	0	0	29451077	0	0	29451077	0	0	Mozilla/5.0 (Windows NT 10.0; Win64; x64) AppleWebKit/537.36 (KHTML, like Gecko) Chrome/121.0.0.0 Safari/537.36 Edg/121.0.0.0
4	4	0	39	0	29446201	29470687	0	29439426	29445578	0	985	Mozilla/5.0 AppleWebKit/537.36 (KHTML, like Gecko; compatible; bingbot/2.0; +http://www.bing.com/bingbot.htm) Chrome/116.0.1938.76 Safari/537.36
4	0	0	16	13	0	29470044	29443458	0	29450592	29439000	0	Mozilla/5.0 (Linux; Android 12; SM-A525F) AppleWebKit/537.36 (KHTML, like Gecko) Chrome/117.0.0.0 Mobile Safari/537.36
4	1	0	0	0	29444081	0	0	29444081	0	0	971	Mozilla/5.0 (Macintosh; Intel Mac OS X 13_6_2) AppleWebKit/537.36 (KHTML, like Gecko) Chrome/122.0.6261.57 Safari/537.36
4	0	0	9	0	0	29469820	0	0	29449060	0	0	Mozlila/5.0 (Linux; Android 7.0; SM-G892A Bulid/NRD90M; wv) AppleWebKit/537.36 (KHTML, like Gecko) Version/4.0 Chrome/60.0.3112.107 Moblie Safari/537.36
4	1	1	37	6	29438644	29470150	29448307	29438644	29443949	29443949	1365	Mozilla/5.0 (Windows NT 10.0; Win64; x64) AppleWebKit/537.36 (KHTML, like Gecko) Chrome/131.0.0.0 Safari/537.36 Avast/131.0.0.0
4	0	0	1	0	0	29447569	0	0	29447569	0	0	Mozilla/5.0 (Windows NT 10.0; Win64; x64) AppleWebKit/537.36 (KHTML, like Gecko) Chrome/101.0.4951.64 Safari/537.36 Edg/101.0.1210.47
4	0	0	2	0	0	29451654	0	0	29451654	0	0	Mozilla/5.0 (Macintosh; Intel Mac OS X 10_10_1) AppleWebKit/600.1.25 (KHTML, like Gecko) Version/8.0 Safari/600.1.25
4	5	2	5	0	29440199	29456569	0	29439460	29441090	0	795803	Mozilla/5.0 (Windows NT 10.0; Win64; x64) AppleWebKit/537.36 (KHTML, like Gecko) Chrome/117.0.5938.132 Safari/537.36
4	0	0	3	0	0	29460380	0	0	29447693	0	0	Mozilla/5.0 (compatible;PetalBot;+https://webmaster.petalsearch.com/site/petalbot)
4	0	0	25	7	0	29470044	29443458	0	29450592	29439000	0	Mozilla/5.0 (Linux; Android 10; K) AppleWebKit/537.36 (KHTML, like Gecko) Chrome/117.0.0.0 Mobile Safari/537.36
4	0	0	2	0	0	29464685	0	0	29464685	0	0	Mozilla/5.0 (Windows NT 10.0; Win64; x64) AppleWebKit/537.36 (KHTML, like Gecko) Chrome/88.0.4324.190 Safari/537.36
4	0	0	2	0	0	29465638	0	0	29457266	0	0	Mozilla/5.0 (Windows NT 10.0; Win64; x64) AppleWebKit/537.36 (KHTML, like Gecko) Chrome/122.0.0.0 Safari/537.3
4	7	0	1	5	29439537	29442575	29442724	29439159	29442575	29439166	1035258	Googlebot-Image/1.0
4	0	0	28	9	0	29458652	29458651	0	29441759	29441757	0	Mozilla/5.0 (Windows NT 10.0; Win64; x64) AppleWebKit/537.36 (KHTML, like Gecko) Chrome/69.0.3497.100 Safari/537.36
4	0	0	1	1	0	29450045	29442075	0	29450045	29442075	0	Python-urllib/2.7
4	0	0	21	12	0	29470044	29469938	0	29450593	29439000	0	Mozilla/5.0 (Linux; Android 13; SM-S908E) AppleWebKit/537.36 (KHTML, like Gecko) Chrome/116.0.0.0 Mobile Safari/537.36
4	0	0	42	7	0	29458652	29458651	0	29441759	29441758	0	Mozilla/5.0 (Macintosh; Intel Mac OS X 10_10_1) AppleWebKit/537.36 (KHTML, like Gecko) Chrome/39.0.2171.95 Safari/537.36
4	1	1	1	0	29439661	29444580	0	29439661	29444580	0	9536	Mozilla/5.0 (compatible; CMS-Checker/1.0; +https://example.com)
4	0	0	3	0	0	29458050	0	0	29456582	0	0	Mozilla/5.0 (Linux; Android 12; SAMSUNG SM-A415F) AppleWebKit/537.36 (KHTML, like Gecko) SamsungBrowser/23.0 Chrome/115.0.0.0 Mobile Safari/537.3
4	0	0	28	11	0	29458652	29441759	0	29441759	29441757	0	Mozilla/5.0 (Windows NT 10.0; Win64; x64; rv:75.0) Gecko/20100101 Firefox/75.0
4	2	2	0	1	29439653	0	29439653	29439653	0	29439653	15589	Mozilla/5.0 (X11; Linux x86_64) AppleWebKit/537.36 (KHTML, like Gecko) Chrome/121.0.0.0 Safari/537.36
4	0	0	1	0	0	29447932	0	0	29447932	0	0	Mozilla/5.0 (Linux; U; Android 6.0.1; zh-CN; SM919 Build/MXB48T) AppleWebKit/537.36 (KHTML, like Gecko) Version/4.0 Chrome/40.0.2214.89 UCBrowser/11.7.2.954 Mobile Safari/537.36
4	2	1	0	0	29440152	0	0	29440152	0	0	9320	Mozilla/5.0 (compatible; SiteAuditBot/0.97; +http://www.semrush.com/bot.html)
4	3	1	0	0	29439206	0	0	29439202	0	0	717154	Mozilla/5.0 (Windows NT 10.0; Win64; x64) AppleWebKit/537.36 (KHTML, like Gecko) Chrome/142.0.0.0 Safari/537.36 Edg/142.0.0.0
4	1	1	1	0	29439827	29439827	0	29439827	29439827	0	7893	Mozilla/5.0 (Linux; Android 6.0.1; Nexus 5X Build/MMB29P) AppleWebKit/537.36 (KHTML, like Gecko) Chrome/141.0.7390.122 Mobile Safari/537.36 (compatible; GoogleOther)
4	0	0	2	0	0	29464330	0	0	29459914	0	0	Mozilla/5.0 (Windows NT 10.0; WOW64) AppleWebKit/537.36 (KHTML, like Gecko) Chrome/81.0.4044.138 Safari/537.36
4	0	0	1	0	0	29455563	0	0	29455563	0	0	Mozilla/5.0 (Windows NT 10.0; Win64; x64) AppleWebKit/537.36 (KHTML, like Gecko) Chrome/111.0.0.0 Safari/537.36
4	0	0	12	0	0	29456836	0	0	29446755	0	0	Mozilla/5.0 (Windows NT 10.0; Win64; x64) AppleWebKit/537.36 (KHTML, like Gecko) Chrome/139.0.0.0 Safari/537.36/Nutch-1.21-SNAPSHOT
4	0	0	7	0	0	29464686	0	0	29464686	0	0	Mozilla/5.0 (Windows NT 10.0; Win64; x64) AppleWebKit/537.36 (KHTML, like Gecko) Chrome/73.0.3683.103 Safari/537.36 OPR/60.0.3255.170
4	0	0	1	0	0	29460898	0	0	29460898	0	0	Mozilla/5.0 (Windows NT 10.0; Win64; x64) AppleWebKit/537.36 (KHTML, like Gecko) Chrome/120.0.0.0 Safari/537.36 Viewer/99.9.8853.8
4	0	0	0	1	0	0	29439154	0	0	29439154	0	Mozilla/5.0 (iPhone; CPU iPhone OS 18_5 like Mac OS X) AppleWebKit/605.1.15 (KHTML, like Gecko) Version/18.5 Mobile/15E148 Safari/604.1
4	1	1	0	1	29438573	0	29438573	29438573	0	29438573	699	Mozilla/5.0 (X11; Linux x86_64) AppleWebKit/537.36 (KHTML, like Gecko) Chrome/135.0.7049.115 Safari/537.36
4	1	1	0	0	29438472	0	0	29438472	0	0	699	Mozilla/5.0 (X11; Linux x86_64) AppleWebKit/537.36 (KHTML, like Gecko) Chrome/137.0.0.0 Safari/537.36
4	0	0	40	3	0	29458652	29441758	0	29441759	29441757	0	Mozilla/5.0 (Macintosh; Intel Mac OS X 10_12_6) AppleWebKit/537.36 (KHTML, like Gecko) Chrome/58.0.3029.110 Safari/537.3
4	3	1	0	0	29439307	0	0	29439307	0	0	717155	Mozilla/5.0 (Windows NT 10.0; Win64; x64; rv:109.0) Gecko/20100101 Firefox/109.0
4	0	0	15	0	0	29469408	0	0	29442206	0	0	Mozilla/5.0 (Windows NT 10.0; Win64; x64) AppleWebKit/537.36 (KHTML, like Gecko) Chrome/78.0.3904.108 Safari/537.36
4	2	1	0	0	29439451	0	0	29439451	0	0	173355	Mozilla/5.0 (compatible; InternetMeasurement/1.0; +https://internet-measurement.com/)
4	8	3	0	2	29438472	0	29438472	29438471	0	29438472	3165	Mozilla/5.0 (compatible; Let's Encrypt validation server; +https://www.letsencrypt.org)
4	2	0	2	1	29439612	29464769	29439884	29439612	29454392	29439884	707618	Mozilla/5.0 (Windows NT 10.0) AppleWebKit/537.36 (KHTML, like Gecko) Chrome/106.0.0.0 Safari/537.36
4	0	0	1	0	0	29456549	0	0	29456549	0	0	Mozilla/5.0 (Windows NT 10.0; Win64; x64) AppleWebKit/537.36 (KHTML, like Gecko) Chrome/100.0.4896.127 Safari/537.36
4	1	0	6	4	29440020	29470064	29447502	29440020	29454338	29441111	35759	ALittle Client
4	1	1	0	0	29439192	0	0	29439192	0	0	9536	Mozilla/5.0 (X11; U; SunOS sun4u; en-US; rv:1.7) Gecko/20060629
4	0	0	17	9	0	29458652	29441759	0	29441759	29441758	0	Mozilla/5.0 (X11; Linux i686; rv:79.0) Gecko/20100101 Firefox/79.0
4	0	0	0	3	0	0	29440479	0	0	29440477	0	Mozilla/5.0 (X11; Ubuntu; Linux x86_64; rv:109.0) Gecko/20100101 Firefox/121.0
4	71	47	0	496	29439154	0	29439154	29439089	0	29439154	414695	Mozilla/5.0 (iPhone; CPU iPhone OS 10_3 like Mac OS X) AppleWebKit/602.1.50 (KHTML, like Gecko) CriOS/56.0.2924.75 Mobile/14E5239e Safari/602.1
4	0	0	1	0	0	29470998	0	0	29470998	0	0	Mozilla/5.0 (Macintosh; U; Intel Mac OS X 10_6_8; en-us) AppleWebKit/534.50 (KHTML, like Gecko) Version/5.1 Safari/534.50
4	0	0	1	0	0	29453075	0	0	29453075	0	0	Mozilla/5.0 (X11; Linux i686) AppleWebKit/537.36 (KHTML, like Gecko) Chrome/30.0.1599.114 Safari/537.36
4	0	0	2	0	0	29459112	0	0	29444496	0	0	Mozilla/5.0 (Windows NT 10.0; Win64; x64) AppleWebKit/537.36 (KHTML, like Gecko) Chrome/91.0.4472.114 Safari/537.36 Edg/91.0.864.54
4	1	1	0	0	29438704	0	0	29438704	0	0	699	Mozilla/5.0 (iPhone; CPU iPhone OS 14_4 like Mac OS X) AppleWebKit/605.1.15 (KHTML, like Gecko) Version/15.4 Mobile/15E148 Safari/604.1
4	0	0	29	4	0	29458652	29441758	0	29441759	29441757	0	Mozilla/5.0 (Windows NT 10.0; Win64; x64; rv:71.0) Gecko/20100101 Firefox/71.0
4	0	0	1	0	0	29441320	0	0	29441320	0	0	Mozilla/5.0 (X11; Fedora; Linux x86_64; rv:114.0) Gecko/20100101 Firefox/114.0
4	0	0	1	0	0	29460967	0	0	29460967	0	0	Mozilla/5.0 (Macintosh; Intel Mac OS X 10_15_7) AppleWebKit/537.36 (KHTML, like Gecko) Chrome/114.0.0.0 Safari/537.36
4	0	0	1	0	0	29464566	0	0	29464566	0	0	Mozilla/5.0 (Linux; Android 13; SM-G781B Build/TP1A.220624.014; wv) AppleWebKit/537.36 (KHTML, like Gecko) Version/4.0 Chrome/132.0.6834.122 Mobile Safari/537.36 Line/14.17.0/IAB
4	0	0	1	0	0	29455523	0	0	29455523	0	0	Mozilla/5.0 (Windows NT 10.0; Win64; x64) AppleWebKit/537.36 (KHTML, like Gecko) Chrome/131.0.0.0 Safari/537.36 Edg/131.0.0.
4	0	0	0	4	0	0	29438715	0	0	29438685	0	Mozilla/5.0 (Windows NT 10.0; Win64; x64) AppleWebKit/537.36 (KHTML, like Gecko) Chrome/85.0.4183.121 Safari/537.36
4	0	0	2	2	0	29466273	29466273	0	29464932	29466121	0	Mozilla/5.0 (iPhone; CPU iPhone OS 17_1 like Mac OS X) AppleWebKit/605.1.15 (KHTML, like Gecko) Version/17.1 Mobile/15E148 Safari/604.1
4	0	0	0	1	0	0	29440085	0	0	29440085	0	Mozilla/5.0 (iPhone; CPU iPhone OS 8_0 like Mac OS X) AppleWebKit/600.1.4 (KHTML like Gecko) Version/8.0 Mobile/12A365 Safari/600.1.4
4	0	0	1	0	0	29443782	0	0	29443782	0	0	Mozilla/5.0 (Linux; Android 14) AppleWebKit/537.36 (KHTML, like Gecko) Chrome/118.0.5993.80 Mobile Safari/537.36
4	29	8	12	5	29441447	29464031	29439179	29439139	29439175	29439139	930570	Mozilla/5.0 (Linux; Android 10; K) AppleWebKit/537.36 (KHTML, like Gecko) Chrome/143.0.0.0 Mobile Safari/537.36
4	0	0	0	1	0	0	29438670	0	0	29438670	0	Mozilla/5.0 (Macintosh; Intel Mac OS X 10_15_7) AppleWebKit/537.36 (KHTML, like Gecko) Chrome/131.0.0.0 Safari/537.36; compatible; OAI-SearchBot/1.0; +https://openai.com/searchbot
4	0	0	1	0	0	29452732	0	0	29452732	0	0	Mozilla/5.0 (X11; Linux x86_64) Gecko/20100101 Firefox/119.0.1
4	1	0	0	0	29447145	0	0	29447145	0	0	971	Mozilla/5.0 (X11; Linux x86_64) Gecko/20100101 Firefox/120.0.1
4	0	0	2	0	0	29466642	0	0	29466642	0	0	Mozilla/5.0 (Macintosh; Intel Mac OS X 10_15_7) AppleWebKit/605.1.15 (KHTML, like Gecko) Version/16.1 Safari/605.1.15
4	0	0	1	0	0	29457748	0	0	29457748	0	0	Java/1.8.0_332
4	0	0	7	0	0	29464680	0	0	29464669	0	0	Mozilla/5.0 (Macintosh; Intel Mac OS X 10_11_6) AppleWebKit/537.36 (KHTML, like Gecko) Chrome/53.0.2785.143 Safari/537.36
4	1	1	0	0	29438704	0	0	29438704	0	0	699	Mozilla/5.0 (Macintosh; Intel Mac OS X 10_15_7) AppleWebKit/537.36 (KHTML, like Gecko) Chrome/113.0.0.0 Safari/537.36
4	0	0	37	10	0	29458652	29458651	0	29441759	29441757	0	Mozilla/5.0 (Windows NT 10.0; Win64; x64) AppleWebKit/537.36 (KHTML, like Gecko) Chrome/74.0.3729.157 Safari/537.36
4	0	0	1	0	0	29450279	0	0	29450279	0	0	Mozilla/5.0 (Windows NT 10.0; Win64; x64) AppleWebKit/537.36 (KHTML, like Gecko) Chrome/108.0.0.0 Safari/537.36
4	0	0	11	4	0	29470398	29438793	0	29442429	29438793	0	Mozilla/5.0 (Windows NT 10.0; Win64; x64) AppleWebKit/537.36 (KHTML, like Gecko) Chrome/143.0.0.0 Safari/537.36
4	0	0	30	4	0	29458652	29449916	0	29441759	29441758	0	Mozilla/5.0 (Windows NT 10.0; Win64; x64; rv:66.0) Gecko/20100101 Firefox/66.0
4	2	0	0	0	29448289	0	0	29447148	0	0	6157	Mozilla/5.0 (Windows NT 10.0; Win64; x64; rv:129.0) Gecko/20100101 Firefox/129.0
4	0	0	30	10	0	29458652	29458650	0	29441759	29441757	0	Mozilla/5.0 (Windows NT 10.0) AppleWebKit/537.36 (KHTML, like Gecko) Chrome/84.0.4147.105 Safari/537.36
4	1	0	0	0	29441729	0	0	29441729	0	0	971	Mozilla/5.0 (X11; Linux x86_64) Gecko/20100101 Firefox/117.0
4	0	0	1	0	0	29458659	0	0	29458659	0	0	Mozilla/5.0 (Linux; Android 8.0.0; SM-G9650 Build/R16NW; wv) AppleWebKit/537.36 (KHTML, like Gecko) Version/4.0 Chrome/63.0.3239.83 Mobile Safari/537.36 T7/10.13 baiduboxapp/10.13.0.11 (Baidu; P1 8.0.0)
4	0	0	10	0	0	29467304	0	0	29450023	0	0	SiteCheckerBotCrawler/1.0 (+http://sitechecker.pro)
4	0	0	2	0	0	29471019	0	0	29444794	0	0	Mozilla/5.0 (Windows NT 10.0; Win64; x64) AppleWebKit/537.36 (KHTML, like Gecko) Chrome/125.0.0.0 Safari/537.36
4	0	0	3	0	0	29468155	0	0	29468153	0	0	Mozilla/5.0 (Macintosh; Intel Mac OS X 10_15_7) AppleWebKit/605.1.15 (KHTML, like Gecko) Version/26.2 Safari/605.1.15
4	0	0	30	10	0	29458652	29458651	0	29441759	29441757	0	Mozilla/5.0 (Windows NT 6.1; Win64; x64) AppleWebKit/537.36 (KHTML, like Gecko) Chrome/78.0.3904.108 Safari/537.36
4	0	0	1	0	0	29456509	0	0	29456509	0	0	Mozilla/5.0 (Linux; Android 13; Pixel 4a (5G) Build/TQ2A.230505.002; wv) AppleWebKit/537.36 (KHTML, like Gecko) Version/4.0 Chrome/112.0.5615.136 Mobile Safari/537.36 GoogleApp/14.16.27.29.arm64 AppEngine-Google; (+http://code.google.com/appengine; appid: s~virustotalcloud)
4	0	0	2	0	0	29450951	0	0	29441871	0	0	Mozilla/5.0 (compatible; WP-Safe-Scanner/1.0)
4	0	0	46	2	0	29458652	29441759	0	29441759	29441758	0	Mozilla/5.0 (Windows NT 10.0; Win64; x64) AppleWebKit/537.36 (KHTML, like Gecko) Chrome/70.0.3538.110 Safari/537.36
4	1	0	2	3	29441729	29441729	29441729	29441729	29441729	29441729	3077	Mozilla/5.0 (Windows NT 10.0; Win64; x64) AppleWebKit/537.36 Chrome/116.0 Safari/537.36
4	0	0	2	0	0	29458522	0	0	29458522	0	0	Mozilla/5.0 (Linux; Android 10; K) AppleWebKit/537.36 (KHTML, like Gecko) Chrome/135.0.0.0 Mobile Safari/537.36
4	0	0	2	0	0	29459297	0	0	29450283	0	0	Mozilla/5.0 (Windows NT 10.0; Win64; x64) AppleWebKit/537.36 (KHTML, like Gecko) Chrome/121.0.0.0 Safari/537.36 Edg/121.0.2277.83
4	0	0	3	0	0	29462865	0	0	29442208	0	0	Mozilla/5.0 (compatible; CensysInspect/1.1; +https://about.censys.io/)
4	0	0	1	0	0	29449143	0	0	29449143	0	0	Mozilla/5.0 (iPhone; CPU iPhone OS 12_0 like Mac OS X) AppleWebKit/605.1.15 (KHTML, like Gecko) Version/12.0 Mobile/15E148 Safari/604.1
4	0	0	1	2	0	29468256	29440159	0	29468256	29440159	0	Mozilla/5.0 (Windows NT 10.0; Win64; x64) AppleWebKit/537.36 (KHTML, like Gecko) Chrome/142.0.0.0 Safari/537.36
4	1	1	21	13	29438472	29466407	29440856	29438472	29441729	29438472	699	Go-http-client/1.1
4	0	0	38	5	0	29458652	29441759	0	29441759	29441757	0	Mozilla/5.0 (Windows NT 10.0; WOW64; x64) AppleWebKit/537.36 (KHTML, like Gecko) Chrome/84.0.4147.105 Safari/537.36 OPR/70.0.3728.95
4	0	0	32	4	0	29458652	29441759	0	29441759	29441757	0	Mozilla/5.0 (X11; Fedora; Linux x86_64; rv:79.0) Gecko/20100101 Firefox/79.0
4	0	0	34	7	0	29458652	29441759	0	29441759	29441757	0	Mozilla/5.0 (Windows NT 10.0; Win64; x64; rv:76.0) Gecko/20100101 Firefox/76.0
4	0	0	2	0	0	29461472	0	0	29447364	0	0	Mozilla/5.0 (iPhone; CPU iPhone OS 17_1_2 like Mac OS X) AppleWebKit/605.1.15 (KHTML, like Gecko) Version/17.1.2 Mobile/15E148 Safari/604
4	0	0	46	7	0	29458652	29449917	0	29441759	29441757	0	Mozilla/5.0 (Macintosh; Intel Mac OS X 10.15; rv:79.0) Gecko/20100101 Firefox/79.0
4	0	0	1	0	0	29458806	0	0	29458806	0	0	Mozilla/5.0 (Linux; Android 4.4.2; Lenovo TAB 2 A7-30DC) AppleWebKit/537.36 (KHTML, like Gecko) Chrome/81.0.4044.138 Safari/537.36
4	0	0	1	0	0	29456575	0	0	29456575	0	0	Mozilla/5.0 (Windows NT 10.0; Win64; x64) AppleWebKit/537.36 (KHTML, like Gecko) Chrome/84.0.4147.89 Safari/537.36
4	0	0	5	0	0	29461344	0	0	29441344	0	0	Mozilla/5.0 (compatible; RSiteAuditor)
4	0	0	2	0	0	29469169	0	0	29459790	0	0	Mozilla/5.0 (Macintosh; Intel Mac OS X 10_13_5) AppleWebKit/537.36 (KHTML, like Gecko) Chrome/69.0.3497.100 Safari/537.36
4	0	0	1	0	0	29458522	0	0	29458522	0	0	Mozilla/5.0 (Macintosh; Intel Mac OS X 10_15_7) AppleWebKit/537.36 (KHTML, like Gecko) Chrome/128.0.0.0 Safari/537.36
4	0	0	1	0	0	29449328	0	0	29449328	0	0	Mozilla/5.0 (X11; U; Linux x86_64; pl-PL; rv:1.9) Gecko/2008060309 Firefox/3.0
4	0	0	1	0	0	29467362	0	0	29467362	0	0	Mozilla/5.0 (Windows NT 10.0; Win64; x64) AppleWebKit/537.36 (KHTML, like Gecko) Chrome/113.0.0.0 Safari/537.36 OPR/99.0.0.0
4	0	0	40	10	0	29458652	29449915	0	29441759	29441757	0	Mozilla/5.0 (Windows NT 10.0; Win64; x64) AppleWebKit/537.36 (KHTML, like Gecko) Chrome/81.0.4044.129 Safari/537.36
4	0	0	1	0	0	29449636	0	0	29449636	0	0	Mozilla/5.0 AppleWebKit/537.36 (KHTML, like Gecko; compatible; GPTBot/1.3; +https://openai.com/gptbot)
4	0	0	2	0	0	29466053	0	0	29443779	0	0	Mozilla/5.0 (Windows NT 10.0; Win64; x64) AppleWebKit/537.36 (KHTML, like Gecko) Chrome/124.0.0.0 Safari/537.36
4	5	2	2	3	29439179	29439179	29439179	29439176	29439178	29439179	40518	Mozilla/5.0 (Linux; Android 10; K) AppleWebKit/537.36 (KHTML, like Gecko) Chrome/138.0.0.0 Mobile Safari/537.36 (compatible; Google-Read-Aloud; +https://support.google.com/webmasters/answer/1061943)
4	1	1	0	3	29439884	0	29439884	29439884	0	29439884	9621	Mozilla/5.0 (X11; Linux x86_64) AppleWebKit/537.36 (KHTML, like Gecko) HeadlessChrome/125.0.6422.60 Safari/537.36
4	0	0	0	2	0	0	29441729	0	0	29441729	0	Mozilla/5.0 (iPhone; CPU iPhone OS 17_4_1 like Mac OS X) AppleWebKit/605.1.15 Mobile/15E148
4	0	0	18	0	0	29449991	0	0	29448954	0	0	SeobilityBot (SEO Tool; https://www.seobility.net/sites/bot.html)
4	0	0	1	0	0	29460697	0	0	29460697	0	0	Mozilla/5.0 (Windows NT 10.0; Win64; x64) AppleWebKit/537.36 (KHTML, like Gecko) Chrome/115.0.5790.171 Safari/537.36
4	0	0	1	0	0	29456509	0	0	29456509	0	0	Mozilla/5.0 (X11; Linux x86_64) AppleWebKit/537.36 (KHTML, like Gecko) Chrome/112.0.0.0 Safari/537.36 AppEngine-Google; (+http://code.google.com/appengine; appid: s~virustotalcloud)
4	0	0	5	0	0	29467536	0	0	29456717	0	0	Hello from Palo Alto Networks, find out more about our scans in https://docs-cortex.paloaltonetworks.com/r/1/Cortex-Xpanse/Scanning-activity
4	0	0	16	14	0	29470044	29454741	0	29450593	29439000	0	Mozilla/5.g (Linux; Android 13; Pixel 7) AppleWebKit/537.36 (KHTML, like Gecko) Chrome/116.0.0.0 Mobile Safari/537.36
4	0	0	2	0	0	29454438	0	0	29451108	0	0	Mozilla/5.0 (Macintosh; Intel Mac OS X 10_15_7) AppleWebKit/605.1.15 (KHTML, like Gecko) Version/18.5 Safari/605.1.15
4	0	0	1	0	0	29440557	0	0	29440557	0	0	Mozilla/5.0 (iPhone; CPU iPhone OS 17_2 like Mac OS X) AppleWebKit/605.1.15 (KHTML, like Gecko) EdgiOS/120.0.2210.105 Version/17.0 Mobile/15E148 Safari/604.1
4	0	0	1	0	0	29442797	0	0	29442797	0	0	Mozilla/5.0(Linux;Android5.1.1;SAMSUNGSM-G925TBuild/LMY47X)AppleWebKit/537.36(KHTML,likeGecko)SamsungBrowser/3.2Chrome/38.0.2125.102MobileSafari/537.36
4	0	0	3	0	0	29449149	0	0	29449142	0	0	Mozilla/5.0 (Linux; Android 10; K) AppleWebKit/537.36 (KHTML, like Gecko) Chrome/138.0.0.0 Mobile Safari/537.36
4	0	0	1	0	0	29458777	0	0	29458777	0	0	Mozilla/5.0 (Windows NT 10.0; Win64; x64) AppleWebKit/537.36 (KHTML, like Gecko) Chrome/131.0.0.0 Safari/537.36 Edg/131.0.0.0
4	0	0	39	12	0	29458652	29449916	0	29441759	29441757	0	Mozilla/5.0 (Windows NT 10.0; Win64; x64) AppleWebKit/537.36 (KHTML, like Gecko) Chrome/83.0.4103.61 Safari/537.36
4	0	0	34	5	0	29458652	29441759	0	29441759	29441757	0	Mozilla/5.0 (Windows NT 10.0; Win64; x64; rv:72.0) Gecko/20100101 Firefox/72.0
4	0	0	1	0	0	29467097	0	0	29467097	0	0	Mozilla/5.0 (Windows NT 10.0; WOW64) AppleWebKit/537.36 (KHTML, like Gecko) Chrome/48.0.2564.116 Safari/537.36
4	0	0	1	0	0	29459582	0	0	29459582	0	0	Mozilla/5.0 (Windows NT 10.0; Win64; x64) AppleWebKit/537.36 (KHTML, like Gecko) Chrome/123.0.0.0 Safari/537.36
4	1	0	0	0	29448342	0	0	29448342	0	0	1686	Mozilla/5.0 (Macintosh; Intel Mac OS X 14_2_1) AppleWebKit/537.36 (KHTML, like Gecko) Chrome/120.0.0.0 Safari/537.36
4	3	1	30	13	29439460	29458652	29458651	29439460	29440991	29441757	717154	Mozilla/5.0 (Windows NT 10.0; Win64; x64) AppleWebKit/537.36 (KHTML, like Gecko) Chrome/79.0.3945.79 Safari/537.36
4	0	0	21	9	0	29470044	29450592	0	29450592	29439000	0	Mozilla/5.0 (Linux; Android 13; SM-G991U) AppleWebKit/537.36 (KHTML, like Gecko) Chrome/117.0.0.0 Mobile Safari/537.36
4	0	0	1	0	0	29470453	0	0	29470453	0	0	Mozilla/5.0 (Macintosh; Intel Mac OS X 10_15_7) AppleWebKit/537.36 (KHTML, like Gecko) Chrome/136.0.0.0 Safari/537.36 Chrome-Lighthouse
4	0	0	1	0	0	29452736	0	0	29452736	0	0	python-requests/2.27.1
4	0	0	44	0	0	29463942	0	0	29462870	0	0	Mozilla/5.0 (Linux; Android 11; Redmi Note 9 Pro Build/RKQ1.200826.002; wv) AppleWebKit/537.36 (KHTML, like Gecko) Version/4.0 Chrome/101.0.4951.61 Mobile Safari/537.36
4	0	0	21	4	0	29470044	29443458	0	29450592	29439000	0	Mozilla/5.0 (iPhone; CPU iPhone OS 17_0_3 like Mac OS X) AppleWebKit/605.1.15 (KHTML, like Gecko) Version/17.0.1 Mobile/15E148 Safari/604.1
4	2	2	35	0	29440188	29470447	0	29438749	29441628	0	8177	Mozilla/5.0 (Macintosh; Intel Mac OS X 10.15; rv:133.0) Gecko/20100101 Firefox/133.0
4	1	1	1	0	29439473	29464676	0	29439473	29464676	0	9537	Mozilla/5.0 (Windows NT 10.0; Win64; x64) AppleWebKit/537.36 (KHTML, like Gecko) Chrome/122.0.0.0 Safari/537.36 Edg/122.0.0.0
4	0	0	1	0	0	29465072	0	0	29465072	0	0	Mozilla/5.0 (Android 14; Mobile; rv:123.0) Gecko/123.0 Firefox/123
4	3	3	41	16	29439196	29469568	29447549	29439196	29439196	29438856	111036	Mozilla/5.0 (Windows NT 10.0; Win64; x64) AppleWebKit/537.36 (KHTML, like Gecko) Chrome/130.0.0.0 Safari/537.36 CCleaner/130.0.0.0
4	0	0	3	0	0	29458522	0	0	29458293	0	0	Mozilla/5.0 (iPhone; CPU iPhone OS 18_3_2 like Mac OS X) AppleWebKit/605.1.15 (KHTML, like Gecko) Version/18.3.1 Mobile/15E148 Safari/604.1
4	0	0	20	8	0	29470043	29465124	0	29450592	29439000	0	Mozilla/5.0 (Linux; Android 11; CPH2251) AppleWebKit/537.36 (KHTML, like Gecko) Chrome/116.0.0.0 Mobile Safari/537.36
4	0	0	1	0	0	29456531	0	0	29456531	0	0	Opera/9.02 (X11; Linux i686; U; hu)
4	0	0	1	0	0	29443570	0	0	29443570	0	0	Mozilla/5.0 (X11; U; Linux i686; de; rv:1.9.0.9) Gecko/2009042113 Ubuntu/8.04 (hardy) Firefox/3.0.9
4	5	5	29	4	29439825	29455656	29438969	29438495	29440522	29438930	21253	Mozilla/5.0 (Windows NT 10.0; Win64; x64) AppleWebKit/537.36 (KHTML, like Gecko) Chrome/94.0.4606.61 Safari/537.36
4	0	0	10	0	0	29456240	0	0	29442871	0	0	Mozilla/5.0 (Windows NT 6.3; Win64; x64) AppleWebKit/537.36 (KHTML, like Gecko) Chrome/77.0.3865.120 Safari/537.36 (compatible; PagePeeker/3.0; +https://pagepeeker.com/robots/)
4	0	0	0	1	0	0	29439154	0	0	29439154	0	Mozilla/5.0 (compatible; Baiduspider/2.0; +http://www.baidu.com/search/spider.html)
4	0	0	15	0	0	29470331	0	0	29443916	0	0	meta-externalagent/1.1 (+https://developers.facebook.com/docs/sharing/webmasters/crawler)
4	1	0	0	0	29442749	0	0	29442749	0	0	971	Mozilla/5.0 (X11; Ubuntu; Linux x86_64) AppleWebKit/537.36 (KHTML, like Gecko) Chrome/122.0.6261.57 Safari/537.36
4	0	0	1	0	0	29442679	0	0	29442679	0	0	Mozilla/5.0 (Windows NT 10.0; Win64; x64) AppleWebKit/537.36 (KHTML, like Gecko) Chrome/122.0.0.0 Safari/537.36
4	0	0	2	0	0	29461281	0	0	29449012	0	0	curl/7.19.7 (x86_64-redhat-linux-gnu) libcurl/7.19.7 NSS/3.14.0.0 zlib/1.2.3 libidn/1.18 libssh2/1.4.2
4	0	0	25	10	0	29458652	29449916	0	29441759	29441757	0	Mozilla/5.0 (Windows NT 10.0; Win64; x64) AppleWebKit/537.36 (KHTML, like Gecko) Chrome/84.0.4147.105 Safari/537.36
4	0	0	27	6	0	29458652	29449916	0	29441759	29441757	0	Mozilla/5.0 (Windows NT 10.0; Win64; x64; rv:67.0) Gecko/20100101 Firefox/67.0
4	7	2	0	0	29439209	0	0	29439202	0	0	1434311	Mozilla/5.0 (Linux; Android 10; K) AppleWebKit/537.36 (KHTML, like Gecko) Chrome/131.0.0.0 Mobile Safari/537.36
4	1	0	0	0	29440803	0	0	29440803	0	0	971	Mozilla/5.0 (X11; Ubuntu; Linux x86_64) AppleWebKit/537.36 (KHTML, like Gecko) Chrome/121.0.0.0 Safari/537.36
4	0	0	1	0	0	29453618	0	0	29453618	0	0	Mozilla/5.0 (Linux; Android 10; SKW-A0 Build/SKYW2001202CN00MQ0; wv) AppleWebKit/537.36 (KHTML, like Gecko) Version/4.0 Chrome/76.0.3809.89 Mobile Safari/537.36 T7/11.20 SP-engine/2.16.0 baiduboxapp/11.20.0.14 (Baidu; P1 10)
4	1	0	1	0	29439307	29456509	0	29439307	29456509	0	163820	Mozilla/5.0 (Windows NT 10.0; Win64; x64) AppleWebKit/537.36 (KHTML, like Gecko) Chrome/138.0.0.0 Safari/537.36
4	0	0	1	0	0	29440675	0	0	29440675	0	0	Mozilla/5.0 (Windows NT 6.1; WOW64) AppleWebKit/537.36 (KHTML, like Gecko) Chrome/27.0.1453.93 Safari/537.36
4	9	0	0	0	29438471	0	0	29438471	0	0	576	Cpanel-HTTP-Client/1.0
4	0	0	37	9	0	29458652	29458650	0	29441759	29441757	0	Mozilla/5.0 (Windows NT 10.0; WOW64) AppleWebKit/537.36 (KHTML, like Gecko) Chrome/72.0.3626.121 Safari/537.36
4	0	0	2	0	0	29465885	0	0	29465885	0	0	Mozilla/5.0 (compatible; AhrefsBot/7.0; +http://ahrefs.com/robot/)
4	0	0	1	0	0	29456509	0	0	29456509	0	0	GoogleOther
4	1	1	14	0	29439195	29458017	0	29439195	29440650	0	9532	Mozilla/5.0 (Macintosh; Intel Mac OS X 10_11) AppleWebKit/601.1.27 (KHTML, like Gecko) Chrome/47.0.2526.106 Safari/601.1.27
4	0	0	5	0	0	29453437	0	0	29443978	0	0	Mozilla/5.0 (Windows NT 10.0; Win64; x64) AppleWebKit/537.36 (KHTML, like Gecko) Chrome/86.0.4240.75 Safari/537.36
4	0	0	1	0	0	29443272	0	0	29443272	0	0	Mozilla/5.0 (X11; Linux i686) AppleWebKit/537.36 (KHTML, like Gecko) Chrome/114.0.0.0 Safari/537.36 Vivaldi/5.3.2679.68
4	48	40	299	10	29440323	29471250	29440205	29438549	29439191	29438582	304250	Mozilla/5.0 (iPhone; CPU iPhone OS 13_2_3 like Mac OS X) AppleWebKit/605.1.15 (KHTML, like Gecko) Version/13.0.3 Mobile/15E148 Safari/604.1
4	2	2	8	2	29438683	29467956	29438683	29438647	29467345	29438647	1401	Mozilla/5.0 (Macintosh; Intel Mac OS X 10_15_7) AppleWebKit/605.1.15 (KHTML, like Gecko) Version/17.4 Safari/605.1.15 (Applebot/0.1; +http://www.apple.com/go/applebot)
4	0	0	1	0	0	29457023	0	0	29457023	0	0	Mozilla/5.0 (X11; Linux x86_64) AppleWebKit/537.36 (KHTML, like Gecko) Chrome/85.0.4183.83 Safari/537.36
4	0	0	0	2	0	0	29446940	0	0	29438888	0	Mozilla/5.0 (Macintosh; Intel Mac OS X 10_15_7) AppleWebKit/537.36 (KHTML, like Gecko) Chrome/125.0.0.0 Safari/537.36
4	0	0	1	0	0	29466885	0	0	29466885	0	0	Mozilla/5.0 (Windows NT 6.3; Win64; x64) AppleWebKit/537.36 (KHTML, like Gecko) Chrome/103.0.5060.53 Safari/537.36
4	1	1	3	5	29439653	29468813	29468813	29439653	29466121	29439654	7795	Mozilla/5.0 (Windows NT 10.0; Win64; x64; rv:121.0) Gecko/20100101 Firefox/121.0
4	0	0	27	7	0	29470044	29443458	0	29450592	29439000	0	Mozilla/5.0 (Linux; Android 12; V2134) AppleWebKit/537.36 (KHTML, like Gecko) Chrome/116.0.0.0 Mobile Safari/537.36
4	0	0	0	1	0	0	29439654	0	0	29439654	0	Mozilla/5.0 (Windows NT 10.0; Win64; x64) AppleWebKit/537.36 (KHTML, like Gecko) Chrome/121.0.0.0 Safari/537.36
4	0	0	3	0	0	29446002	0	0	29446002	0	0	Mozilla/5.0 (Linux; Android 9; Mi A2 Lite) AppleWebKit/537.36 (KHTML, like Gecko) Chrome/80.0.3987.132
4	0	0	1	0	0	29458522	0	0	29458522	0	0	Mozilla/5.0 (Macintosh; Intel Mac OS X 10_15_7) AppleWebKit/605.1.15 (KHTML, like Gecko) Version/18.3.1 Safari/605.1.15
4	0	0	1	0	0	29451124	0	0	29451124	0	0	Mozilla/5.0 (Windows NT 10.0; Win64; x64; rv:123.0) Gecko/20100101 Firefox/123.0 Config/92.2.7601.2
4	1	0	0	0	29439158	0	0	29439158	0	0	971	Mozilla/5.0 (Windows NT 11.0; Win64; x64) AppleWebKit/537.36 (KHTML, like Gecko) Chrome/121.0.6167.85 Safari/537.36
4	1	0	0	0	29446827	0	0	29446827	0	0	971	Mozilla/5.0 (Macintosh; Intel Mac OS X 10_15_7) AppleWebKit/605.1.15 (KHTML, like Gecko) Version/17.2 Safari/605.1.15
4	0	0	0	4	0	0	29440479	0	0	29440476	0	Mozilla/5.0 (Windows NT 10.0; Win64; x64; rv:109.0) Gecko/20100101 Firefox/121.0
4	0	0	2	0	0	29448959	0	0	29448959	0	0	RankMath/SaaS Mozilla/5.0 (X11; Linux x86_64) AppleWebKit/537.36 (KHTML, like Gecko) Chrome/106.0.0.0 Safari/537.36
4	0	0	39	14	0	29458652	29458651	0	29441759	29441757	0	Mozilla/5.0 (Windows NT 10.0; Win64; x64; rv:77.0) Gecko/20100101 Firefox/77.0
4	0	0	70	0	0	29466624	0	0	29442763	0	0	Mozilla/5.0 (compatible; DotBot/1.2; +https://opensiteexplorer.org/dotbot; help@moz.com)
4	0	0	1	0	0	29440946	0	0	29440946	0	0	recon (github.com/jimmysawczuk/recon; similar to Facebot, facebookexternalhit/1.1)
4	1	0	0	0	29443731	0	0	29443731	0	0	971	Mozilla/5.0 (X11; Ubuntu; Linux x86_64) AppleWebKit/537.36 (KHTML, like Gecko) Chrome/119.0.0.0 Safari/537.36
4	0	0	20	6	0	29470044	29443458	0	29450592	29439000	0	Mozilla/5.0 (iPhone; CPU iPhone OS 17_1 like Mac OS X) AppleWebKit/605.1.15 (KHTML, like Gecko) CriOS/119.0.6045.109 Mobile/15E148 Safari/604.1
4	0	0	5	0	0	29461784	0	0	29460918	0	0	DuckDuckBot/1.1; (+http://duckduckgo.com/duckduckbot.html)
4	0	0	33	8	0	29458652	29441759	0	29449916	29441757	0	Mozilla/5.0 (X11; Ubuntu; Linux x86_64; rv:79.0) Gecko/20100101 Firefox/79.0
4	3	3	31	0	29439537	29462283	0	29439166	29441032	0	23432	Mozilla/5.0 (Linux; Android 6.0.1; Nexus 5X Build/MMB29P) AppleWebKit/537.36 (KHTML, like Gecko) Chrome/141.0.7390.122 Mobile Safari/537.36 (compatible; Googlebot/2.1; +http://www.google.com/bot.html)
4	0	0	2	0	0	29469101	0	0	29469026	0	0	Mozilla/5.0 (Linux; Android 6.0.1; Nexus 5X Build/MMB29P) AppleWebKit/537.36 (KHTML, like Gecko) Chrome/143.0.7499.192 Mobile Safari/537.36 (compatible; Googlebot/2.1; +http://www.google.com/bot.html)
4	0	0	27	10	0	29458652	29458651	0	29441759	29441757	0	Mozilla/5.0 (X11; Ubuntu; Linux i686; rv:79.0) Gecko/20100101 Firefox/79.0
4	0	0	7	7	0	29448466	29448466	0	29448466	29448466	0	Mozilla/5.0 (Windows NT 10.0; Win64; x64) AppleWebKit/537.36 (KHTML, like Gecko) Chrome/90.0.4430.85 Safari/537.36
4	0	0	42	3	0	29464057	29458651	0	29440950	29441758	0	Mozilla/5.0 (Windows NT 10.0; Win64; x64) AppleWebKit/537.36 (KHTML, like Gecko) Chrome/80.0.3987.149 Safari/537.36
4	0	0	1	0	0	29442081	0	0	29442081	0	0	Opera/9.23 (Macintosh; Intel Mac OS X; U; ja)
4	0	0	1	0	0	29468255	0	0	29468255	0	0	Mozilla/5.0 (Linux; Android 10; K) AppleWebKit/537.36 (KHTML, like Gecko) Chrome/134.0.0.0 Mobile Safari/537.36
4	1	1	0	0	29438619	0	0	29438619	0	0	699	Mozilla/5.0 (Windows NT 6.1; WOW64) AppleWebKit/537.31 (KHTML, like Gecko) Chrome/26.0.1410.43 BIDUBrowser/6.x Safari/537.31
4	0	0	1	0	0	29470565	0	0	29470565	0	0	Mozilla/5.0 (Windows NT 10.0; Win64; x64) AppleWebKit/537.36 (KHTML, like Gecko) Chrome/114.0.0.0 Safari/537.36 Vivaldi/5.3.2679.68
4	0	0	3	0	0	29470270	0	0	29470270	0	0	Mozilla/5.0 (Windows NT 10.0; Win64; x64) AppleWebKit/537.36
4	0	0	3	8	0	29464932	29444833	0	29447118	29439654	0	Mozilla/5.0 (Windows NT 10.0; Win64; x64) AppleWebKit/537.36 (KHTML, like Gecko) Chrome/120.0.0.0 Safari/537.36
4	2	2	0	5	29439654	0	29440479	29439653	0	29439654	15592	Mozilla/5.0 (Windows NT 10.0; Win64; x64) AppleWebKit/537.36 (KHTML, like Gecko) Chrome/119.0.0.0 Safari/537.36
4	0	0	1	0	0	29464398	0	0	29464398	0	0	Mozilla/5.0 (Windows NT 10.0; Win64; x64) AppleWebKit/537.36 (KHTML, like Gecko) Chrome/89.0.4389.114 Safari/537.36
4	0	0	4	0	0	29458402	0	0	29458402	0	0	Mozilla/5.0 (Macintosh; Intel Mac OS X 10_15_7) AppleWebKit/537.36 (KHTML, like Gecko) Chrome/106.0.0.0 Safari/537.36
4	0	0	42	6	0	29458652	29441759	0	29441759	29441757	0	Mozilla/5.0 (Windows NT 10.0; Win64; x64) AppleWebKit/537.36 (KHTML, like Gecko) Chrome/75.0.3770.100 Safari/537.36
4	0	0	14	6	0	29470044	29443458	0	29450593	29439000	0	Mozilla/5.0 (iPhone; CPU iPhone OS 16_6_1 like Mac OS X) AppleWebKit/605.1.15 (KHTML, like Gecko) Version/16.6 Mobile/15E148 Safari/604.1
4	0	0	15	4	0	29465124	29443458	0	29443458	29439000	0	Mozilla/5.0 (Linux; Android 11; 21081111RG) AppleWebKit/537.36 (KHTML, like Gecko) Chrome/116.0.0.0 Mobile Safari/537.36
4	0	0	41	13	0	29458652	29441759	0	29441759	29441757	0	Mozilla/5.0 (Windows NT 10.0; Win64; x64; rv:73.0) Gecko/20100101 Firefox/73.0
4	0	0	6	0	0	29461539	0	0	29450026	0	0	Mozilla/5.0 (Windows NT 10.0; Win64; x64) AppleWebKit/537.36 (KHTML, like Gecko) Chrome/136.0.0.0 Safari/537.36
4	0	0	2	0	0	29464818	0	0	29464818	0	0	Mozilla/5.0 (Linux; Android 13; SM-A037U) AppleWebKit/537.36 (KHTML, like Gecko) Chrome/140.0.0.0 Mobile Safari/537.36
4	0	0	3	0	0	29464179	0	0	29456509	0	0	Mozilla/5.0 (Windows NT 10.0; Win64; x64) AppleWebKit/537.36 (KHTML, like Gecko) Chrome/114.0.0.0 Safari/537.36 Edg/114.0.1823.51
4	1	1	4	0	29439460	29448992	0	29439460	29440990	0	7820	Mozilla/5.0 (Windows NT 6.1; Win64; x64) AppleWebKit/537.36 (KHTML, like Gecko) Chrome/83.0.4103.61 Safari/537.36
4	0	0	5	0	0	29464686	0	0	29464686	0	0	Jigsaw/2.3.0 W3C_CSS_Validator_JFouffa/2.0 (See <https://validator.w3.org/services>)
4	0	0	16	0	0	29464877	0	0	29443770	0	0	Mozilla/5.0 (Windows NT 10.0; Win64; x64) AppleWebKit/537.36 (KHTML, like Gecko) Chrome/88.0.4240.193 Safari/537.36
4	0	0	2	0	0	29442842	0	0	29442842	0	0	Mozilla/5.0 (compatible; Dataprovider.com)
4	0	0	3	0	0	29467057	0	0	29441999	0	0	Mozilla/5.0 (Windows NT 10.0; Win64; x64) Chrome/120.0 Safari/537.36
4	1	1	0	0	29440163	0	0	29440163	0	0	9299	Mozilla/5.0 (Linux; Android 9.0; MI 8 SE) AppleWebKit/537.36 (KHTML, like Gecko) Chrome/80.0.3987.119 Mobile Safari/537.36
4	0	0	38	11	0	29458652	29458651	0	29441759	29441757	0	Mozilla/5.0 (Windows NT 10.0; Win64; x64) AppleWebKit/537.36 (KHTML, like Gecko) Chrome/79.0.3945.88 Safari/537.36
4	0	0	1	0	0	29451574	0	0	29451574	0	0	Mozilla/5.0 (Windows NT 10.0; Win64; x64; rv:123.0) Gecko/20100101 Firefox/123
4	0	0	1	0	0	29452285	0	0	29452285	0	0	Mozilla/5.0 (Linux; Android 14; SM-S901B) AppleWebKit/537.36 (KHTML, like Gecko) Chrome/120.0.6099.280 Mobile Safari/537.36 OPR/80.4.4244.7786
4	0	0	1	1	0	29441729	29441729	0	29441729	29441729	0	Mozilla/5.0 (Android 13; Mobile; rv:117.0) Gecko/117.0 Firefox/117.0
4	0	0	39	3	0	29458652	29441757	0	29441759	29441757	0	Mozilla/5.0 (Windows NT 10.0; Win64; x64) AppleWebKit/537.36 (KHTML, like Gecko) Chrome/77.0.3865.90 Safari/537.36
4	0	0	1	0	0	29440849	0	0	29440849	0	0	curl/7.81.0
4	0	0	15	5	0	29470044	29470043	0	29450592	29439000	0	Mozilla/5.0 (iPad; CPU OS 17_0_3 like Mac OS X) AppleWebKit/605.1.15 (KHTML, like Gecko) Version/17.0.1 Mobile/15E148 Safari/604.1
4	0	0	29	6	0	29458652	29441759	0	29441759	29441757	0	Mozilla/5.0 (Linux x86_64; rv:79.0) Gecko/20100101 Firefox/79.0
4	0	0	27	8	0	29458652	29458651	0	29441759	29441758	0	Mozilla/5.0 (Windows NT 10.0; Win64; x64) AppleWebKit/537.36 (KHTML, like Gecko) Chrome/74.0.3729.169 Safari/537.36
4	0	0	3	2	0	29468813	29468813	0	29464699	29466121	0	Mozilla/5.0 (Windows NT 10.0; Win64; x64) AppleWebKit/537.36 (KHTML, like Gecko) Chrome/119.0.0.0 Safari/537.36 Edg/119.0.0.0
4	0	0	1	0	0	29449934	0	0	29449934	0	0	Mozilla/5.0 (Macintosh; Intel Mac OS X 10_10_5) AppleWebKit/537.36 (KHTML, like Gecko) Chrome/43.0.2357.132 Safari/537.36
4	2	1	27	0	29439195	29458776	0	29439192	29440653	0	9536	Dalvik/2.1.0 (Linux; U; Android 9.0; ZTE BA520 Build/MRA58K)
4	0	0	1	0	0	29450029	0	0	29450029	0	0	Mozilla/5.0 (compatible; Siteliner/1.0; +http://www.siteliner.com/bot)
4	1	0	0	0	29441729	0	0	29441729	0	0	3077	Mozilla/5.0 (Macintosh; Intel Mac OS X 13_5_1) AppleWebKit/605.1.15 Safari/605.1.15
4	0	0	3	0	0	29458522	0	0	29458217	0	0	Mozilla/5.0 (Windows NT 10.0; Win64; x64) AppleWebKit/537.36 (KHTML, like Gecko) Chrome/135.0.0.0 Safari/537.36
4	0	0	1	0	0	29457057	0	0	29457057	0	0	Mozilla/5.0 (Macintosh; Intel Mac OS X 12_5) AppleWebKit/537.36 (KHTML, like Gecko) Chrome/114.0.0.0 Safari/537.36
4	0	0	1	0	0	29453256	0	0	29453256	0	0	Mozilla/5.0(WindowsNT6.1;WOW64)AppleWebKit/537.36(KHTML,likeGecko)Chrome/29.0.1547.22Safari/537.36
4	0	0	3	0	0	29464824	0	0	29444521	0	0	Mozilla/5.0 (X11; Linux x86_64) AppleWebKit/537.36 (KHTML, like Gecko) Chrome/51.0.2704.103 Safari/537.36
4	0	0	0	2	0	0	29440478	0	0	29440476	0	Mozilla/5.0 (Windows NT 10.0; Win64; x64; rv:109.0) Gecko/20100101 Firefox/120.0
4	0	0	15	8	0	29470044	29443457	0	29450592	29439000	0	Mozilla/5.0 (iPad; CPU OS 16_7_2 like Mac OS X) AppleWebKit/605.1.15 (KHTML, like Gecko) Version/16.6 Mobile/15E148 Safari/604.1
4	0	0	1	0	0	29441035	0	0	29441035	0	0	Mozilla/5.0 (Linux; U; Android 7.1.2; zh-CN; vivo X9L Build/N2G47H) AppleWebKit/537.36 (KHTML, like Gecko) Version/4.0 Chrome/57.0.2987.108 UCBrowser/11.9.4.974 UWS/2.14.0.3 Mobile Safari/537.36 AliApp(TB/7.8.2) UCBS/2.11.1.1 TTID/600000@taobao_android_7.8.2 WindVane/8.3.0 1080X1920
4	0	0	1	0	0	29458153	0	0	29458153	0	0	Mozilla/5.0 (compatible; NetcraftSurveyAgent/1.0; +info@netcraft.com)
4	0	0	4	1	0	29470541	29447320	0	29460468	29447320	0	Mozilla/5.0 (compatible; crawler)
4	0	0	1	0	0	29453600	0	0	29453600	0	0	Mozilla/5.0 (Windows NT 7_2; Win64; x64) AppleWebKit/548.37 (KHTML, like Gecko) Chrome/99.0.245 Safari/537.36
4	0	0	9	0	0	29468540	0	0	29468412	0	0	Mozilla/5.0 (compatible; SERankingBacklinksBot/1.0; +https://seranking.com/backlinks-crawler)
4	0	0	34	0	0	29471364	0	0	29448345	0	0	Mozilla/5.0 (compatible; MJ12bot/v2.0.4; http://mj12bot.com/)
4	1	1	0	0	29439426	0	0	29439426	0	0	9533	Mozilla/5.0 (Linux; Android 5.1.1; SAMSUNG SM-A9000 Build/LMY47V) AppleWebKit/537.36 (KHTML, like Gecko) SamsungBrowser/4.0 Chrome/44.0.2403.133 Mobile Safari/537.36
4	0	0	1	0	0	29456711	0	0	29456711	0	0	Mozilla/5.0 (Windows NT 10.0; Win64; x64) Gecko/20100101 Firefox/121.0
4	0	0	24	10	0	29458652	29458651	0	29449915	29441757	0	Mozilla/5.0 (Windows NT 6.1; Win64; x64) AppleWebKit/537.36 (KHTML, like Gecko) Chrome/80.0.3987.149 Safari/537.36
4	4	1	4	0	29439829	29467904	0	29439828	29444160	0	27094	Mozilla/5.0 (compatible; ips-agent)
4	0	0	32	13	0	29458652	29458650	0	29441759	29441757	0	Mozilla/5.0 (Windows NT 10.0; Win64; x64) AppleWebKit/537.36 (KHTML, like Gecko) Chrome/83.0.4103.97 Safari/537.36
4	0	0	2	0	0	29465349	0	0	29464393	0	0	Mozilla/5.0 (Linux; Android 6.0.1; Nexus 5X Build/MMB29P) AppleWebKit/537.36 (KHTML, like Gecko) Chrome/143.0.7499.169 Mobile Safari/537.36 (compatible; Googlebot/2.1; +http://www.google.com/bot.html)
4	0	0	35	8	0	29458652	29458650	0	29441759	29441757	0	Mozilla/5.0 (Windows NT 10.0) AppleWebKit/537.36 (KHTML, like Gecko) Chrome/72.0.3626.121 Safari/537.36
4	0	0	1	0	0	29447159	0	0	29447159	0	0	Mozilla/5.0 (X11; Linux x86_64) AppleWebKit/537.36 (KHTML, like Gecko) Chrome/114.0.0.0 Safari/537.36 OPR/89.0.4447.51
4	0	0	19	5	0	29470044	29443458	0	29450593	29439000	0	Mozilla/5.0 (Linux; Android 13; M2101K6G) AppleWebKit/537.36 (KHTML, like Gecko) Chrome/116.0.0.0 Mobile Safari/537.36
4	1	1	0	0	29440327	0	0	29440327	0	0	9442	LinkedInBot/1.0 (compatible; Mozilla/5.0; Apache-HttpClient +http://www.linkedin.com)
4	0	0	1	0	0	29455122	0	0	29455122	0	0	Mozilla/5.0 (Windows; U; Windows NT 5.1; es-AR; rv:1.9b2) Gecko/2007121120 Firefox/3.0b2
4	0	0	1	0	0	29440644	0	0	29440644	0	0	Mozilla/5.0 (X11; U; Linux i686 (x86_64); en-US; rv:1.8.1.9) Gecko/20071025 Firefox/2.0.0.9
4	0	0	28	12	0	29458652	29441759	0	29441759	29441757	0	Mozilla/5.0 (Macintosh; Intel Mac OS X 10_15_6) AppleWebKit/537.36 (KHTML, like Gecko) Chrome/84.0.4147.105 Safari/537.36
4	0	0	3	0	0	29467621	0	0	29452914	0	0	python-requests/2.32.5
4	0	0	33	9	0	29458652	29458650	0	29441759	29441757	0	Mozilla/5.0 (Windows NT 10.0; Win64; x64) AppleWebKit/537.36 (KHTML, like Gecko) Chrome/58.0.3029.110 Safari/537.3
4	0	0	2	0	0	29461282	0	0	29449013	0	0	Mozilla/5.0 (Unknown; Linux x86_64) AppleWebKit/538.1 (KHTML, like Gecko) PhantomJS/2.1.1 Safari/538.1
4	0	0	1	0	0	29448928	0	0	29448928	0	0	Ruby
4	0	0	1	0	0	29457096	0	0	29457096	0	0	Mozilla/5.0 (Windows NT 10.0; Win64; x64) AppleWebKit/537.36 (KHTML, like Gecko) Chrome/116.0.0.0 Safari/537.36
4	0	0	26	7	0	29458652	29441759	0	29441759	29441758	0	Mozilla/5.0 (Windows NT 10.0; Win64; x64) AppleWebKit/537.36 (KHTML, like Gecko) Chrome/70.0.3538.77 Safari/537.36
4	0	0	1	0	0	29453254	0	0	29453254	0	0	Mozilla/5.0 (X11; Linux x86_64) Gecko/20100101 Firefox/121.0
4	0	0	1	0	0	29447005	0	0	29447005	0	0	Mozilla/5.0 (Linux; Android 7.1.1; Mi Note 3 Build/NMF26X; wv) AppleWebKit/537.36 (KHTML, like Gecko) Version/4.0 Chrome/57.0.2987.132 MQQBrowser/6.2 TBS/044113 Mobile Safari/537.36 MicroMessenger/6.6.7.1321(0x26060739) NetType/4G Language/zh_CN
4	0	0	1	0	0	29464005	0	0	29464005	0	0	Mozilla/5.0 (Windows NT 6.3; Win64; x64) AppleWebKit/537.36 (KHTML, like Gecko) Chrome/75.0.3770.100 Safari/537.36
4	0	0	0	1	0	0	29438980	0	0	29438980	0	Mozilla/5.0 (Windows NT 10.0; Win64; x64) AppleWebKit/537.36 (KHTML, like Gecko) Chrome/58.0.3029.110 Safari/537.36
4	0	0	3	7	0	29466121	29464932	0	29456913	29438885	0	Mozilla/5.0 (Macintosh; Intel Mac OS X 10_15_7) AppleWebKit/605.1.15 (KHTML, like Gecko) Version/17.1 Safari/605.1.15
4	0	0	14	0	0	29471398	0	0	29442870	0	0	Mozilla/5.0 (Windows NT 10.0; Win64; x64) AppleWebKit/537.36 (KHTML, like Gecko) Chrome/101.0.4951.41 Safari/537.36
4	0	0	1	0	0	29446651	0	0	29446651	0	0	Mozilla/5.0 (iPhone; CPU iPhone OS 17_3_1 like Mac OS X) AppleWebKit/605.1.15 (KHTML, like Gecko) Version/17.3.1 Mobile/15E148 Safari/604
4	4	2	64	16	29439537	29471205	29448883	29438988	29441032	29438988	15663	Mozilla/5.0 (compatible; Googlebot/2.1; +http://www.google.com/bot.html)
4	1	0	0	0	29440341	0	0	29440341	0	0	971	Mozilla/5.0 (Macintosh; Intel Mac OS X 11_7_2) AppleWebKit/605.1.15 (KHTML, like Gecko) Version/17.0 Safari/605.1.15
4	1	0	2	0	29440515	29440515	0	29440515	29440515	0	8545	Mozilla/5.0 (Windows NT 10.0; WOW64; x64) AppleWebKit/537.36 (KHTML, like Gecko) Chrome/114.0.0.0 Safari/537.36 OPR/89.0.4447.51
4	0	0	1	0	0	29454340	0	0	29454340	0	0	Mozilla/5.0(compatible;MSIE9.0;WindowsNT6.1;Win64;x64;Trident/5.0;.NETCLR2.0.50727;SLCC2;.NETCLR3.5.30729;.NETCLR3.0.30729;MediaCenterPC6.0;TabletPC2.0;InfoPath.3;.NET4.0C;.NET4.0E)
4	0	0	1	0	0	29465879	0	0	29465879	0	0	Mozilla/5.0 (Windows NT 11.0; Win64; x64; rv:121.0) Gecko/20100101 Firefox/121.0
4	0	0	4	0	0	29455818	0	0	29451448	0	0	Python/3.11 aiohttp/3.11.11
4	0	0	1	0	0	29468256	0	0	29468256	0	0	Mozilla/5.0 (iPhone; CPU iPhone OS 17_0_3 like Mac OS X) AppleWebKit/605.1.15 (KHTML, like Gecko) Version/17.0 YaBrowser/25.10.3.709.10 SA/3 Mobile/15E148 Safari/604.1
4	0	0	1	0	0	29449636	0	0	29449636	0	0	Mozilla/5.0 (Macintosh; Intel Mac OS X 10_15_7) AppleWebKit/537.36 (KHTML, like Gecko) Chrome/131.0.0.0 Safari/537.36; compatible; OAI-SearchBot/1.3; robots.txt; +https://openai.com/searchbot
4	0	0	38	9	0	29458652	29458652	0	29441759	29441757	0	Mozilla/5.0 (Windows NT 10.0; Win64; x64) AppleWebKit/537.36 (KHTML, like Gecko) Chrome/79.0.3945.130 Safari/537.36
4	0	0	1	0	0	29465841	0	0	29465841	0	0	Mozilla/5.0 (Macintosh; Intel Mac OS X 13_6_1) AppleWebKit/537.36 (KHTML, like Gecko) Chrome/121.0.0.0 Safari/537.36
4	0	0	1	0	0	29470453	0	0	29470453	0	0	Mozilla/5.0 (Linux; Android 11; moto g power (2022)) AppleWebKit/537.36 (KHTML, like Gecko) Chrome/136.0.0.0 Mobile Safari/537.36 Chrome-Lighthouse
4	0	0	33	5	0	29458652	29441759	0	29441759	29441757	0	Mozilla/5.0 (Windows NT 6.1; Win64; x64) AppleWebKit/537.36 (KHTML, like Gecko) Chrome/74.0.3729.169 Safari/537.36
4	0	0	1	0	0	29451116	0	0	29451116	0	0	Mozilla/5.0 (Windows NT 10.0; Win64; x64) AppleWebKit/537.36 (KHTML, like Gecko) Chrome/121.0.0.0 Safari/537.36 Edg/121.0.0.0 Trailer/93.3.3695.30
4	0	0	1	0	0	29464598	0	0	29464598	0	0	Mozilla/5.0 (Macintosh; Intel Mac OS X 10_13_6) AppleWebKit/537.36 (KHTML, like Gecko) Chrome/68.0.3440.106 Safari/537.36
4	0	0	36	6	0	29458652	29458651	0	29441759	29441757	0	Mozilla/5.0 (Macintosh; Intel Mac OS X 10_15_6) AppleWebKit/537.36 (KHTML, like Gecko) Chrome/84.0.4147.105 Safari/537.36 OPR/70.0.3728.95
4	0	0	0	1	0	0	29438735	0	0	29438735	0	Mozilla/5.0 (Macintosh; Intel Mac OS X 13_6_1) AppleWebKit/605.1.15 (KHTML, like Gecko) Version/17.1 Safari/605.1.15
4	0	0	1	0	0	29452244	0	0	29452244	0	0	Mozilla/5.0 (Windows; U; Windows NT 5.1; en-US) AppleWebKit/532.0 (KHTML, like Gecko) Chrome/4.0.211.7 Safari/532.0
4	3	1	29	0	29439611	29470805	0	29439611	29441063	0	717152	Mozilla/5.0 (X11; Linux x86_64) AppleWebKit/537.36 (KHTML, like Gecko) Chrome/125.0.0.0 Safari/537.36
4	3	2	1	2	29439122	29439122	29439122	29439122	29439122	29439122	103282	Mozilla/5.0 (Windows NT 10.0; Win64; x64) AppleWebKit/537.36 (KHTML, like Gecko) Chrome/67.0.3396.87 Safari/537.36 OPR/54.0.2952.71
4	0	0	4	5	0	29469542	29466273	0	29448407	29440476	0	Mozilla/5.0 (Macintosh; Intel Mac OS X 10_15_7) AppleWebKit/537.36 (KHTML, like Gecko) Chrome/120.0.0.0 Safari/537.36
4	0	0	1	0	0	29450279	0	0	29450279	0	0	Mozilla/5.0 (Windows NT 10.0; Win64; x64) AppleWebKit/537.36 (KHTML, like Gecko) Chrome/140.0.7339.186 Safari/537.36
4	1	1	6	0	29439108	29471010	0	29439108	29443506	0	9936	Mozilla/5.0 (compatible; Pinterestbot/1.0; +http://www.pinterest.com/bot.html)
4	0	0	1	0	0	29453699	0	0	29453699	0	0	Mozilla/5.0 (Windows NT 6.1; WOW64) AppleWebKit/534.24 (KHTML, like Gecko) Chrome/11.0.696.12 Safari/534.24
4	1	1	0	0	29439131	0	0	29439131	0	0	9286	Mozilla/5.0 (iPhone; CPU iPhone OS 10_0_1 like Mac OS X) AppleWebKit/602.1.50 (KHTML, like Gecko) Mobile/14A403
4	0	0	20	5	0	29470044	29443457	0	29450592	29439000	0	Mozilla/5.0 (Linux; Android 12; 2201116SG) AppleWebKit/537.36 (KHTML, like Gecko) Chrome/116.0.0.0 Mobile Safari/537.36
4	0	0	3	0	0	29469679	0	0	29469679	0	0	Mozilla/5.0 (Macintosh; Intel Mac OS X 10_7_0) AppleWebKit/535.11 (KHTML, like Gecko) Chrome/17.0.963.56 Safari/535.11
4	0	0	40	7	0	29458652	29458651	0	29441759	29441757	0	Mozilla/5.0 (Windows NT 10.0; Win64; x64; rv:74.0) Gecko/20100101 Firefox/74.0
4	0	0	1	0	0	29457656	0	0	29457656	0	0	Mozilla/5.0 (Windows NT 10.0; Win64; x64) AppleWebKit/537.36 (KHTML, like Gecko) Chrome/79.0 Safari/537.36
4	0	0	6	1	0	29466412	29447598	0	29451560	29447598	0	Mozilla/5.0 (Macintosh; Intel Mac OS X 10.15; rv:77.0) Gecko/20100101 Firefox/77.0
4	0	0	1	0	0	29445041	0	0	29445041	0	0	Mozilla/5.0 (X11; U; Linux x86_64; hu; rv:1.8.1.14) Gecko/20080416 Fedora/2.0.0.14-1.fc7 Firefox/2.0.0.14
4	0	0	1	0	0	29469095	0	0	29469095	0	0	Mozilla/5.0 (Macintosh; Intel Mac OS X 10_15_7) AppleWebKit/605.1.15 (KHTML, like Gecko) Version/17.3.1 Safari/605.1.1
4	0	0	0	1	0	0	29439654	0	0	29439654	0	Mozilla/5.0 (Windows NT 10.0; Win64; x64; rv:122.0) Gecko/20100101 Firefox/122.0
4	0	0	16	0	0	29469834	0	0	29440944	0	0	Mozilla/5.0 (X11; Linux x86_64) AppleWebKit/537.36 (KHTML, like Gecko) Chrome/142.0.0.0 Safari/537.36
4	3	0	16	0	29440691	29469953	0	29439697	29441251	0	2913	Mozilla/5.0
4	0	0	1	0	0	29448959	0	0	29448959	0	0	Mozilla/5.0 (Linux; Android 11; Pixel 4a) AppleWebKit/537.36 (KHTML, like Gecko) Chrome/103.0.5060.134 Mobile Safari/537.36 GTmetrix
4	0	0	23	9	0	29470044	29443458	0	29450593	29439000	0	Mozilla/5.0 (iPhone; CPU iPhone OS 17_1_1 like Mac OS X) AppleWebKit/605.1.15 (KHTML, like Gecko) Version/17.1 Mobile/15E148 Safari/604.1
4	0	0	12	0	0	29467345	0	0	29467345	0	0	Twitterbot/1.0
4	0	0	38	11	0	29458652	29441759	0	29449916	29441757	0	Mozilla/5.0 (Windows NT 10.0; Win64; x64) AppleWebKit/537.36 (KHTML, like Gecko) Chrome/84.0.4147.105 Safari/537.36 OPR/70.0.3728.95
4	0	0	0	1	0	0	29450829	0	0	29450829	0	Mozilla/5.0 (X11; Linux x86_64) AppleWebKit/537.36 (KHTML, like Gecko) Chrome/81.0.4044.129 Safari/537.36
4	0	0	1	1	0	29441999	29441999	0	29441999	29441999	0	Mozilla/5.0 (X11; Linux x86_64) Firefox/117.0
4	0	0	2	0	0	29469729	0	0	29468271	0	0	Mozilla/5.0 (Macintosh; Intel Mac OS X 10_10_1) AppleWebKit/600.2.5 (KHTML, like Gecko) Version/8.0.2 Safari/600.2.5 (TestUserAgent)
4	0	0	1	0	0	29469160	0	0	29469160	0	0	Mozilla/5.0 (Windows NT 10.0; Win64; x64; rv:128.0) Gecko/20100101 Firefox/128.0
4	0	0	1	0	0	29450020	0	0	29450020	0	0	Mozilla/5.0 (compatible; PHP cURL)
4	0	0	1	0	0	29470319	0	0	29470319	0	0	Mozilla/5.0 (Macintosh; Intel Mac OS X 10_15_7) AppleWebKit/537.36 (KHTML, like Gecko) Chrome/118.0.0.0 Safari/537.36
4	2	1	0	0	29439209	0	0	29439209	0	0	16122	Mozilla/5.0 (Windows NT 10.0; WOW64) AppleWebKit/537.36 (KHTML, like Gecko) Chrome/114.0.0.0 YaBrowser/22.7.0 Yowser/2.5 Safari/537.36
4	0	0	1	0	0	29468154	0	0	29468154	0	0	Mozilla/5.0 (iPhone; CPU iPhone OS 9_0 like Mac OS X) AppleWebKit/601.1.46 (KHTML, like Gecko) Version/9.0 Mobile/13A340 Safari/601.1
4	2	1	0	0	29440177	0	0	29440177	0	0	9321	Mozilla/5.0 (Windows NT 6.1; Win64; x64; rv:109.0) Gecko/20100101 Firefox/115
4	0	0	30	11	0	29458652	29458651	0	29441759	29441757	0	Mozilla/5.0 (compatible; MSIE 10.0; Windows NT 6.1; Trident/6.0)
4	0	0	2	1	0	29469222	29447924	0	29467860	29447924	0	Mozilla/4.0 (compatible; MSIE 6.0; Windows NT 5.1; SV1)
4	2	2	2	0	29439537	29456238	0	29439159	29455931	0	15615	Mozilla/5.0 (Linux; Android 6.0.1; Nexus 5X Build/MMB29P) AppleWebKit/537.36 (KHTML, like Gecko) Chrome/99.0.4844.84 Mobile Safari/537.36 (compatible; Googlebot/2.1; +http://www.google.com/bot.html)
4	0	0	0	2	0	0	29440551	0	0	29440551	0	Mozilla/5.0 (Windows NT 10.0; Win64; x64) AppleWebKit/537.36 (KHTML, like Gecko) Chrome/106.0.5249.119 Safari/537.36
4	0	0	1	0	0	29458293	0	0	29458293	0	0	Mozilla/5.0 (iPhone; CPU iPhone OS 18_4 like Mac OS X) AppleWebKit/605.1.15 (KHTML, like Gecko) Version/18.4 Mobile/15E148 Safari/604.1
4	0	0	36	10	0	29458652	29449917	0	29441759	29441757	0	Mozilla/5.0 (Windows NT 6.3; Win64; x64; rv:73.0) Gecko/20100101 Firefox/73.0
4	0	0	1	0	0	29460911	0	0	29460911	0	0	Mozilla/5.0 (iPhone; CPU iPhone OS 18_0 like Mac OS X) AppleWebKit/605.1.15 (KHTML, like Gecko) Version/18.4 Mobile/15E148 Safari/604.1
4	0	0	1	0	0	29469678	0	0	29469678	0	0	Mozilla/5.0 (Macintosh; Intel Mac OS X 10_15_7) AppleWebKit/537.36 (KHTML, like Gecko) Chrome/120.0.0.0 Safari/537.36 Edg/120.0.0.0
4	0	0	1	0	0	29442069	0	0	29442069	0	0	Mozilla/5.0 (Windows NT 6.1; WOW64; Trident/7.0; EIE11;ENUSMSN; rv:11.0) like Gecko
4	0	0	20	6	0	29470044	29443458	0	29450592	29439000	0	Mozilla/5.0 (Linux; Android 14; Pixel 8 Pro) AppleWebKit/537.36 (KHTML, like Gecko) Chrome/119.0.0.0 Mobile Safari/537.36
4	0	0	1	0	0	29441372	0	0	29441372	0	0	Mozilla/5.0 (iPod; U; CPU like Mac OS X; en) AppleWebKit/420.1 (KHTML, like Gecko) Version/3.0 Mobile/3A100a Safari/419.3
4	14	7	27	4	29440327	29471393	29440316	29440316	29441673	29440316	607074	facebookexternalhit/1.1 (+http://www.facebook.com/externalhit_uatext.php)
4	0	0	1	0	0	29453588	0	0	29453588	0	0	curl/7.29.0
4	0	0	1	0	0	29440770	0	0	29440770	0	0	Mozilla/5.0 (Macintosh; Intel Mac OS X 10_15_7) AppleWebKit/537.36 (KHTML, like Gecko) Chrome/135.0.0.0 Safari/537.36
4	1	0	0	0	29441860	0	0	29441860	0	0	971	Mozilla/5.0 (X11; Linux x86_64) AppleWebKit/537.36 (KHTML, like Gecko) Chrome/122.0.6261.57 Safari/537.36
4	0	0	1	0	0	29462496	0	0	29462496	0	0	Mozilla/5.0 (X11; CrOS x86_64 6457.107.0) AppleWebKit/537.36 (KHTML, like Gecko) Chrome/40.0.2214.115 Safari/537.36
4	0	0	34	15	0	29458652	29458651	0	29449915	29441757	0	Mozilla/5.0 (X11; Linux x86_64) AppleWebKit/537.36 (KHTML, like Gecko) Chrome/84.0.4147.105 Safari/537.36 OPR/70.0.3728.95
4	1	1	31	7	29438532	29470823	29446046	29438532	29440707	29438532	1365	Mozilla/5.0 (Windows NT 10.0; Win64; x64) AppleWebKit/537.36 (KHTML, like Gecko) Chrome/131.0.0.0 Safari/537.36
4	0	0	14	9	0	29470043	29443458	0	29450592	29439000	0	Mozilla/5.0 (iPhone; CPU iPhone OS 16_0 like Mac OS X) AppleWebKit/605.1.15 (KHTML, like Gecko) FxiOS/118.0 Mobile/15E148 Safari/605.1.15
4	0	0	1	0	0	29457824	0	0	29457824	0	0	Mozilla/5.0 (Macintosh; Intel Mac OS X 12_5) AppleWebKit/537.36 (KHTML, like Gecko) Chrome/114.0.0.0 Safari/537.36 Edg/114.0.1264.71
4	4	2	1	1	29439188	29439188	29439188	29439188	29439188	29439188	22025	Mozilla/5.0 (Windows NT 10.0; Win64; x64) AppleWebKit/537.36 (KHTML, like Gecko; compatible; BW/1.3; rb.gy/qyzae5) Chrome/124.0.0.0 Safari/537.36
4	0	0	4	0	0	29461853	0	0	29444207	0	0	Mozilla/5.0 AppleWebKit/537.36 (KHTML, like Gecko; compatible; Amazonbot/0.1; +https://developer.amazon.com/support/amazonbot) Chrome/119.0.6045.214 Safari/537.36
4	0	0	1	0	0	29450821	0	0	29450821	0	0	Mozilla/4.0 (compatible; MSIE 6.0; Windows 98) Opera 7.23 [en]
4	0	0	39	6	0	29458652	29441759	0	29441759	29441757	0	Mozilla/5.0 (Windows NT 6.1; Win64; x64) AppleWebKit/537.36 (KHTML, like Gecko) Chrome/79.0.3945.130 Safari/537.36
4	0	0	1	0	0	29470287	0	0	29470287	0	0	Mozilla/5.0 (Windows NT 6.1; Win64; x64) AppleWebKit/537.36 (KHTML, like Gecko)Chrome/74.0.3729.169 Safari/537.36
4	0	0	2	0	0	29449976	0	0	29449976	0	0	Mozilla/5.0 (Windows NT 10.0; Win64; x64; rv:138.0) Gecko/20100101 Firefox/138.0
4	0	0	1	0	0	29444237	0	0	29444237	0	0	Mozilla/5.0 (iPad; CPU OS 7_0_3 like Mac OS X) AppleWebKit/537.51.1 (KHTML, like Gecko) CriOS/30.0.1599.16 Mobile/11B511 Safari/8536.25
4	0	0	37	7	0	29458652	29441758	0	29441759	29441757	0	Mozilla/5.0 (Windows NT 10.0; WOW64; Trident/7.0; .NET4.0C; .NET4.0E; .NET CLR 2.0.50727; .NET CLR 3.0.30729; .NET CLR 3.5.30729; rv:11.0) like Gecko
4	2	2	0	34	29438473	0	29438473	29438472	0	29438472	2064	Mozilla/5.0 (l9scan/2.0.9383e26323e2539313e2935313; +https://leakix.net)
4	0	0	1	0	0	29469628	0	0	29469628	0	0	Mozilla/5.0 (Windows NT 10.0; Win64; x64) AppleWebKit/537.36 (KHTML, like Gecko) Chrome/122.0.0.0 Safari/537.36 Agency/93.8.2357.5
4	0	0	1	0	0	29440959	0	0	29440959	0	0	Mozilla/5.0 (Windows NT 10.0; Win64; x64) AppleWebKit/537.36 (KHTML, like Gecko) Chrome/102.0.5005.63 Safari/537.36
4	0	0	1	0	0	29465843	0	0	29465843	0	0	Mozilla/5.0 (X11; Ubuntu; Linux i686; rv:28.0) Gecko/20100101 Firefox/28.0
4	0	0	0	1	0	0	29439154	0	0	29439154	0	okhttp/3.14.9
4	1	1	0	0	29438557	0	0	29438557	0	0	699	Mozilla/5.0(WindowsNT6.0)AppleWebKit/534.57.2(KHTML,likeGecko)Version/5.1.7Safari/534.57.2
4	0	0	1	0	0	29452895	0	0	29452895	0	0	Mozilla/5.0 (iPhone; U; CPU iPhone OS 4_1 like Mac OS X; ja-jp) AppleWebKit/532.9 (KHTML, like Gecko) Version/4.0.5 Mobile/8B117 Safari/6531.22.7
4	2	2	4	0	29439685	29465704	0	29438751	29441524	0	10234	Mozilla/5.0 (X11; Linux x86_64) AppleWebKit/537.36 (KHTML, like Gecko) Chrome/105.0.0.0 Safari/537.36
4	0	0	8	0	0	29463379	0	0	29442433	0	0	Mozilla/5.0 (X11; Linux x86_64) AppleWebKit/537.36 (KHTML, like Gecko) Chrome/139.0.0.0 Safari/537.36
4	0	0	1	0	0	29455780	0	0	29455780	0	0	Mozilla/5.0(Linux;Android5.0.2;SAMSUNGSM-A300HBuild/LRX22G)AppleWebKit/537.36(KHTML,likeGecko)SamsungBrowser/3.3Chrome/38.0.2125.102MobileSafari/537.36
4	0	0	17	8	0	29469938	29443458	0	29450592	29439000	0	Mozilla/5.0 (iPhone; CPU iPhone OS 15_7_9 like Mac OS X) AppleWebKit/605.1.15 (KHTML, like Gecko) Version/15.6.5 Mobile/15E148 Safari/604.1
4	0	0	4	0	0	29467403	0	0	29467345	0	0	Mozilla/5.0 (Windows NT 10.0; Win64; x64; trendictionbot0.5.0; trendiction search; http://www.trendiction.de/bot; please let us know of any problems; web at trendiction.com) Gecko/20100101 Firefox/125.0
5	0	0	3	0	0	29462147	0	0	29462145	0	0	223.123.8.0
5	0	0	1	0	0	29449978	0	0	29449978	0	0	111.119.187.61
5	0	0	1	0	0	29467655	0	0	29467655	0	0	142.93.58.69
5	0	0	2	0	0	29466197	0	0	29460165	0	0	49.51.72.236
5	0	0	4	1	0	29465162	29441998	0	29441998	29441998	0	37.139.53.35
5	0	0	1	0	0	29455369	0	0	29455369	0	0	43.159.143.187
5	0	0	3	1	0	29464845	29443949	0	29443949	29443949	0	77.246.100.120
5	0	0	1	0	0	29457023	0	0	29457023	0	0	118.194.230.61
5	0	0	1	0	0	29470419	0	0	29470419	0	0	207.46.13.155
5	0	0	1	0	0	29445221	0	0	29445221	0	0	180.110.203.108
5	0	0	2	0	0	29463622	0	0	29444864	0	0	43.140.247.223
5	1	1	0	0	29439451	0	0	29439451	0	0	9535	87.236.176.24
5	1	0	0	0	29445819	0	0	29445819	0	0	345	207.46.13.150
5	0	0	1	0	0	29447364	0	0	29447364	0	0	5.133.192.175
5	0	0	3	0	0	29447983	0	0	29444754	0	0	35.77.102.47
5	0	0	1	0	0	29451124	0	0	29451124	0	0	176.103.89.80
5	4	1	0	0	29439307	0	0	29439307	0	0	880975	44.246.187.43
5	0	0	1	0	0	29454680	0	0	29454680	0	0	35.94.229.207
5	0	0	1	0	0	29466244	0	0	29466244	0	0	43.165.65.75
5	0	0	1	0	0	29465885	0	0	29465885	0	0	51.222.95.169
5	0	0	1	0	0	29459112	0	0	29459112	0	0	62.141.44.236
5	0	0	182	1	0	29470382	29470382	0	29470378	29470382	0	40.119.197.161
5	0	0	2	0	0	29446604	0	0	29444944	0	0	34.87.42.98
5	1	1	0	0	29439089	0	0	29439089	0	0	8159	120.79.175.31
5	0	0	1	0	0	29458153	0	0	29458153	0	0	18.201.230.120
5	0	0	1	0	0	29468813	0	0	29468813	0	0	209.50.183.7
5	0	0	1	0	0	29464932	0	0	29464932	0	0	65.111.15.168
5	1	1	45	11	29438532	29470150	29445384	29438532	29441574	29438532	1365	91.142.73.116
5	0	0	1	0	0	29447035	0	0	29447035	0	0	2.57.171.242
5	0	0	1	0	0	29460468	0	0	29460468	0	0	96.62.85.172
5	0	0	1	0	0	29442946	0	0	29442946	0	0	170.106.192.3
5	1	1	2	0	29439700	29460877	0	29439700	29439700	0	9548	43.157.147.3
5	0	0	4	0	0	29467904	0	0	29444160	0	0	72.13.46.3
5	0	0	1	0	0	29458559	0	0	29458559	0	0	192.252.215.2
5	0	0	1	0	0	29449316	0	0	29449316	0	0	170.106.82.209
5	0	0	2	0	0	29466313	0	0	29442174	0	0	101.42.46.71
5	0	0	1	0	0	29468707	0	0	29468707	0	0	40.77.167.8
5	0	0	1	0	0	29456376	0	0	29456376	0	0	40.77.167.7
5	0	0	2	0	0	29467057	0	0	29467057	0	0	167.172.89.95
5	0	0	2	0	0	29470319	0	0	29465879	0	0	141.98.11.23
5	0	0	1	0	0	29463443	0	0	29463443	0	0	52.175.70.127
5	0	0	3	1	0	29463941	29444764	0	29444764	29444764	0	93.183.94.195
5	0	0	1	0	0	29447118	0	0	29447118	0	0	89.110.103.94
5	1	1	0	0	29440074	0	0	29440074	0	0	9219	43.159.143.139
5	0	0	1	0	0	29445132	0	0	29445132	0	0	203.188.168.4
5	0	0	2	1	0	29441096	29441096	0	29441096	29441096	0	34.126.159.198
5	2	0	0	0	29441447	0	0	29441235	0	0	6154	223.123.22.214
5	0	0	1	0	0	29447064	0	0	29447064	0	0	2.57.171.216
5	0	0	3	0	0	29448959	0	0	29448959	0	0	46.30.211.69
5	1	1	0	0	29439595	0	0	29439595	0	0	9540	43.135.115.233
5	0	0	1	0	0	29467345	0	0	29467345	0	0	144.76.22.228
5	0	0	1	0	0	29458834	0	0	29458834	0	0	173.252.82.8
5	0	0	1	0	0	29455818	0	0	29455818	0	0	46.8.14.7
5	0	0	1	0	0	29455563	0	0	29455563	0	0	45.10.69.23
5	0	0	1	0	0	29450623	0	0	29450623	0	0	43.130.26.3
5	4	1	0	0	29439208	0	0	29439202	0	0	717156	49.13.211.144
5	0	0	1	0	0	29453600	0	0	29453600	0	0	106.75.66.75
5	0	0	1	0	0	29464023	0	0	29464023	0	0	43.167.157.80
5	0	0	1	0	0	29453432	0	0	29453432	0	0	173.252.82.3
5	0	0	1	0	0	29449996	0	0	29449996	0	0	45.11.20.111
5	1	1	0	0	29438472	0	0	29438472	0	0	699	212.97.67.11
5	1	1	0	0	29438623	0	0	29438623	0	0	703	101.32.15.141
5	0	0	0	101	0	0	29442579	0	0	29442579	0	52.169.162.118
5	0	0	1	0	0	29459043	0	0	29459043	0	0	43.131.36.84
5	0	0	1	0	0	29445003	0	0	29445003	0	0	43.156.168.214
5	0	0	1	0	0	29449805	0	0	29449805	0	0	72.207.109.5
5	0	0	3	0	0	29469503	0	0	29446443	0	0	43.135.186.135
5	0	0	2	0	0	29454676	0	0	29449433	0	0	182.44.67.97
5	0	0	1	0	0	29456238	0	0	29456238	0	0	198.177.252.24
5	0	0	3	0	0	29463756	0	0	29444136	0	0	43.135.145.77
5	0	0	2	0	0	29463379	0	0	29463379	0	0	104.236.107.44
5	0	0	1	0	0	29467952	0	0	29467952	0	0	17.246.19.8
5	1	1	2	0	29438666	29471223	0	29438666	29457490	0	698	43.166.130.123
5	0	0	0	1	0	0	29438980	0	0	29438980	0	91.199.42.92
5	0	0	51	1	0	29454742	29454741	0	29454741	29454741	0	4.213.56.0
5	0	0	1	0	0	29445715	0	0	29445715	0	0	43.159.132.207
5	0	0	1	0	0	29458112	0	0	29458112	0	0	49.51.36.179
5	0	0	70	0	0	29466624	0	0	29442763	0	0	216.244.66.238
5	0	0	3	0	0	29469034	0	0	29445311	0	0	43.135.145.73
5	0	0	1	0	0	29445980	0	0	29445980	0	0	2.57.171.181
5	1	0	0	0	29438471	0	0	29438471	0	0	87	34.214.105.182
5	0	0	1	0	0	29449272	0	0	29449272	0	0	2.57.171.175
5	0	0	1	0	0	29468995	0	0	29468995	0	0	185.242.177.59
5	0	0	1	0	0	29463374	0	0	29463374	0	0	199.244.88.231
5	0	0	1	0	0	29467554	0	0	29467554	0	0	185.242.177.58
5	0	0	1	0	0	29448407	0	0	29448407	0	0	199.244.88.229
5	0	0	2	0	0	29464799	0	0	29460355	0	0	185.242.177.57
5	1	1	0	0	29438751	0	0	29438751	0	0	699	199.244.88.228
5	0	0	1	0	0	29452736	0	0	29452736	0	0	152.42.181.79
5	1	1	0	0	29439685	0	0	29439685	0	0	9535	199.244.88.227
5	0	0	1	0	0	29446762	0	0	29446762	0	0	110.172.98.2
5	0	0	1	0	0	29460380	0	0	29460380	0	0	185.242.177.54
5	0	0	0	1	0	0	29448559	0	0	29448559	0	199.244.88.225
5	0	0	1	0	0	29452914	0	0	29452914	0	0	34.78.37.6
5	0	0	1	0	0	29465704	0	0	29465704	0	0	199.244.88.224
5	0	0	2	0	0	29469009	0	0	29464688	0	0	185.242.177.52
5	0	0	1	0	0	29459582	0	0	29459582	0	0	170.205.30.11
5	1	1	3	0	29438641	29459647	0	29438641	29442363	0	699	43.130.105.21
5	0	0	1	0	0	29464371	0	0	29464371	0	0	199.244.88.222
5	0	0	2	0	0	29458959	0	0	29448829	0	0	185.242.177.51
5	1	1	0	1	29438573	0	29438573	29438573	0	29438573	699	134.209.84.192
5	2	2	26	0	29440188	29470447	0	29438749	29441628	0	8177	185.242.177.50
5	0	0	1	0	0	29441524	0	0	29441524	0	0	199.244.88.220
5	0	0	1	0	0	29468618	0	0	29468618	0	0	150.109.230.210
5	0	0	1	0	0	29441762	0	0	29441762	0	0	170.106.179.68
5	1	1	0	1	29438683	0	29438683	29438683	0	29438683	702	17.246.23.212
5	0	0	1	0	0	29463061	0	0	29463061	0	0	104.234.53.43
5	0	0	1	0	0	29445902	0	0	29445902	0	0	45.11.20.33
5	0	0	0	1	0	0	29438888	0	0	29438888	0	34.77.70.95
5	0	0	1	0	0	29464699	0	0	29464699	0	0	65.111.4.34
5	0	0	513	8	0	29449917	29449917	0	29449915	29449915	0	89.187.163.213
5	1	1	0	0	29438644	0	0	29438644	0	0	1365	188.130.221.106
5	0	0	0	72	0	0	29439000	0	0	29439000	0	135.235.163.228
5	0	0	2	0	0	29467074	0	0	29458615	0	0	43.157.170.13
5	0	0	1	0	0	29464179	0	0	29464179	0	0	213.109.147.102
5	2	1	0	0	29439700	0	0	29439661	0	0	19664	43.135.140.225
5	0	0	1	0	0	29462583	0	0	29462583	0	0	43.130.14.245
5	0	0	4	0	0	29445450	0	0	29441121	0	0	104.199.40.115
5	0	0	2	1	0	29469222	29447924	0	29467860	29447924	0	185.102.115.120
5	0	0	1	0	0	29469169	0	0	29469169	0	0	146.196.38.219
5	0	0	1	0	0	29452168	0	0	29452168	0	0	5.183.130.47
5	0	0	1	2	0	29460473	29440132	0	29460473	29439220	0	129.226.213.145
5	0	0	1	0	0	29464598	0	0	29464598	0	0	64.225.30.223
5	0	0	1	0	0	29449444	0	0	29449444	0	0	2.57.171.137
5	0	0	1	0	0	29468210	0	0	29468210	0	0	182.44.10.67
5	0	0	2	0	0	29461737	0	0	29456537	0	0	125.94.144.102
5	0	0	1	0	0	29456559	0	0	29456559	0	0	43.157.20.63
5	0	0	1	0	0	29452694	0	0	29452694	0	0	52.167.144.234
5	0	0	0	3	0	0	29440856	0	0	29440856	0	193.36.224.36
5	1	0	0	0	29446201	0	0	29446201	0	0	345	157.55.39.56
5	0	0	3	0	0	29464803	0	0	29440889	0	0	43.157.142.101
5	0	0	1	0	0	29453695	0	0	29453695	0	0	188.130.128.247
5	0	0	1	0	0	29455408	0	0	29455408	0	0	114.80.36.40
5	3	3	4	1	29440156	29440156	29440156	29440156	29440156	29440156	102171	154.194.114.145
5	0	0	14	0	0	29471398	0	0	29442870	0	0	119.18.49.84
5	0	0	1	0	0	29461112	0	0	29461112	0	0	45.132.115.141
5	0	0	2	0	0	29463239	0	0	29460987	0	0	106.54.62.156
5	0	0	1	0	0	29451111	0	0	29451111	0	0	173.252.82.114
5	0	0	1	0	0	29469628	0	0	29469628	0	0	93.158.127.79
5	0	0	1	0	0	29451742	0	0	29451742	0	0	46.8.16.244
5	0	0	1	0	0	29445743	0	0	29445743	0	0	173.252.82.113
5	3	1	0	0	29439206	0	0	29439202	0	0	717154	217.170.194.172
5	0	0	1	0	0	29470287	0	0	29470287	0	0	42.83.147.54
5	0	0	0	1	0	0	29438864	0	0	29438864	0	91.217.249.12
5	0	0	1	0	0	29460786	0	0	29460786	0	0	109.248.142.217
5	0	0	1	0	0	29467447	0	0	29467447	0	0	38.33.147.227
5	0	0	3	0	0	29461531	0	0	29450027	0	0	146.190.231.84
5	3	0	4	6	29441729	29441729	29441729	29441729	29441729	29441729	7125	161.118.250.104
5	0	0	1	0	0	29464923	0	0	29464923	0	0	119.28.89.249
5	0	0	1	0	0	29465868	0	0	29465868	0	0	52.167.144.193
5	0	0	2	0	0	29467345	0	0	29467345	0	0	144.76.22.115
5	0	0	2	1	0	29448307	29448307	0	29448307	29448307	0	68.71.254.6
5	0	0	1	0	0	29462595	0	0	29462595	0	0	49.51.204.74
5	0	0	1	0	0	29470731	0	0	29470731	0	0	43.130.74.193
5	0	0	1	0	0	29465356	0	0	29465356	0	0	43.153.204.189
5	0	0	2	0	0	29467762	0	0	29460563	0	0	170.106.11.141
5	0	0	3	0	0	29458050	0	0	29457266	0	0	93.158.90.66
5	0	0	1	0	0	29469124	0	0	29469124	0	0	170.106.35.187
5	0	0	13	0	0	29461121	0	0	29461119	0	0	20.189.202.60
5	0	0	1	0	0	29460980	0	0	29460980	0	0	91.217.249.182
5	0	0	1	0	0	29470687	0	0	29470687	0	0	157.55.39.11
5	0	0	1	0	0	29447030	0	0	29447030	0	0	160.225.169.212
5	0	0	1	0	0	29445303	0	0	29445303	0	0	43.130.91.95
5	1	1	0	0	29439661	0	0	29439661	0	0	9536	34.23.182.81
5	0	0	1	0	0	29470541	0	0	29470541	0	0	198.13.241.91
5	1	1	0	0	29439483	0	0	29439483	0	0	9537	43.153.74.75
5	0	0	1	0	0	29464209	0	0	29464209	0	0	52.167.144.169
5	0	0	1	0	0	29454438	0	0	29454438	0	0	62.109.140.96
5	0	0	2	0	0	29451560	0	0	29451560	0	0	68.183.180.10
5	0	0	1	0	0	29443782	0	0	29443782	0	0	152.53.210.225
5	0	0	1	0	0	29451843	0	0	29451843	0	0	43.153.58.28
5	0	0	1	0	0	29469408	0	0	29469408	0	0	149.102.234.183
5	0	0	1	0	0	29449934	0	0	29449934	0	0	121.127.34.151
5	0	0	1	0	0	29470111	0	0	29470111	0	0	182.42.104.32
5	9	0	0	0	29438471	0	0	29438471	0	0	576	159.195.26.89
5	0	0	209	1	0	29453526	29453526	0	29453525	29453526	0	20.19.164.254
5	0	0	1	0	0	29452412	0	0	29452412	0	0	148.72.140.6
5	0	0	1	0	0	29445903	0	0	29445903	0	0	176.53.222.174
5	3	3	4	1	29439807	29456561	29439807	29439807	29439807	29439807	111558	103.234.161.118
5	0	0	1	0	0	29463002	0	0	29463002	0	0	43.157.149.188
5	0	0	0	1	0	0	29447598	0	0	29447598	0	192.241.178.141
5	0	0	1	0	0	29445422	0	0	29445422	0	0	52.23.253.162
5	1	1	0	0	29438703	0	0	29438703	0	0	702	43.153.71.132
5	0	0	2	1	0	29446046	29446046	0	29446046	29446046	0	72.195.34.42
5	0	0	1	0	0	29452285	0	0	29452285	0	0	192.36.24.172
5	3	3	3	1	29439196	29439196	29439196	29439196	29439196	29439196	111036	72.195.34.41
5	0	0	1	0	0	29465072	0	0	29465072	0	0	93.158.90.17
5	0	0	1	0	0	29464685	0	0	29464685	0	0	37.214.57.222
5	2	2	1	0	29439242	29470015	0	29438602	29470015	0	10243	43.155.129.131
5	0	0	1	0	0	29454245	0	0	29454245	0	0	205.237.107.42
5	0	0	2	0	0	29462275	0	0	29459564	0	0	170.106.180.246
5	0	0	1	0	0	29456575	0	0	29456575	0	0	154.16.81.80
5	0	0	2	0	0	29452834	0	0	29451184	0	0	31.171.155.11
5	1	0	0	0	29439697	0	0	29439697	0	0	971	143.110.220.3
5	0	0	2	0	0	29467443	0	0	29455777	0	0	223.244.35.77
5	0	0	2	0	0	29462496	0	0	29442069	0	0	121.127.34.106
5	0	0	1	0	0	29453259	0	0	29453259	0	0	129.212.225.136
5	1	0	0	0	29446827	0	0	29446827	0	0	971	176.123.7.62
5	0	0	1	0	0	29444450	0	0	29444450	0	0	43.135.134.127
5	0	0	1	0	0	29466121	0	0	29466121	0	0	43.166.226.57
5	0	0	2	0	0	29452694	0	0	29452694	0	0	134.122.40.115
5	1	1	0	0	29439825	0	0	29439825	0	0	9620	176.53.216.180
5	0	0	8	0	0	29463060	0	0	29463058	0	0	4.213.16.78
5	1	1	0	0	29440327	0	0	29440327	0	0	9442	108.174.5.113
5	0	0	1	0	0	29444794	0	0	29444794	0	0	45.84.107.55
5	0	0	2	0	0	29463923	0	0	29463923	0	0	165.232.109.145
5	1	0	0	0	29448342	0	0	29448342	0	0	1686	208.84.102.192
5	0	0	1	0	0	29465843	0	0	29465843	0	0	38.121.43.96
5	1	0	0	1	29440316	0	29440316	29440316	0	29440316	69349	69.171.249.40
5	0	0	1	0	0	29464699	0	0	29464699	0	0	209.50.160.218
5	0	0	1	0	0	29449060	0	0	29449060	0	0	104.219.234.250
5	0	0	1	0	0	29446510	0	0	29446510	0	0	45.92.229.71
5	0	0	1	0	0	29463450	0	0	29463450	0	0	43.159.145.153
5	1	0	1	1	29440341	29450283	29438735	29440341	29450283	29438735	971	77.90.185.10
5	0	0	1	0	0	29465841	0	0	29465841	0	0	51.89.175.200
5	0	0	1	0	0	29461939	0	0	29461939	0	0	87.240.52.143
5	0	0	2	0	0	29470433	0	0	29465020	0	0	49.51.203.164
5	0	0	1	0	0	29444496	0	0	29444496	0	0	109.199.118.129
5	0	0	0	9	0	0	29439292	0	0	29439292	0	2.58.56.117
5	1	1	0	0	29440316	0	0	29440316	0	0	9445	69.171.249.31
5	0	0	3	0	0	29461398	0	0	29461398	0	0	24.199.122.147
5	1	1	0	0	29440327	0	0	29440327	0	0	9444	69.171.249.30
5	0	0	3	0	0	29458026	0	0	29449796	0	0	182.42.111.213
5	0	0	6	0	0	29450029	0	0	29450029	0	0	46.4.250.49
5	0	0	1	0	0	29450029	0	0	29450029	0	0	46.4.250.50
5	0	0	5	0	0	29464686	0	0	29464686	0	0	34.228.185.123
5	1	0	0	0	29440317	0	0	29440317	0	0	69349	69.171.249.26
5	0	0	1	0	0	29468256	0	0	29468256	0	0	196.240.60.206
5	1	0	0	0	29440316	0	0	29440316	0	0	69349	69.171.249.23
5	0	0	0	1	0	0	29440316	0	0	29440316	0	69.171.249.113
5	3	2	39	0	29439195	29458776	0	29439192	29440644	0	19072	113.31.186.146
5	0	0	1	0	0	29446271	0	0	29446271	0	0	176.53.222.115
5	0	0	1	0	0	29470823	0	0	29470823	0	0	188.130.128.101
5	1	1	0	0	29440316	0	0	29440316	0	0	34404	69.171.249.21
5	0	0	2	0	0	29458264	0	0	29448241	0	0	43.130.139.136
5	0	0	1	0	0	29464031	0	0	29464031	0	0	173.252.95.116
5	1	1	2	0	29439191	29468344	0	29439191	29439191	0	9536	43.130.110.130
5	0	0	2	0	0	29460995	0	0	29460995	0	0	40.88.21.235
5	0	0	0	80	0	0	29438917	0	0	29438917	0	52.178.176.146
5	1	1	0	1	29438647	0	29438647	29438647	0	29438647	699	17.22.237.53
5	1	1	0	0	29440316	0	0	29440316	0	0	34404	69.171.249.18
5	0	0	2	0	0	29449865	0	0	29441310	0	0	162.62.213.187
5	1	0	0	0	29440316	0	0	29440316	0	0	69349	69.171.249.7
5	1	1	0	0	29440316	0	0	29440316	0	0	34404	69.171.249.15
5	0	0	0	1	0	0	29440316	0	0	29440316	0	69.171.249.6
5	1	0	0	0	29440316	0	0	29440316	0	0	71	69.171.249.5
5	0	0	2	0	0	29447092	0	0	29442481	0	0	43.133.91.48
5	1	0	0	0	29440316	0	0	29440316	0	0	69349	69.171.249.12
5	0	0	0	1	0	0	29440316	0	0	29440316	0	69.171.249.3
5	1	1	17	0	29439195	29458017	0	29439195	29440650	0	9532	183.134.59.133
5	0	0	2	1	0	29442991	29442991	0	29442991	29442991	0	91.184.244.222
5	0	0	2	0	0	29462186	0	0	29461924	0	0	43.166.226.186
5	0	0	3	0	0	29470563	0	0	29449179	0	0	43.155.27.244
5	0	0	1	0	0	29460967	0	0	29460967	0	0	64.140.134.76
5	1	0	0	0	29438471	0	0	29438471	0	0	87	16.170.249.48
5	5	5	0	7	29439654	0	29439654	29439653	0	29439653	38976	123.178.210.216
5	1	1	3	1	29439884	29460381	29439884	29439884	29442565	29439884	9621	34.72.176.129
5	0	0	4	0	0	29461282	0	0	29449012	0	0	123.232.112.70
5	0	0	1	0	0	29442226	0	0	29442226	0	0	103.148.25.242
5	2	1	0	2	29440262	0	29440159	29440262	0	29440159	78781	223.123.6.192
5	0	0	1	0	0	29467939	0	0	29467939	0	0	43.157.180.116
5	0	0	1	0	0	29467467	0	0	29467467	0	0	43.153.192.98
5	0	0	2	0	0	29465838	0	0	29452503	0	0	43.166.251.233
5	0	0	7	0	0	29458659	0	0	29442797	0	0	91.184.244.208
5	0	0	1	0	0	29455038	0	0	29455038	0	0	162.62.213.165
5	0	0	1	0	0	29446547	0	0	29446547	0	0	49.51.183.84
5	0	0	1	0	0	29456816	0	0	29456816	0	0	191.96.67.12
5	0	0	1	0	0	29461365	0	0	29461365	0	0	150.109.46.88
5	0	0	2	0	0	29467482	0	0	29467482	0	0	51.68.111.245
5	0	0	1	0	0	29461871	0	0	29461871	0	0	223.123.18.227
5	0	0	1	0	0	29451077	0	0	29451077	0	0	45.15.238.245
5	0	0	1	0	0	29466439	0	0	29466439	0	0	54.236.1.54
5	0	0	1	0	0	29443506	0	0	29443506	0	0	54.236.1.53
5	1	0	0	0	29439426	0	0	29439426	0	0	24	40.77.167.203
5	1	1	0	0	29439108	0	0	29439108	0	0	9936	54.236.1.52
5	0	0	2	0	0	29462487	0	0	29446753	0	0	49.233.45.47
5	0	0	1	0	0	29441320	0	0	29441320	0	0	122.162.146.152
5	1	1	5	0	29438745	29470506	0	29438745	29444071	0	702	182.42.111.156
5	0	0	2	0	0	29459297	0	0	29459297	0	0	91.224.92.35
5	0	0	2	0	0	29448459	0	0	29448459	0	0	176.53.220.81
5	0	0	2	0	0	29468500	0	0	29451061	0	0	170.106.180.153
5	0	0	1	0	0	29454520	0	0	29454520	0	0	89.104.100.4
5	0	0	1	0	0	29449149	0	0	29449149	0	0	89.187.168.82
5	0	0	0	151	0	0	29444728	0	0	29444727	0	4.213.2.158
5	0	0	1	0	0	29467097	0	0	29467097	0	0	119.249.100.51
5	0	0	1	0	0	29448322	0	0	29448322	0	0	3.88.105.196
5	0	0	1	0	0	29470816	0	0	29470816	0	0	170.106.180.139
5	0	0	2	0	0	29462753	0	0	29462753	0	0	51.68.111.213
5	0	0	1	0	0	29458806	0	0	29458806	0	0	109.70.100.10
5	0	0	2	0	0	29454071	0	0	29454071	0	0	51.68.111.208
5	0	0	4	0	0	29453699	0	0	29453699	0	0	40.77.167.159
5	0	0	2	0	0	29464563	0	0	29464563	0	0	51.68.111.205
5	0	0	2	0	0	29449310	0	0	29449310	0	0	51.68.111.203
5	0	0	1	0	0	29469312	0	0	29469312	0	0	205.210.31.184
5	0	0	2	0	0	29458944	0	0	29458944	0	0	51.68.111.202
5	0	0	53	1	0	29469939	29469938	0	29469938	29469938	0	74.225.218.73
5	0	0	3	0	0	29471010	0	0	29449293	0	0	54.236.1.13
5	0	0	167	2	0	29453169	29453168	0	29453167	29453168	0	172.191.157.70
5	0	0	1	0	0	29443435	0	0	29443435	0	0	176.53.220.51
5	0	0	1	0	0	29460679	0	0	29460679	0	0	54.236.1.11
5	0	0	17	0	0	29461038	0	0	29457769	0	0	157.66.55.46
5	1	0	0	0	29439176	0	0	29439176	0	0	8293	66.249.88.98
5	0	0	1	0	0	29465791	0	0	29465791	0	0	57.141.20.58
5	0	0	1	0	0	29441377	0	0	29441377	0	0	89.104.111.134
5	0	0	1	0	0	29448965	0	0	29448965	0	0	43.130.72.40
5	0	0	1	0	0	29456549	0	0	29456549	0	0	176.100.243.133
5	0	0	1	0	0	29452773	0	0	29452773	0	0	45.90.61.157
5	0	0	2	0	0	29469372	0	0	29447142	0	0	43.138.68.113
5	0	0	1	0	0	29449384	0	0	29449384	0	0	165.245.137.102
5	1	1	0	1	29438472	0	29438472	29438472	0	29438472	699	57.129.16.41
5	0	0	1	0	0	29446412	0	0	29446412	0	0	57.141.20.49
5	0	0	1	0	0	29447546	0	0	29447546	0	0	182.42.105.144
5	0	0	1	0	0	29451037	0	0	29451037	0	0	57.141.20.47
5	0	0	1	0	0	29447001	0	0	29447001	0	0	49.51.141.76
5	0	0	1	0	0	29440557	0	0	29440557	0	0	193.232.205.199
5	0	0	1	0	0	29448125	0	0	29448125	0	0	49.51.183.15
5	0	0	1	0	0	29449893	0	0	29449893	0	0	45.90.63.88
5	0	0	1	0	0	29440982	0	0	29440982	0	0	43.153.86.78
5	1	0	0	0	29439151	0	0	29439151	0	0	7734	43.153.73.200
5	0	0	0	1	0	0	29438856	0	0	29438856	0	46.8.10.98
5	0	0	1	0	0	29453028	0	0	29453028	0	0	83.219.1.130
5	0	0	2	0	0	29456509	0	0	29456509	0	0	35.187.132.132
5	1	1	0	0	29440177	0	0	29440177	0	0	9297	93.158.91.249
5	0	0	1	0	0	29453734	0	0	29453734	0	0	57.141.20.34
5	0	0	1	0	0	29456582	0	0	29456582	0	0	93.158.91.250
5	0	0	1	0	0	29449691	0	0	29449691	0	0	90.189.149.244
5	0	0	2	0	0	29466981	0	0	29464087	0	0	57.141.20.29
5	0	0	1	0	0	29466273	0	0	29466273	0	0	45.3.45.44
5	0	0	1	0	0	29470331	0	0	29470331	0	0	57.141.20.26
5	0	0	2	0	0	29461359	0	0	29445610	0	0	49.235.136.28
5	0	0	1	0	0	29464676	0	0	29464676	0	0	207.102.138.19
5	0	0	1	0	0	29440707	0	0	29440707	0	0	216.24.212.176
5	0	0	1	0	0	29446002	0	0	29446002	0	0	182.43.70.143
5	0	0	1	0	0	29464330	0	0	29464330	0	0	104.248.5.79
5	0	0	1	0	0	29449249	0	0	29449249	0	0	57.141.20.22
5	0	0	2	0	0	29446107	0	0	29444534	0	0	170.106.165.76
5	0	0	4	0	0	29468584	0	0	29440651	0	0	36.41.75.167
5	0	0	2	0	0	29469729	0	0	29468271	0	0	100.30.5.6
5	0	0	1	0	0	29463837	0	0	29463837	0	0	43.130.71.237
5	0	0	3	0	0	29451279	0	0	29441344	0	0	68.183.60.34
5	0	0	0	11	0	0	29439048	0	0	29439048	0	40.69.66.178
5	0	0	1	0	0	29456525	0	0	29456525	0	0	57.141.20.21
5	1	0	0	0	29440177	0	0	29440177	0	0	24	93.158.91.235
5	0	0	1	0	0	29445324	0	0	29445324	0	0	57.141.20.15
5	0	0	1	0	0	29466273	0	0	29466273	0	0	45.3.39.106
5	0	0	1	0	0	29448050	0	0	29448050	0	0	57.141.20.12
5	0	0	1	0	0	29443563	0	0	29443563	0	0	170.106.107.87
5	0	0	0	1	0	0	29439179	0	0	29439179	0	74.125.210.134
5	1	0	0	1	29439176	0	29439179	29439176	0	29439179	8293	74.125.210.133
5	0	0	1	0	0	29444207	0	0	29444207	0	0	3.229.2.217
5	0	0	0	1	0	0	29466273	0	0	29466273	0	45.3.45.24
5	0	0	1	0	0	29443978	0	0	29443978	0	0	3.95.11.150
5	0	0	1	0	0	29456321	0	0	29456321	0	0	157.55.39.194
5	0	0	1	0	0	29440946	0	0	29440946	0	0	34.22.223.213
5	0	0	2	0	0	29446685	0	0	29446685	0	0	144.126.196.60
5	0	0	1	0	0	29457656	0	0	29457656	0	0	51.79.137.237
5	0	0	2	0	0	29456798	0	0	29449035	0	0	103.157.204.70
5	0	0	3	0	0	29465918	0	0	29448292	0	0	101.91.148.219
5	4	1	0	0	29439829	0	0	29439828	0	0	27094	72.13.62.25
5	0	0	3	1	0	29456494	29446775	0	29446775	29446775	0	103.157.205.118
5	0	0	1	0	0	29456717	0	0	29456717	0	0	205.210.31.101
5	0	0	3	0	0	29446002	0	0	29446002	0	0	59.14.17.48
5	0	0	1	0	0	29440542	0	0	29440542	0	0	89.104.100.143
5	0	0	1	0	0	29467332	0	0	29467332	0	0	31.13.127.112
5	0	0	159	0	0	29463414	0	0	29463412	0	0	4.217.169.80
5	1	1	0	0	29439702	0	0	29439702	0	0	9536	176.53.218.218
5	0	0	3	0	0	29461539	0	0	29450026	0	0	209.38.38.83
5	0	0	2	0	0	29443863	0	0	29443244	0	0	43.130.106.18
5	0	0	1	0	0	29453289	0	0	29453289	0	0	45.11.21.40
5	0	0	1	0	0	29448426	0	0	29448426	0	0	160.225.166.209
5	0	0	2	0	0	29447928	0	0	29442932	0	0	182.44.8.254
5	0	0	1	0	0	29441673	0	0	29441673	0	0	173.252.70.30
5	0	0	1	0	0	29470047	0	0	29470047	0	0	173.252.70.28
5	0	0	1	0	0	29445327	0	0	29445327	0	0	45.137.126.79
5	0	0	1	0	0	29447081	0	0	29447081	0	0	173.252.70.27
5	1	1	0	0	29438570	0	0	29438570	0	0	704	43.166.245.120
5	0	0	1	0	0	29443019	0	0	29443019	0	0	173.252.70.25
5	1	1	0	0	29438495	0	0	29438495	0	0	699	176.53.218.206
5	2	2	1	0	29440143	29439652	0	29439652	29439652	0	18861	49.51.195.195
5	0	0	6	0	0	29456240	0	0	29442871	0	0	88.99.245.93
5	0	0	1	0	0	29468694	0	0	29468694	0	0	173.252.70.23
5	0	0	2	0	0	29447849	0	0	29441226	0	0	86.106.74.251
5	0	0	3	1	0	29458187	29444872	0	29444872	29444872	0	103.157.204.45
5	0	0	0	1	0	0	29439002	0	0	29439002	0	46.8.154.244
5	0	0	1	0	0	29448959	0	0	29448959	0	0	4.155.83.118
5	0	0	1	0	0	29446695	0	0	29446695	0	0	86.106.74.245
5	0	0	1	0	0	29441347	0	0	29441347	0	0	68.183.157.22
5	3	3	3	0	29440129	29440129	0	29440129	29440129	0	102171	46.8.17.44
5	0	0	9	0	0	29453268	0	0	29453268	0	0	45.138.16.121
5	0	0	2	0	0	29467332	0	0	29444381	0	0	173.252.70.14
5	0	0	2	0	0	29449564	0	0	29440992	0	0	43.173.1.57
5	0	0	1	76	0	29443458	29443458	0	29443458	29443457	0	74.225.182.62
5	0	0	1	0	0	29449767	0	0	29449767	0	0	173.252.70.12
5	0	0	2	1	0	29444879	29444879	0	29444879	29444879	0	103.157.204.34
5	0	0	1	0	0	29461555	0	0	29461555	0	0	173.252.70.11
5	0	0	2	0	0	29462524	0	0	29448061	0	0	43.166.239.145
5	0	0	1	0	0	29450020	0	0	29450020	0	0	45.82.191.122
5	0	0	2	0	0	29448928	0	0	29448928	0	0	52.71.225.154
5	0	0	0	1	0	0	29450829	0	0	29450829	0	4.221.122.52
5	0	0	1	0	0	29453444	0	0	29453444	0	0	170.106.152.218
5	1	0	4	3	29439418	29442575	29442150	29439418	29441032	29439418	24	66.249.64.131
5	1	1	0	2	29439537	0	29442724	29439537	0	29442226	7796	66.249.64.129
5	4	2	1	1	29439537	29441107	29442243	29439537	29441107	29442243	179412	66.249.64.130
5	0	0	1	0	0	29458741	0	0	29458741	0	0	45.137.126.45
5	0	0	9	0	0	29468540	0	0	29468412	0	0	144.76.32.190
5	1	1	1	0	29439126	29456903	0	29439126	29456903	0	9289	182.42.105.85
5	0	0	0	1	0	0	29464932	0	0	29464932	0	104.207.35.175
5	0	0	1	0	0	29460911	0	0	29460911	0	0	206.81.4.132
5	1	1	2	0	29439741	29454243	0	29439741	29439741	0	9597	43.128.149.102
5	0	0	1	0	0	29462063	0	0	29462063	0	0	101.42.9.234
5	0	0	1	0	0	29453068	0	0	29453068	0	0	34.205.24.238
5	0	0	1	0	0	29457741	0	0	29457741	0	0	143.198.154.129
5	0	0	22	0	0	29463005	0	0	29462870	0	0	162.243.47.27
5	0	0	1	0	0	29456999	0	0	29456999	0	0	43.166.238.12
5	0	0	20	0	0	29470625	0	0	29445578	0	0	52.167.144.58
5	0	0	1	0	0	29457959	0	0	29457959	0	0	43.130.228.73
5	0	0	1	0	0	29470998	0	0	29470998	0	0	34.174.77.87
5	0	0	1	0	0	29446083	0	0	29446083	0	0	43.153.62.161
5	0	0	1	0	0	29445902	0	0	29445902	0	0	43.166.7.113
5	0	0	1	0	0	29464543	0	0	29464543	0	0	43.153.107.22
5	2	1	0	0	29440152	0	0	29440152	0	0	9320	85.208.98.196
5	0	0	150	1	0	29453384	29453383	0	29453382	29453383	0	4.178.168.174
5	0	0	1	0	0	29450868	0	0	29450868	0	0	40.77.167.61
5	0	0	1	1	0	29445395	29438582	0	29445395	29438582	0	43.156.156.96
5	0	0	3	1	0	29456473	29446265	0	29446265	29446265	0	103.151.53.118
5	0	0	3	0	0	29464674	0	0	29464674	0	0	18.212.211.2
5	0	0	1	0	0	29459043	0	0	29459043	0	0	45.137.126.16
5	0	0	2	0	0	29446828	0	0	29446828	0	0	205.169.39.239
5	0	0	1	0	0	29444314	0	0	29444314	0	0	45.90.63.227
5	0	0	1	0	0	29461891	0	0	29461891	0	0	43.153.10.83
5	0	0	1	0	0	29455849	0	0	29455849	0	0	43.159.136.201
5	2	2	0	0	29438704	0	0	29438704	0	0	1398	52.35.255.143
5	0	0	1	0	0	29467559	0	0	29467559	0	0	40.77.167.41
5	1	0	0	0	29441112	0	0	29441112	0	0	271	52.167.144.25
5	0	0	2	0	0	29448183	0	0	29447418	0	0	43.135.185.59
5	1	0	0	0	29443731	0	0	29443731	0	0	971	193.142.147.57
5	0	0	1	0	0	29471164	0	0	29471164	0	0	43.157.38.228
5	0	0	1	0	0	29459286	0	0	29459286	0	0	40.77.167.38
5	0	0	1	0	0	29449636	0	0	29449636	0	0	74.7.228.2
5	0	0	1	0	0	29460629	0	0	29460629	0	0	120.71.59.24
5	0	0	128	398	0	29441759	29441759	0	29441759	29441757	0	149.88.106.136
5	0	0	1	0	0	29460730	0	0	29460730	0	0	40.77.167.33
5	0	0	2	0	0	29467345	0	0	29467345	0	0	199.16.157.183
5	0	0	1	0	0	29442208	0	0	29442208	0	0	206.168.34.41
5	0	0	2	0	0	29471164	0	0	29469072	0	0	158.173.157.93
5	0	0	2	0	0	29467345	0	0	29467345	0	0	199.16.157.182
5	1	0	0	0	29438471	0	0	29438471	0	0	87	3.15.140.39
5	0	0	4	0	0	29467345	0	0	29467345	0	0	199.16.157.181
5	0	0	1	0	0	29441747	0	0	29441747	0	0	45.90.63.194
5	1	1	1	0	29439711	29439711	0	29439711	29439711	0	9610	43.128.67.187
5	0	0	1	0	0	29460967	0	0	29460967	0	0	40.77.167.23
5	0	0	1	0	0	29457933	0	0	29457933	0	0	40.77.167.22
5	0	0	0	1	0	0	29466121	0	0	29466121	0	216.26.239.251
5	0	0	0	2	0	0	29438930	0	0	29438930	0	45.90.63.182
5	0	0	53	1	0	29470044	29470043	0	29470043	29470043	0	4.197.236.122
5	4	2	0	0	29439460	0	0	29439460	0	0	724974	205.169.39.200
5	0	0	2	1	0	29441999	29441999	0	29441999	29441999	0	35.240.169.249
5	0	0	3	0	0	29449147	0	0	29449142	0	0	209.38.113.189
5	0	0	1	0	0	29443919	0	0	29443919	0	0	34.138.210.158
5	0	0	4	0	0	29452273	0	0	29448504	0	0	94.130.238.229
5	0	0	1	0	0	29463029	0	0	29463029	0	0	69.167.30.18
5	0	0	1	0	0	29454709	0	0	29454709	0	0	208.65.90.3
5	0	0	1	0	0	29464031	0	0	29464031	0	0	31.13.115.7
5	0	0	1	0	0	29442168	0	0	29442168	0	0	43.130.34.74
5	0	0	1	0	0	29471250	0	0	29471250	0	0	110.166.71.39
5	1	1	1	0	29439494	29453563	0	29439494	29453563	0	9537	223.15.245.170
5	0	0	1	0	0	29467621	0	0	29467621	0	0	35.233.94.99
5	0	0	1	0	0	29464005	0	0	29464005	0	0	104.28.198.33
5	0	0	1	0	0	29440959	0	0	29440959	0	0	44.218.6.122
5	0	0	1	0	0	29458209	0	0	29458209	0	0	43.157.98.187
5	3	3	0	2	29438472	0	29438472	29438472	0	29438472	2730	65.87.7.112
5	0	0	0	1	0	0	29439721	0	0	29439721	0	43.135.135.57
5	0	0	1	0	0	29457922	0	0	29457922	0	0	64.23.172.83
5	0	0	3	0	0	29461784	0	0	29460918	0	0	20.191.45.212
5	3	2	1	2	29439122	29439122	29439122	29439122	29439122	29439122	103282	181.177.84.113
5	3	3	3	0	29439396	29439396	0	29439396	29439396	0	111036	188.130.220.116
5	0	0	1	0	0	29468538	0	0	29468538	0	0	188.130.129.52
5	0	0	1	0	0	29464684	0	0	29464684	0	0	173.201.188.207
5	0	0	1	0	0	29462380	0	0	29462380	0	0	203.188.168.20
5	0	0	1	0	0	29462709	0	0	29462709	0	0	207.46.13.78
5	0	0	1	0	0	29462261	0	0	29462261	0	0	203.188.168.18
5	0	0	2	0	0	29457604	0	0	29442866	0	0	43.166.136.24
5	1	0	0	0	29438471	0	0	29438471	0	0	87	18.142.184.49
5	0	0	2	1	0	29470156	29439002	0	29466739	29439002	0	46.8.107.231
5	0	0	1	0	0	29470453	0	0	29470453	0	0	66.102.9.70
5	0	0	51	0	0	29452007	0	0	29452006	0	0	4.217.250.2
5	0	0	1	0	0	29442422	0	0	29442422	0	0	170.106.143.6
5	0	0	1	0	0	29451116	0	0	29451116	0	0	43.155.140.157
5	0	0	1	0	0	29469953	0	0	29469953	0	0	104.28.240.85
5	0	0	2	0	0	29467404	0	0	29467403	0	0	17.22.237.108
5	0	0	2	1	0	29466903	29438996	0	29454541	29438996	0	43.164.195.17
5	1	0	3	0	29440691	29466402	0	29440691	29466059	0	971	104.28.240.84
5	0	0	1	0	0	29454989	0	0	29454989	0	0	193.233.30.196
5	0	0	3	2	0	29464801	29443656	0	29454338	29441111	0	87.121.84.125
5	0	0	0	1	0	0	29464932	0	0	29464932	0	216.26.240.195
5	0	0	2	0	0	29452423	0	0	29452423	0	0	167.71.9.240
5	0	0	2	0	0	29448993	0	0	29448992	0	0	205.169.39.145
5	0	0	1	0	0	29452706	0	0	29452706	0	0	160.225.165.35
5	3	3	0	34	29438473	0	29438473	29438472	0	29438472	3429	64.23.218.208
5	0	0	0	1	0	0	29442343	0	0	29442343	0	157.173.110.179
5	0	0	0	1	0	0	29447502	0	0	29447502	0	194.38.22.4
5	0	0	1	0	0	29440950	0	0	29440950	0	0	44.255.40.125
5	0	0	1	0	0	29458729	0	0	29458729	0	0	43.130.78.203
5	1	0	0	0	29438471	0	0	29438471	0	0	87	23.178.112.213
5	0	0	3	0	0	29470064	0	0	29457986	0	0	87.121.84.115
5	3	3	4	0	29439937	29469568	0	29439937	29439937	0	111558	109.248.15.152
5	0	0	2	0	0	29466573	0	0	29460983	0	0	198.8.84.3
5	0	0	0	48	0	0	29446205	0	0	29446204	0	4.197.155.135
5	0	0	1	0	0	29444521	0	0	29444521	0	0	44.248.63.62
5	1	0	0	1	29440020	0	29443578	29440020	0	29443578	35759	87.121.84.105
5	0	0	1	0	0	29451448	0	0	29451448	0	0	88.218.219.14
5	0	0	2	0	0	29440991	0	0	29440990	0	0	205.169.39.125
5	1	1	0	0	29439473	0	0	29439473	0	0	9537	8.129.70.53
5	0	0	1	0	0	29449781	0	0	29449781	0	0	66.249.66.199
5	0	0	2	0	0	29467050	0	0	29463984	0	0	203.2.64.59
5	0	0	12	0	0	29449980	0	0	29448954	0	0	162.55.217.135
5	1	0	7	1	29438988	29464638	29440398	29438988	29442738	29440398	24	66.249.66.204
5	0	0	1	0	0	29466053	0	0	29466053	0	0	66.23.227.62
5	0	0	0	96	0	0	29446299	0	0	29446299	0	52.169.119.118
5	0	0	1	1	0	29450033	29448883	0	29450033	29448883	0	66.249.66.203
5	1	1	7	1	29439159	29468876	29443225	29439159	29448883	29443225	7819	66.249.66.192
5	0	0	1	0	0	29441398	0	0	29441398	0	0	49.234.192.248
5	0	0	1	0	0	29451413	0	0	29451413	0	0	134.122.44.163
5	0	0	1	0	0	29451239	0	0	29451239	0	0	64.23.247.21
5	0	0	1	0	0	29447523	0	0	29447523	0	0	43.166.242.189
5	0	0	2	0	0	29449757	0	0	29449757	0	0	89.104.100.69
5	0	0	80	0	0	29470377	0	0	29470376	0	0	4.217.235.139
5	0	0	1	0	0	29451003	0	0	29451003	0	0	43.159.149.216
5	0	0	2	0	0	29456487	0	0	29456487	0	0	51.68.107.161
5	0	0	2	0	0	29456822	0	0	29454164	0	0	43.133.220.37
5	0	0	1	0	0	29466940	0	0	29466940	0	0	136.144.35.69
5	0	0	0	51	0	0	29447794	0	0	29447794	0	4.194.184.64
5	1	1	1	0	29440279	29441806	0	29440279	29441806	0	9471	119.96.24.54
5	0	0	1	0	0	29442842	0	0	29442842	0	0	149.56.150.36
5	0	0	0	1	0	0	29438856	0	0	29438856	0	188.130.221.24
5	0	0	1	1	0	29461656	29438674	0	29461656	29438674	0	43.157.82.252
5	1	1	0	2	29439827	0	29439830	29439827	0	29439830	9618	88.217.180.92
5	0	0	2	0	0	29454793	0	0	29448417	0	0	173.252.82.26
5	0	0	0	1	0	0	29440647	0	0	29440647	0	157.173.115.74
5	0	0	2	0	0	29451745	0	0	29451745	0	0	51.68.107.149
5	0	0	1	0	0	29464255	0	0	29464255	0	0	173.252.82.22
5	0	0	1	0	0	29444860	0	0	29444860	0	0	43.135.182.95
5	0	0	1	0	0	29452444	0	0	29452444	0	0	43.130.150.80
5	0	0	1	0	0	29456133	0	0	29456133	0	0	43.130.57.46
5	0	0	51	1	0	29465124	29465124	0	29465123	29465124	0	4.213.168.151
5	1	1	0	0	29440316	0	0	29440316	0	0	34404	173.252.82.19
5	0	0	2	0	0	29457376	0	0	29457376	0	0	51.68.107.146
5	2	1	0	0	29439620	0	0	29438683	0	0	8003	43.158.91.71
5	0	0	173	0	0	29459104	0	0	29459100	0	0	4.189.105.73
5	0	0	3	0	0	29469101	0	0	29456010	0	0	66.249.66.167
5	0	0	2	0	0	29464625	0	0	29450713	0	0	43.152.72.247
5	1	1	0	0	29440171	0	0	29440171	0	0	9297	43.135.133.194
5	0	0	1	0	0	29455697	0	0	29455697	0	0	149.102.234.28
5	0	0	1	1	0	29450477	29441808	0	29450477	29441808	0	66.249.66.166
5	0	0	1	0	0	29462682	0	0	29462682	0	0	43.130.3.122
5	1	0	3	0	29439159	29468876	0	29439159	29454582	0	163820	66.249.66.165
5	0	0	1	0	0	29457489	0	0	29457489	0	0	173.252.82.13
5	0	0	1	0	0	29453884	0	0	29453884	0	0	43.166.136.202
5	0	0	2	0	0	29467643	0	0	29467643	0	0	51.68.107.139
5	0	0	2	0	0	29471393	0	0	29460194	0	0	173.252.82.12
5	0	0	1	0	0	29442558	0	0	29442558	0	0	43.130.3.120
5	0	0	1	0	0	29446741	0	0	29446741	0	0	66.249.66.72
5	0	0	1	0	0	29442738	0	0	29442738	0	0	66.249.66.71
5	1	1	4	0	29439166	29462283	0	29439166	29444637	0	7818	66.249.66.69
5	0	0	7	1	0	29466056	29439166	0	29446047	29439166	0	66.249.66.70
5	0	0	1	0	0	29470552	0	0	29470552	0	0	4.194.89.110
5	0	0	1	0	0	29462865	0	0	29462865	0	0	199.45.154.142
5	0	0	0	1	0	0	29439002	0	0	29439002	0	46.8.22.14
5	0	0	1	0	0	29464398	0	0	29464398	0	0	2.58.56.18
5	0	0	1	0	0	29446651	0	0	29446651	0	0	192.36.109.102
5	1	1	0	0	29440163	0	0	29440163	0	0	9299	88.0.91.251
5	0	0	1	0	0	29450303	0	0	29450303	0	0	129.226.174.80
5	0	0	1	0	0	29445793	0	0	29445793	0	0	49.51.243.156
5	0	0	1	0	0	29442550	0	0	29442550	0	0	1.15.52.154
5	0	0	1	0	0	29452423	0	0	29452423	0	0	199.45.154.134
5	0	0	1	0	0	29451405	0	0	29451405	0	0	176.53.221.200
5	0	0	0	1	0	0	29438670	0	0	29438670	0	104.210.140.139
5	0	0	1	0	0	29441251	0	0	29441251	0	0	169.150.196.36
5	1	0	0	0	29440316	0	0	29440316	0	0	69349	31.13.127.23
5	0	0	1	0	0	29459051	0	0	29459051	0	0	43.135.138.128
5	0	0	2	0	0	29461039	0	0	29461039	0	0	207.154.253.52
5	0	0	1	0	0	29465463	0	0	29465463	0	0	43.130.32.245
5	0	0	1	0	0	29456461	0	0	29456461	0	0	112.35.70.141
5	0	0	2	0	0	29453283	0	0	29444463	0	0	43.155.188.157
5	0	0	0	1	0	0	29438856	0	0	29438856	0	92.119.193.14
5	0	0	1	0	0	29464031	0	0	29464031	0	0	31.13.127.13
5	1	1	2	0	29439827	29466056	0	29439827	29457251	0	7893	66.249.66.43
5	0	0	1	0	0	29463406	0	0	29463406	0	0	173.239.211.143
5	1	0	4	0	29439166	29470286	0	29439166	29443706	0	0	66.249.66.42
5	1	0	1	1	29439166	29450477	29447463	29439166	29450477	29447463	163820	66.249.66.41
5	0	0	1	0	0	29451186	0	0	29451186	0	0	209.38.143.33
5	1	1	0	0	29440316	0	0	29440316	0	0	34404	69.63.189.8
5	0	0	1	0	0	29443272	0	0	29443272	0	0	84.32.41.136
5	0	0	2	0	0	29455324	0	0	29441704	0	0	43.166.136.153
5	1	0	1	0	29439641	29446649	0	29439641	29446649	0	7732	43.157.148.38
5	0	0	1	0	0	29455457	0	0	29455457	0	0	43.135.182.43
5	0	0	1	0	0	29464849	0	0	29464849	0	0	45.3.38.46
5	0	0	2	0	0	29461221	0	0	29461221	0	0	149.102.233.152
5	0	0	1	0	0	29456130	0	0	29456130	0	0	173.252.70.114
5	0	0	1	0	0	29442842	0	0	29442842	0	0	144.217.135.136
5	0	0	1	0	0	29444967	0	0	29444967	0	0	43.165.67.57
5	0	0	1	0	0	29467332	0	0	29467332	0	0	31.13.127.9
5	0	0	2	0	0	29450279	0	0	29450279	0	0	14.194.11.238
5	0	0	7	7	0	29448466	29448466	0	29448466	29448466	0	144.91.121.200
5	0	0	2	0	0	29469542	0	0	29449622	0	0	91.224.92.182
5	1	0	2	2	29439159	29467466	29446047	29439159	29464393	29444637	0	66.249.66.8
5	0	0	56	0	0	29464686	0	0	29464685	0	0	89.108.117.128
5	0	0	4	0	0	29460422	0	0	29441069	0	0	66.249.66.7
5	1	1	4	1	29439514	29469026	29438988	29439514	29441069	29438988	7817	66.249.66.6
5	0	0	1	0	0	29452583	0	0	29452583	0	0	43.159.138.217
5	0	0	0	33	0	0	29442209	0	0	29442209	0	4.194.67.230
5	0	0	0	1	0	0	29447320	0	0	29447320	0	154.83.194.97
5	0	0	0	2	0	0	29444833	0	0	29444593	0	142.111.146.31
5	0	0	2	0	0	29452013	0	0	29451686	0	0	149.102.233.134
5	0	0	1	0	0	29454623	0	0	29454623	0	0	49.51.233.95
5	0	0	1	0	0	29452484	0	0	29452484	0	0	94.158.190.173
5	0	0	1	0	0	29459850	0	0	29459850	0	0	193.37.32.129
5	0	0	1	0	0	29460797	0	0	29460797	0	0	46.203.8.207
5	0	0	0	2	0	0	29438969	0	0	29438969	0	176.53.221.12
5	0	0	1	0	0	29469126	0	0	29469126	0	0	165.227.67.190
5	0	0	0	1	0	0	29438793	0	0	29438793	0	192.175.111.243
5	0	0	1	0	0	29441356	0	0	29441356	0	0	176.53.221.135
5	0	0	2	0	0	29453295	0	0	29453295	0	0	46.101.0.250
5	0	0	0	1	0	0	29438793	0	0	29438793	0	192.175.111.238
5	0	0	1	0	0	29446192	0	0	29446192	0	0	43.156.228.27
5	0	0	1	0	0	29466412	0	0	29466412	0	0	37.19.221.23
5	2	0	0	0	29447145	0	0	29439158	0	0	1942	62.60.130.210
5	0	0	0	1	0	0	29438793	0	0	29438793	0	192.175.111.234
5	0	0	2	0	0	29467345	0	0	29467345	0	0	17.246.19.95
5	1	0	3	0	29439681	29471215	0	29439681	29447344	0	7692	43.130.100.35
5	0	0	2	0	0	29440944	0	0	29440944	0	0	167.172.61.166
5	25	7	8	5	29439180	29439180	29439179	29439139	29439175	29439139	845635	223.123.5.233
5	0	0	1	0	0	29440849	0	0	29440849	0	0	151.115.90.235
5	0	0	0	1	0	0	29438793	0	0	29438793	0	192.175.111.228
5	1	1	0	0	29438714	0	0	29438714	0	0	700	43.165.65.180
5	0	0	1	0	0	29452659	0	0	29452659	0	0	223.123.23.221
5	1	1	3	0	29439871	29460236	0	29439871	29448674	0	9619	117.62.235.53
5	0	0	0	96	0	0	29446722	0	0	29446722	0	52.169.163.135
5	0	0	3	0	0	29466407	0	0	29466407	0	0	216.73.160.44
5	0	0	1	0	0	29451574	0	0	29451574	0	0	192.71.225.127
5	0	0	1	0	0	29449976	0	0	29449976	0	0	154.193.153.186
5	0	0	1	0	0	29468154	0	0	29468154	0	0	130.193.15.186
5	0	0	0	1	0	0	29443436	0	0	29443436	0	45.86.202.236
5	1	1	1	0	29440194	29440194	0	29440194	29440194	0	9298	43.157.172.39
5	0	0	0	1	0	0	29438864	0	0	29438864	0	45.86.202.232
5	0	0	209	1	0	29452727	29452727	0	29452725	29452727	0	172.190.142.176
5	0	0	1	0	0	29463470	0	0	29463470	0	0	198.235.24.249
5	0	0	1	0	0	29443436	0	0	29443436	0	0	45.86.202.229
5	0	0	1	0	0	29443436	0	0	29443436	0	0	45.86.202.230
5	0	0	2	0	0	29467841	0	0	29443335	0	0	192.144.148.122
5	0	0	1	0	0	29453437	0	0	29453437	0	0	13.218.32.181
5	0	0	1	0	0	29457057	0	0	29457057	0	0	209.50.173.72
5	0	0	1	0	0	29443202	0	0	29443202	0	0	43.135.36.201
5	0	0	2	0	0	29461006	0	0	29442876	0	0	185.39.19.97
5	0	0	1	0	0	29441871	0	0	29441871	0	0	188.166.220.109
5	0	0	1	0	0	29465471	0	0	29465471	0	0	173.252.87.6
5	0	0	54	1	0	29450593	29450592	0	29450592	29450592	0	4.189.144.54
5	0	0	0	1	0	0	29439671	0	0	29439671	0	43.130.31.17
5	0	0	1	0	0	29457269	0	0	29457269	0	0	198.235.24.228
5	0	0	1	0	0	29467403	0	0	29467403	0	0	144.76.22.19
5	0	0	2	0	0	29451654	0	0	29451654	0	0	54.86.66.252
5	0	0	1	0	0	29451108	0	0	29451108	0	0	62.109.145.13
5	0	0	1	0	0	29442699	0	0	29442699	0	0	160.224.46.16
5	0	0	1	0	0	29455523	0	0	29455523	0	0	35.88.18.86
5	0	0	1	0	0	29466210	0	0	29466210	0	0	223.123.0.226
5	0	0	1	0	0	29460044	0	0	29460044	0	0	104.234.140.146
5	0	0	1	0	0	29466642	0	0	29466642	0	0	173.239.218.222
5	0	0	0	1	0	0	29446940	0	0	29446940	0	89.38.107.129
5	0	0	1	0	0	29466642	0	0	29466642	0	0	173.239.218.220
5	0	0	2	0	0	29457099	0	0	29444042	0	0	43.166.244.251
5	0	0	1	0	0	29466642	0	0	29466642	0	0	173.239.218.214
5	4	4	5	2	29439426	29457219	29440085	29438557	29441372	29438976	20217	62.113.113.43
5	0	0	1	0	0	29441406	0	0	29441406	0	0	43.157.46.118
5	0	0	2	0	0	29466513	0	0	29442090	0	0	170.106.148.137
5	1	1	1	0	29439126	29456763	0	29439126	29456763	0	9290	43.153.47.201
5	0	0	1	0	0	29454344	0	0	29454344	0	0	185.181.244.220
5	0	0	0	1	0	0	29440551	0	0	29440551	0	159.223.121.218
5	0	0	1	0	0	29459445	0	0	29459445	0	0	72.49.49.11
5	0	0	1	0	0	29470351	0	0	29470351	0	0	43.157.22.57
5	0	0	1	0	0	29449976	0	0	29449976	0	0	156.239.193.193
5	0	0	3	0	0	29469096	0	0	29465055	0	0	185.39.19.49
5	0	0	1	0	0	29462429	0	0	29462429	0	0	57.141.20.5
5	0	0	1	0	0	29469655	0	0	29469655	0	0	185.39.19.48
5	0	0	2	0	0	29451550	0	0	29451013	0	0	185.39.19.47
5	0	0	3	0	0	29468670	0	0	29443916	0	0	57.141.20.3
5	0	0	1	0	0	29460122	0	0	29460122	0	0	198.235.24.184
5	0	0	0	1	0	0	29466121	0	0	29466121	0	65.111.0.126
5	0	0	4	0	0	29463633	0	0	29460771	0	0	51.68.236.93
5	0	0	1	0	0	29461081	0	0	29461081	0	0	185.39.19.43
5	0	0	2	0	0	29448345	0	0	29448345	0	0	51.68.236.92
5	0	0	12	0	0	29456836	0	0	29446755	0	0	45.86.1.106
5	0	0	2	0	0	29447503	0	0	29446681	0	0	43.156.202.34
5	0	0	1	0	0	29443779	0	0	29443779	0	0	139.59.177.211
5	0	0	2	0	0	29467403	0	0	29467403	0	0	17.241.227.190
5	0	0	2	0	0	29461735	0	0	29440580	0	0	170.106.167.214
5	0	0	1	0	0	29454388	0	0	29454388	0	0	46.8.23.212
5	0	0	1	0	0	29466121	0	0	29466121	0	0	216.26.247.139
5	0	0	1	0	0	29466514	0	0	29466514	0	0	185.39.19.34
5	0	0	1	0	0	29469958	0	0	29469958	0	0	198.235.24.171
5	0	0	1	0	0	29441017	0	0	29441017	0	0	122.51.236.174
5	1	0	0	0	29439451	0	0	29439451	0	0	163820	185.247.137.121
5	0	0	1	0	0	29461472	0	0	29461472	0	0	192.121.146.24
5	0	0	1	0	0	29440682	0	0	29440682	0	0	43.153.123.3
5	0	0	1	0	0	29443324	0	0	29443324	0	0	43.130.131.18
5	0	0	1	0	0	29460380	0	0	29460380	0	0	114.119.151.1
5	0	0	1	0	0	29464057	0	0	29464057	0	0	64.23.251.189
5	0	0	1	0	0	29452061	0	0	29452061	0	0	182.44.12.37
5	1	1	2	0	29440098	29469728	0	29440098	29440098	0	9340	43.166.255.122
5	0	0	1	0	0	29467956	0	0	29467956	0	0	17.241.227.177
5	0	0	2	2	0	29458423	29440112	0	29440112	29440112	0	103.151.52.52
5	0	0	2	0	0	29471364	0	0	29471364	0	0	51.68.236.72
5	0	0	1	1	0	29443023	29440205	0	29443023	29440205	0	170.106.72.178
5	0	0	1	0	0	29459116	0	0	29459116	0	0	198.235.24.155
5	0	0	1	0	0	29457096	0	0	29457096	0	0	159.138.20.62
5	0	0	2	0	0	29470398	0	0	29470258	0	0	223.123.12.40
5	0	0	1	0	0	29456509	0	0	29456509	0	0	3.20.205.215
5	0	0	2	0	0	29455305	0	0	29455305	0	0	68.183.3.160
5	1	1	0	0	29438704	0	0	29438704	0	0	702	43.153.135.208
5	0	0	1	0	0	29451116	0	0	29451116	0	0	212.192.192.42
5	0	0	0	1	0	0	29440122	0	0	29440122	0	43.166.244.192
5	0	0	3	0	0	29469567	0	0	29445866	0	0	145.220.91.19
5	0	0	1	0	0	29449754	0	0	29449754	0	0	43.130.39.254
5	0	0	2	0	0	29470883	0	0	29457665	0	0	175.6.217.4
5	0	0	2	0	0	29449620	0	0	29449620	0	0	138.68.171.131
5	0	0	1	0	0	29466847	0	0	29466847	0	0	43.130.154.56
5	0	0	2	0	0	29456169	0	0	29455047	0	0	114.96.103.33
5	0	0	1	0	0	29471128	0	0	29471128	0	0	43.159.144.16
5	0	0	2	0	0	29465529	0	0	29465529	0	0	51.68.236.59
5	1	1	0	0	29438515	0	0	29438515	0	0	699	45.90.60.137
5	0	0	1	0	0	29450404	0	0	29450404	0	0	43.166.255.102
5	0	0	2	0	0	29459861	0	0	29450922	0	0	111.172.249.49
5	0	0	93	0	0	29465125	0	0	29465124	0	0	4.194.138.63
5	0	0	2	1	0	29447007	29447007	0	29447007	29447007	0	69.61.200.104
5	1	0	1	0	29439169	29451417	0	29439169	29451417	0	10116	43.167.236.228
5	0	0	1	0	0	29468154	0	0	29468154	0	0	194.15.113.118
5	1	1	2	0	29439208	29443632	0	29439208	29439208	0	9535	43.153.96.233
5	0	0	2	0	0	29457412	0	0	29443802	0	0	43.130.12.43
5	0	0	10	0	0	29467304	0	0	29450023	0	0	5.75.208.253
5	1	1	0	0	29438595	0	0	29438595	0	0	701	43.165.135.242
5	0	0	1	0	0	29444592	0	0	29444592	0	0	176.53.223.212
5	0	0	1	0	0	29450045	0	0	29450045	0	0	144.172.107.223
5	0	0	1	0	0	29464669	0	0	29464669	0	0	54.226.166.214
5	0	0	1	0	0	29442419	0	0	29442419	0	0	54.234.251.237
5	1	0	4	0	29439250	29460960	0	29439250	29449623	0	7296	170.106.192.208
5	0	0	1	0	0	29440522	0	0	29440522	0	0	176.53.217.247
5	0	0	2	0	0	29443718	0	0	29442122	0	0	43.135.211.148
5	0	0	1	0	0	29451506	0	0	29451506	0	0	43.156.204.134
5	0	0	0	1	0	0	29468813	0	0	29468813	0	104.207.51.120
5	0	0	1	0	0	29466993	0	0	29466993	0	0	43.166.1.243
5	0	0	7	1	0	29470805	29439884	0	29445562	29439884	0	34.122.147.229
5	0	0	3	0	0	29464680	0	0	29464680	0	0	52.23.230.136
5	0	0	1	0	0	29469160	0	0	29469160	0	0	157.90.212.78
5	0	0	1	0	0	29468155	0	0	29468155	0	0	82.102.17.189
5	0	0	0	1	0	0	29442075	0	0	29442075	0	216.126.236.55
5	0	0	2	0	0	29443132	0	0	29443131	0	0	205.169.39.83
5	2	0	0	149	29440252	0	29440253	29440252	0	29440252	3372	52.175.48.139
5	0	0	2	1	0	29442833	29442833	0	29442833	29442833	0	31.6.17.19
5	3	1	0	0	29439209	0	0	29439209	0	0	717155	82.102.17.186
5	0	0	2	0	0	29459501	0	0	29454289	0	0	60.188.57.0
5	0	0	1	0	0	29450004	0	0	29450004	0	0	31.6.11.7
5	0	0	1	0	0	29465638	0	0	29465638	0	0	192.71.12.156
5	2	0	1	138	29447623	29447623	29447624	29447623	29447623	29447623	3372	4.194.217.193
5	0	0	2	1	0	29441864	29441864	0	29441864	29441864	0	31.6.17.15
5	0	0	1	0	0	29460061	0	0	29460061	0	0	43.133.69.37
5	0	0	1	0	0	29461853	0	0	29461853	0	0	100.27.153.9
5	0	0	2	0	0	29469381	0	0	29463369	0	0	43.157.168.43
5	0	0	1	0	0	29467536	0	0	29467536	0	0	198.235.24.96
5	0	0	67	0	0	29453654	0	0	29453654	0	0	4.213.160.187
5	0	0	1	0	0	29452261	0	0	29452261	0	0	43.135.130.202
5	0	0	1	0	0	29466616	0	0	29466616	0	0	43.157.181.189
5	0	0	1	0	0	29442429	0	0	29442429	0	0	62.210.222.131
5	0	0	1	0	0	29444643	0	0	29444643	0	0	170.106.163.48
5	0	0	1	0	0	29464932	0	0	29464932	0	0	65.111.2.242
5	0	0	1	0	0	29447159	0	0	29447159	0	0	69.58.2.189
5	0	0	1	1	0	29463363	29438882	0	29463363	29438882	0	43.155.162.41
5	0	0	1	0	0	29446841	0	0	29446841	0	0	205.169.39.57
5	0	0	0	4	0	0	29438715	0	0	29438685	0	159.65.224.166
5	0	0	2	1	0	29447135	29447135	0	29447135	29447135	0	128.90.108.27
5	0	0	2	0	0	29466857	0	0	29466857	0	0	138.68.103.62
5	70	46	0	499	29439154	0	29439154	29439154	0	29439154	406536	120.79.231.75
5	0	0	1	0	0	29448992	0	0	29448992	0	0	205.169.39.53
5	1	1	0	0	29439542	0	0	29439542	0	0	9540	170.106.197.109
5	0	0	0	1	0	0	29438885	0	0	29438885	0	77.237.234.249
5	0	0	1	0	0	29459138	0	0	29459138	0	0	103.161.171.228
5	0	0	1	0	0	29443947	0	0	29443947	0	0	24.37.120.42
5	0	0	6	0	0	29449991	0	0	29448954	0	0	49.12.205.98
5	1	0	0	0	29439612	0	0	29439612	0	0	543798	205.169.39.48
5	0	0	2	1	0	29447549	29447549	0	29447549	29447549	0	46.8.223.248
5	0	0	1	0	0	29459702	0	0	29459702	0	0	162.62.132.25
5	0	0	1	0	0	29444580	0	0	29444580	0	0	34.26.248.126
5	0	0	3	0	0	29464180	0	0	29464180	0	0	3.144.244.232
5	0	0	1	0	0	29464245	0	0	29464245	0	0	43.164.197.177
5	0	0	1	0	0	29462063	0	0	29462063	0	0	181.215.182.230
5	0	0	1	0	0	29446510	0	0	29446510	0	0	45.8.19.15
5	0	0	1	0	0	29465754	0	0	29465754	0	0	43.133.187.11
5	0	0	2	0	0	29458254	0	0	29458254	0	0	146.190.231.154
5	0	0	1	0	0	29459790	0	0	29459790	0	0	177.190.227.241
5	0	0	2	0	0	29467345	0	0	29467345	0	0	192.133.77.18
5	0	0	1	0	0	29471019	0	0	29471019	0	0	35.0.127.52
5	0	0	2	0	0	29467345	0	0	29467345	0	0	192.133.77.16
5	0	0	1	0	0	29460697	0	0	29460697	0	0	64.140.128.130
5	0	0	11	3	0	29468385	29448368	0	29443483	29443654	0	192.178.4.104
5	0	0	1	0	0	29443131	0	0	29443131	0	0	205.169.39.28
5	0	0	12	0	0	29469795	0	0	29446359	0	0	192.178.4.103
5	0	0	16	1	0	29471205	29445180	0	29446743	29445180	0	192.178.4.102
5	0	0	1	0	0	29468813	0	0	29468813	0	0	216.26.226.14
5	0	0	1	0	0	29456509	0	0	29456509	0	0	18.220.104.22
5	0	0	0	1	0	0	29464699	0	0	29464699	0	104.207.34.170
5	0	0	0	1	0	0	29439884	0	0	29439884	0	205.169.39.20
5	0	0	2	0	0	29452687	0	0	29452687	0	0	61.79.198.56
5	0	0	1	0	0	29459914	0	0	29459914	0	0	165.227.75.125
5	0	0	1	0	0	29456219	0	0	29456219	0	0	49.51.39.209
5	3	1	0	0	29439460	0	0	29439460	0	0	717154	205.169.39.16
5	0	0	1	0	0	29453066	0	0	29453066	0	0	43.133.253.253
5	0	0	1	0	0	29454579	0	0	29454579	0	0	114.119.156.85
5	0	0	1	0	0	29454392	0	0	29454392	0	0	205.169.39.15
5	0	0	1	0	0	29447693	0	0	29447693	0	0	114.119.159.152
5	0	0	1	0	0	29461852	0	0	29461852	0	0	34.225.24.180
5	0	0	1	0	0	29441090	0	0	29441090	0	0	205.169.39.13
5	0	0	1	0	0	29465885	0	0	29465885	0	0	148.113.130.233
5	0	0	2	0	0	29466900	0	0	29466900	0	0	61.79.198.49
5	0	0	2	0	0	29462441	0	0	29462441	0	0	198.44.136.252
5	0	0	1	0	0	29469784	0	0	29469784	0	0	43.153.36.110
5	0	0	1	0	0	29441783	0	0	29441783	0	0	45.90.62.242
5	0	0	2	0	0	29451525	0	0	29451524	0	0	89.104.101.62
5	0	0	1	0	0	29460135	0	0	29460135	0	0	181.215.182.182
5	0	0	1	0	0	29457824	0	0	29457824	0	0	161.115.235.141
5	0	0	1	0	0	29457748	0	0	29457748	0	0	207.246.90.71
5	2	1	10	1	29439611	29470763	29439884	29439611	29441063	29439884	173354	104.197.69.115
5	0	0	1	0	0	29454345	0	0	29454345	0	0	45.90.62.234
5	0	0	4	0	0	29468441	0	0	29466676	0	0	46.105.40.140
5	0	0	1	0	0	29458777	0	0	29458777	0	0	154.81.43.185
5	4	2	1	1	29439188	29439188	29439188	29439188	29439188	29439188	22025	34.1.16.107
5	0	0	1	0	0	29449636	0	0	29449636	0	0	74.7.227.28
5	1	0	0	0	29442749	0	0	29442749	0	0	971	5.189.187.80
5	0	0	1	0	0	29453359	0	0	29453359	0	0	43.159.135.203
5	0	0	1	0	0	29461084	0	0	29461084	0	0	101.33.81.73
5	0	0	10	0	0	29461201	0	0	29461201	0	0	52.169.124.184
5	1	1	0	0	29438615	0	0	29438615	0	0	706	119.28.140.106
5	0	0	1	0	0	29456201	0	0	29456201	0	0	223.123.1.90
5	0	0	1	0	0	29449558	0	0	29449558	0	0	62.113.117.27
5	0	0	1	0	0	29440923	0	0	29440923	0	0	43.135.183.82
5	0	0	1	0	0	29461344	0	0	29461344	0	0	68.183.49.222
5	0	0	1	0	0	29464945	0	0	29464945	0	0	205.210.31.86
5	1	0	2	0	29440515	29440515	0	29440515	29440515	0	8545	161.115.235.119
5	0	0	1	0	0	29464152	0	0	29464152	0	0	170.106.181.163
5	0	0	1	0	0	29456569	0	0	29456569	0	0	205.169.39.7
5	0	0	1	0	0	29470565	0	0	29470565	0	0	161.115.235.116
5	0	0	1	0	0	29464769	0	0	29464769	0	0	205.169.39.5
5	2	1	0	0	29440199	0	0	29440199	0	0	78649	205.169.39.3
5	0	0	1	0	0	29444207	0	0	29444207	0	0	52.5.242.243
5	1	0	0	0	29439612	0	0	29439612	0	0	163820	205.169.39.2
5	0	0	1	0	0	29464566	0	0	29464566	0	0	213.232.235.84
5	1	1	0	0	29438563	0	0	29438563	0	0	699	176.53.222.60
5	0	0	1	0	0	29442213	0	0	29442213	0	0	181.214.218.193
5	0	0	1	0	0	29466885	0	0	29466885	0	0	188.130.137.228
5	2	1	0	0	29439209	0	0	29439209	0	0	16122	161.115.235.101
5	0	0	0	1	0	0	29468813	0	0	29468813	0	104.207.34.114
5	0	0	1	0	0	29443770	0	0	29443770	0	0	146.70.184.111
5	0	0	4	0	0	29464497	0	0	29454608	0	0	176.36.146.80
5	0	0	1	0	0	29464877	0	0	29464877	0	0	103.125.146.116
5	0	0	1	0	0	29450951	0	0	29450951	0	0	167.172.77.0
5	1	1	1	0	29438549	29453754	0	29438549	29453754	0	702	43.157.175.122
5	0	0	1	0	0	29467046	0	0	29467046	0	0	64.177.81.237
5	0	0	1	0	0	29469679	0	0	29469679	0	0	101.199.254.239
5	0	0	1	0	0	29440578	0	0	29440578	0	0	89.104.101.12
5	0	0	2	0	0	29443854	0	0	29443854	0	0	142.93.71.241
5	0	0	1	0	0	29464877	0	0	29464877	0	0	103.125.146.110
5	1	1	2	0	29438562	29461273	0	29438562	29448826	0	706	43.157.43.147
5	0	0	2	0	0	29468291	0	0	29460484	0	0	170.106.160.90
5	0	0	1	0	0	29469679	0	0	29469679	0	0	101.199.254.232
5	0	0	1	0	0	29468153	0	0	29468153	0	0	93.99.104.18
5	0	0	1	0	0	29447569	0	0	29447569	0	0	113.44.116.24
5	3	0	0	79	29441522	0	29441523	29441520	0	29441519	6659	52.169.148.186
5	0	0	1	0	0	29442206	0	0	29442206	0	0	35.203.175.53
5	0	0	1	0	0	29470928	0	0	29470928	0	0	185.181.246.203
5	0	0	0	1	0	0	29438856	0	0	29438856	0	194.35.113.15
5	1	0	0	0	29440803	0	0	29440803	0	0	971	217.156.123.246
5	0	0	0	1	0	0	29464849	0	0	29464849	0	154.213.160.168
5	0	0	1	0	0	29460898	0	0	29460898	0	0	192.36.109.70
5	0	0	110	0	0	29461792	0	0	29461789	0	0	52.176.217.57
5	1	1	0	0	29440323	0	0	29440323	0	0	9524	43.133.66.51
5	0	0	1	0	0	29461143	0	0	29461143	0	0	170.106.15.3
5	0	0	1	0	0	29453842	0	0	29453842	0	0	43.165.189.110
5	1	1	4	0	29439159	29457436	0	29439159	29439827	0	7820	66.249.71.199
5	0	0	2	0	0	29448738	0	0	29445243	0	0	43.130.102.7
5	1	0	0	0	29439166	0	0	29439166	0	0	543798	66.249.71.198
5	0	0	3	0	0	29470270	0	0	29470270	0	0	212.34.139.201
5	0	0	1	1	0	29456238	29439166	0	29456238	29439166	0	66.249.71.197
5	1	0	0	0	29439933	0	0	29439933	0	0	971	178.128.109.151
5	0	0	1	0	0	29465522	0	0	29465522	0	0	182.44.2.148
5	1	0	9	0	29439611	29470762	0	29439611	29444063	0	543798	34.123.170.104
5	0	0	1	0	0	29457707	0	0	29457707	0	0	181.214.218.150
5	0	0	22	0	0	29463942	0	0	29463844	0	0	167.172.122.140
5	0	0	1	0	0	29456593	0	0	29456593	0	0	103.163.220.239
5	0	0	2	0	0	29469679	0	0	29469678	0	0	101.199.254.206
5	1	1	1	0	29438694	29463075	0	29438694	29463075	0	699	43.157.170.126
5	1	1	5	0	29439269	29463963	0	29439269	29439269	0	9539	43.153.15.51
5	0	0	2	0	0	29440770	0	0	29440611	0	0	50.16.249.26
5	0	0	1	0	0	29469908	0	0	29469908	0	0	43.135.148.92
5	0	0	156	0	0	29453629	0	0	29453628	0	0	40.69.37.190
5	0	0	1	0	0	29440496	0	0	29440496	0	0	43.153.96.79
5	0	0	1	0	0	29456509	0	0	29456509	0	0	54.70.53.60
5	0	0	1	0	0	29460222	0	0	29460222	0	0	158.173.155.53
5	0	0	1	0	0	29462919	0	0	29462919	0	0	173.252.70.8
5	1	0	1	0	29439231	29452186	0	29439231	29452186	0	7680	43.166.246.180
5	0	0	1	0	0	29452537	0	0	29452537	0	0	45.15.73.97
5	0	0	2	0	0	29442433	0	0	29442433	0	0	206.189.17.247
5	0	0	1	0	0	29465611	0	0	29465611	0	0	173.252.70.4
5	0	0	2	0	0	29469834	0	0	29469834	0	0	161.35.185.1
5	0	0	3	0	0	29453178	0	0	29444462	0	0	121.229.185.160
5	0	0	1	0	0	29470453	0	0	29470453	0	0	66.102.7.70
5	0	0	1	0	0	29454723	0	0	29454723	0	0	43.155.157.239
5	0	0	1	0	0	29464818	0	0	29464818	0	0	54.213.135.202
5	0	0	1	0	0	29458967	0	0	29458967	0	0	191.96.150.202
5	0	0	1154	26	0	29458652	29458652	0	29458650	29458650	0	154.47.24.72
5	2	0	4	0	29444081	29463735	0	29441860	29452732	0	1942	77.90.185.245
5	0	0	1	0	0	29451025	0	0	29451025	0	0	43.153.113.127
5	0	0	1	0	0	29469095	0	0	29469095	0	0	192.36.198.80
5	0	0	1	0	0	29459699	0	0	29459699	0	0	170.106.110.146
5	0	0	1	0	0	29468000	0	0	29468000	0	0	135.148.195.15
5	1	1	2	0	29439179	29439179	0	29439179	29439178	0	7820	142.250.32.8
5	2	2	1	0	29439690	29439690	0	29438654	29439690	0	10239	43.157.158.178
5	1	1	0	1	29439178	0	29439179	29439178	0	29439179	7818	142.250.32.7
5	1	0	0	0	29439176	0	0	29439176	0	0	8294	142.250.32.6
5	0	0	0	1	0	0	29439788	0	0	29439788	0	157.173.114.119
5	0	0	2	0	0	29466642	0	0	29466642	0	0	98.159.37.176
5	0	0	1	0	0	29454525	0	0	29454525	0	0	185.11.61.87
5	0	0	4	0	0	29458402	0	0	29458402	0	0	3.250.54.217
5	0	0	0	22	0	0	29440479	0	0	29440471	0	195.178.110.75
5	0	0	1	0	0	29464824	0	0	29464824	0	0	54.213.195.184
5	0	0	1	0	0	29467383	0	0	29467383	0	0	119.28.177.175
5	0	0	1	0	0	29455656	0	0	29455656	0	0	176.53.220.241
5	0	0	3	0	0	29468950	0	0	29456163	0	0	43.159.148.221
5	0	0	0	1	0	0	29466273	0	0	29466273	0	216.26.233.212
5	0	0	1	0	0	29441791	0	0	29441791	0	0	43.128.156.124
5	0	0	1	0	0	29468445	0	0	29468445	0	0	173.239.240.211
5	0	0	1	0	0	29463300	0	0	29463300	0	0	190.2.132.141
5	0	0	1	0	0	29469820	0	0	29469820	0	0	91.92.242.178
5	0	0	0	1	0	0	29439002	0	0	29439002	0	109.248.49.40
5	0	0	1	0	0	29456913	0	0	29456913	0	0	94.26.106.103
5	2	0	0	0	29448289	0	0	29447148	0	0	6157	152.42.241.136
5	0	0	1	0	0	29457970	0	0	29457970	0	0	103.151.52.4
5	0	0	1	0	0	29456651	0	0	29456651	0	0	43.166.129.247
5	0	0	2	0	0	29468712	0	0	29454198	0	0	88.218.64.8
5	0	0	1	0	0	29456775	0	0	29456775	0	0	103.151.52.2
5	0	0	1	0	0	29455382	0	0	29455382	0	0	43.135.172.89
5	0	0	1	0	0	29464849	0	0	29464849	0	0	209.50.189.79
5	0	0	1	0	0	29453588	0	0	29453588	0	0	112.4.101.55
5	0	0	1	0	0	29452666	0	0	29452666	0	0	43.130.47.33
5	0	0	0	1	0	0	29440551	0	0	29440551	0	37.111.7.51
5	0	0	1	0	0	29442718	0	0	29442718	0	0	89.104.101.126
5	0	0	1	0	0	29466121	0	0	29466121	0	0	104.207.46.81
5	0	0	1	0	0	29442679	0	0	29442679	0	0	92.249.12.135
5	0	0	1	0	0	29449639	0	0	29449639	0	0	185.218.109.187
5	0	0	2	0	0	29468256	0	0	29468255	0	0	91.52.99.205
5	0	0	1	0	0	29445011	0	0	29445011	0	0	37.19.223.115
5	0	0	1	0	0	29464818	0	0	29464818	0	0	52.36.254.212
5	0	0	1	0	0	29467362	0	0	29467362	0	0	135.148.195.2
5	0	0	1	0	0	29461282	0	0	29461282	0	0	191.101.217.152
z	0	27	1	29441522	0
z	2	22	0	29440316	1250
z	3	47	31	29447145	35157
z	4	183	134	29448342	1394312
z	5	35	25	29440317	1515383
z	6	24	0	29439612	7731460
c	200	337	29448342
c	206	1	29440316
c	301	5450	29471398
c	302	42	29440515
c	403	46	29468813
c	404	2275	29470382
c	405	3	29439721
c	499	2	29439178
c	500	35	29440112
