CACHE type 5 produced by analog 6.0/Unix. Do not modify or delete!
T	0	0	18311	8490	8096	4096	1326642345
D	29438472	29471405
20443	110	18	18	16608
20443	111	10	2	9034
20443	112	4	2	3014
20443	114	7	3	5919
20443	125	1	1	555
20443	127	1	1	701
20443	134	5	1	4517
20443	139	1	1	701
20443	145	1	1	705
20443	146	1	1	701
20443	147	7	3	5923
20443	154	1	1	701
20443	159	5	1	4517
20443	160	5	1	4517
20443	165	1	1	555
20443	167	10	2	9034
20443	168	1	1	555
20443	213	1	0	24
20443	220	4	2	2524
20443	221	2	2	1624
20443	224	3	0	30
20443	226	1	0	0
20443	229	1	1	8228
20443	230	4	1	16034
20443	232	3	0	8908
20443	233	8	2	34388
20443	234	4	1	17303
20443	235	5	0	14995
20443	236	9	0	34509
20443	237	2	0	5596
20443	238	3	1	17920
20443	239	2	2	15330
20443	240	11	4	220961
20443	242	7	1	35856
20443	243	5	2	30941
20443	244	32	16	4986950
20443	245	6	1	191967
20443	246	14	2	629168
20443	247	1	0	971
20443	254	5	3	734462
20443	255	3	2	19053
20443	257	2	2	9527
20443	277	1	1	0
20444	4	7	2	888747
20444	12	4	2	724933
20444	13	1	1	9526
20444	19	1	1	37062
20444	26	2	1	9550
20444	30	7	2	888751
20444	31	1	1	9529
20444	42	2	2	0
20444	43	1	1	9527
20444	46	8	6	261298
20444	48	5	3	37110
20444	52	2	1	7807
20444	54	2	2	15571
20444	56	2	1	7784
20444	58	7	7	54492
20444	62	4	2	723187
20444	63	1	1	7785
20444	65	2	2	15570
20444	66	3	3	23403
20444	67	15	7	2337323
20444	68	17	8	1502570
20444	69	6	0	16513
20444	70	1	0	5380
20444	71	1	1	0
20444	72	1	0	5331
20444	73	1	0	5331
20444	74	1	0	32
20444	75	1	0	74
20444	76	6	1	24660
20444	77	6	1	31994
20444	78	6	0	24844
20444	79	8	0	26956
20444	80	2	0	8122
20444	81	5	2	24012
20444	83	1	1	7882
20444	84	3	2	18368
20444	85	10	2	45747
20444	86	5	3	32975
20444	87	1	1	7883
20444	89	2	1	170684
20444	91	1	0	5355
20444	94	1	0	5355
20444	96	1	1	7881
20444	106	1	1	9619
20444	108	1	0	971
20444	110	2	1	200036
20444	111	5	4	194336
20444	113	1	1	7882
20444	114	6	2	30129
20444	115	5	3	36412
20444	121	1	1	7883
20444	122	4	1	21280
20444	123	2	0	10937
20444	124	4	1	13524
20444	125	3	0	117
20444	126	9	0	5676
20444	127	9	0	41244
20444	129	7	3	29974
20444	130	2	0	132
20444	131	6	0	324
20444	132	3	2	8246
20444	133	6	0	16941
20444	134	6	0	32966
20444	135	11	0	38481
20444	136	9	1	944792
20444	137	14	2	161921
20444	138	1	0	5263
20444	139	10	4	665871
20444	140	8	0	653911
20444	141	8	2	188576
20444	142	13	3	867245
20444	143	14	0	41119
20444	146	3	1	82260
20444	147	2	2	15348
20444	148	7	2	95920
20444	149	12	7	455004
20444	150	4	1	178316
20444	153	10	3	599672
20444	155	14	0	89315
20444	156	5	0	28452
20444	157	4	0	29810
20444	158	30	8	721486
20444	159	4	0	19926
20444	163	6	2	574681
20444	164	4	1	402569
20444	165	2	1	171431
20444	167	2	0	325608
20444	169	5	1	565376
20444	173	1	1	7614
20444	175	6	1	22781
20444	176	7	1	35320
20444	177	9	3	812746
20444	178	14	8	851953
20444	179	8	4	418280
20444	180	29	4	1268899
20444	181	4	2	29175
20444	182	17	5	503370
20444	183	8	5	62268
20444	184	9	2	534622
20444	185	5	3	40243
20444	186	7	3	54015
20444	187	3	0	353
20444	188	6	6	46658
20444	189	9	5	61193
20444	190	8	4	60692
20444	191	6	4	116746
20444	192	9	6	441680
20444	193	23	7	1825135
20444	194	20	3	487724
20444	195	22	5	1167014
20444	196	13	4	465129
20444	197	5	2	37853
20444	198	5	0	39281
20444	199	16	6	923678
20444	200	15	5	862643
20444	201	13	2	938235
20444	202	4	2	32547
20444	203	15	4	1232790
20444	204	18	6	1253150
20444	205	9	2	590461
20444	206	7	2	411024
20444	207	22	9	888317
20444	208	3	3	23483
20444	209	24	12	1286918
20444	210	1	0	2682
20444	211	14	6	841299
20444	222	1	1	9659
20444	227	9	3	285591
20444	231	2	1	18348
20444	232	2	1	10633
20444	233	3	2	24412
20444	235	2	2	19361
20444	236	2	1	9731
20444	239	2	1	17625
20444	240	2	1	172405
20444	241	1	1	9661
20444	243	2	1	17497
20444	244	1	1	9659
20444	246	1	0	971
20444	247	1	0	7672
20444	250	1	1	9677
20444	251	1	0	10364
20444	254	1	0	7812
20444	255	1	0	7830
20444	256	1	1	9658
20444	257	2	2	19317
20444	258	4	4	38638
20444	262	1	1	9658
20444	263	4	4	38641
20444	264	1	1	9682
20444	266	1	0	971
20444	267	1	1	9659
20444	269	3	3	104688
20444	270	1	1	7980
20444	272	1	1	9682
20444	273	5	2	412598
20444	282	1	1	9658
20445	0	1	0	971
20445	9	6	1	728489
20445	11	1	1	34896
20445	17	1	1	9680
20445	24	1	1	9662
20445	28	2	1	172406
20445	29	8	1	868691
20445	30	2	2	69792
20445	31	5	4	196451
20445	36	1	1	9679
20445	38	6	3	420579
20445	41	1	0	971
20445	43	1	1	9683
20445	44	3	3	23943
20445	45	1	1	9659
20445	46	2	1	9731
20445	47	2	1	42852
20445	51	1	0	7666
20445	52	11	1	422758
20445	53	3	1	13309
20445	54	11	5	821834
20445	55	17	3	976449
20445	56	12	0	409631
20445	57	22	1	726759
20445	58	20	7	532937
20445	59	6	1	82349
20445	60	2	1	8042
20445	61	6	3	24445
20445	62	2	0	558
20445	63	1	1	8007
20445	64	3	3	24023
20445	65	2	2	16014
20445	68	1	1	8007
20445	69	4	2	35049
20445	70	19	6	1327422
20445	71	20	4	872920
20445	72	4	0	168487
20445	80	2	1	14497
20445	81	1	1	8044
20445	83	1	1	8041
20445	84	3	2	20428
20445	85	1	1	34972
20445	86	13	5	166272
20445	87	11	1	132794
20445	88	5	2	181000
20445	90	1	1	0
20445	91	2	1	56691
20445	92	4	2	43183
20445	94	1	1	9718
20445	95	2	0	15144
20445	98	1	0	8619
20445	100	11	2	458930
20445	101	1	0	71
20445	102	1	1	9741
20445	104	3	2	24706
20445	105	1	0	971
20445	108	5	2	16711
20445	109	12	4	60990
20445	110	1	1	8067
20445	111	1	1	9719
20445	113	1	1	8043
20445	114	3	2	66409
20445	115	1	1	9718
20445	116	2	0	116295
20445	118	12	3	94531
20445	119	11	0	54594
20445	120	8	1	90577
20445	121	2	2	18041
20445	125	1	1	9866
20445	128	2	1	61621
20445	129	3	2	16348
20445	144	1	1	9864
20445	154	3	3	108120
20445	156	1	1	9873
20445	161	1	1	9873
20445	165	2	2	16348
20445	168	6	6	216240
20445	170	3	3	108120
20445	173	1	0	71
20445	178	5	1	17861
20445	179	11	1	220671
20445	180	2	1	14130
20445	181	12	1	342598
20445	182	20	10	524722
20445	183	20	10	525246
20445	184	24	9	783202
20445	185	35	15	1014090
20445	186	30	9	1056601
20445	187	42	17	1375374
20445	188	34	14	1005090
20445	189	3	1	21009
20445	190	13	0	266796
20445	191	14	0	218090
20445	192	33	9	858104
20445	193	24	8	743041
20445	194	45	15	1433400
20445	195	41	14	1214341
20445	196	24	9	554141
20445	198	7	3	248304
20445	200	1	0	55704
20445	201	1	1	10391
20445	205	1	1	36833
20445	208	16	6	493210
20445	210	1	0	6722
20445	211	7	0	46568
20445	212	4	3	111470
20445	213	4	1	180599
20445	214	5	4	36259
20445	215	1	1	8600
20445	217	13	5	101706
20445	226	1	0	71
20445	237	1	1	10378
20445	239	4	4	120873
20445	249	1	0	303
20445	253	1	1	36833
20445	255	1	1	10377
20445	256	1	1	10377
20445	258	1	1	10390
20445	260	1	0	55704
20445	262	1	1	36957
20445	264	1	1	10390
20445	273	1	1	10375
20445	281	2	2	73666
20445	282	8	3	141874
20445	283	2	1	18212
20446	6	1	1	8606
20446	9	1	1	10376
20446	10	5	1	227549
20446	15	3	3	110499
20446	17	1	1	8603
20446	21	1	1	8607
20446	23	1	1	10376
20446	24	1	1	10373
20446	32	2	1	11348
20446	35	2	2	73666
20446	36	1	1	10390
20446	37	2	0	11371
20446	38	2	1	57368
20446	45	1	1	8606
20446	46	3	2	25999
20446	48	1	1	10389
20446	58	17	7	501815
20446	60	28	8	1037969
20446	61	1	1	9757
20446	62	29	9	1049286
20446	63	29	9	1051392
20446	64	2	2	16920
20446	65	5	1	227403
20446	66	8	1	36980
20446	67	2	0	47017
20446	71	1	0	5318
20446	72	4	0	21267
20446	73	8	2	4535336
20446	77	5	2	1788401
20446	81	1	0	71
20446	85	1	1	38430
20446	86	1	1	38430
20446	87	1	1	10423
20446	88	1	0	46973
20446	91	21	13	2101551
20446	92	8	4	52897
20446	93	20	3	6671969
20446	94	6	0	29367
20446	95	22	5	151727
20446	96	14	0	9396689
20446	99	1	0	71
20446	101	1	0	971
20446	104	2	1	37660
20446	106	1	1	8592
20446	107	6	2	1897862
20446	110	1	1	10382
20446	111	2	2	20764
20446	113	1	1	8589
20446	114	3	3	25784
20446	115	2	2	46181
20446	116	9	4	72155
20446	118	3	3	112767
20446	120	20	8	2230400
20446	122	1	1	8592
20446	125	1	1	10399
20446	126	8	2	1973857
20446	127	1	1	37589
20446	128	1	1	8592
20446	129	19	6	3910550
20446	130	1	1	10395
20446	131	10	10	346893
20446	133	3	3	112767
20446	134	3	3	112767
20446	135	3	3	112767
20446	136	9	9	338301
20446	138	9	2	1946724
20446	141	2	2	18970
20446	145	1	1	10381
20446	150	4	4	123149
20446	152	1	0	46973
20446	153	3	3	112767
20446	154	3	3	112767
20446	155	1	0	71
20446	156	2	2	10398
20446	157	1	0	71
20446	162	1	0	46973
20446	165	2	2	17181
20446	169	1	1	10383
20446	170	1	0	71
20446	171	1	1	10383
20446	172	7	1	1946603
20446	178	14	4	3889584
20446	192	1	1	10399
20446	196	3	3	112767
20446	200	1	1	10397
20446	205	1	0	71
20446	206	2	1	17380
20446	211	9	4	1962012
20446	215	1	0	329
20446	216	1	1	10383
20446	219	1	1	10399
20446	228	1	1	8599
20446	233	10	2	1966846
20446	234	15	14	129051
20446	235	5	3	39525
20446	236	12	5	2024385
20446	237	13	9	104826
20446	238	4	4	34364
20446	239	7	7	148871
20446	250	1	0	971
20446	253	1	1	10397
20446	257	1	1	10381
20446	263	1	0	971
20446	264	1	1	10396
20446	266	1	1	10380
20446	272	1	1	10380
20446	273	2	2	17199
20446	278	2	1	11602
20447	5	1	1	8589
20447	7	1	1	10381
20447	9	3	3	112767
20447	10	1	0	971
20447	12	3	3	112767
20447	13	3	3	112767
20447	15	3	3	112767
20447	18	2	2	75178
20447	19	7	3	66056
20447	20	2	2	18973
20447	24	1	1	10383
20447	29	3	1	64065
20447	30	6	1	1936198
20447	31	1	0	46946
20447	32	8	2	1993552
20447	34	2	1	57356
20447	36	1	1	10396
20447	44	1	1	10381
20447	46	5	3	1790134
20447	47	3	3	112767
20447	53	3	3	112767
20447	57	2	0	441
20447	59	3	1	57398
20447	64	7	2	1946578
20447	65	2	2	17185
20447	69	1	0	71
20447	72	1	1	10396
20447	76	12	2	3872398
20447	78	1	1	10397
20447	80	1	0	971
20447	81	18	3	1982311
20447	83	2	1	10453
20447	91	1	1	10381
20447	96	4	1	28992
20447	102	8	2	1946652
20447	103	1	0	71
20447	105	2	0	142
20447	106	3	3	112767
20447	107	5	1	1866849
20447	111	2	2	20768
20447	114	6	1	1936198
20447	120	1	0	71
20447	124	1	0	46973
20447	126	1	1	10382
20447	128	1	0	971
20447	129	1	0	71
20447	135	1	0	71
20447	140	1	0	71
20447	148	1	0	71
20447	154	1	1	10396
20447	155	1	1	10383
20447	156	2	2	20779
20447	163	1	1	10384
20447	164	3	3	112767
20447	165	2	2	17179
20447	168	1	1	10380
20447	170	1	1	10383
20447	174	6	4	47622
20447	175	1	0	71
20447	180	5	1	24347
20447	182	2	1	10454
20447	184	2	0	400
20447	185	6	2	385642
20447	191	3	3	115140
20447	192	1	1	10562
20447	208	1	1	10549
20447	210	6	6	230280
20447	215	14	6	2427468
20447	216	31	10	7015884
20447	217	3	3	85451
20447	218	18	2	2745828
20447	219	16	1	2877817
20447	221	1	0	1708663
20447	222	13	4	404424
20447	236	3	2	21127
20447	237	1	1	10548
20447	238	10	2	2392819
20447	239	2	1	71530
20447	240	1	0	10620
20447	252	1	1	10561
20447	254	1	0	971
20447	257	1	1	10548
20447	263	1	0	55704
20447	264	2	1	21171
20447	266	1	1	38380
20447	271	2	1	57524
20447	272	4	3	78621
20447	275	1	1	10544
20447	277	1	0	71
20447	278	1	1	10548
20447	281	1	0	971
20448	1	1	0	10677
20448	2	1	1	38380
20448	7	2	1	10634
20448	10	2	0	10680
20448	12	1	0	71
20448	17	2	0	17445
20448	20	1	1	10546
20448	24	1	1	10543
20448	27	1	0	71
20448	28	2	1	38451
20448	29	1	0	46946
20448	34	2	2	47071
20448	35	1	1	38380
20448	36	2	1	10638
20448	37	1	0	69349
20448	38	1	1	10564
20448	40	1	1	38380
20448	45	2	0	10254
20448	47	3	1	71601
20448	52	2	1	71530
20448	54	1	0	7833
20448	55	1	1	10548
20448	58	1	0	71
20448	59	2	1	71530
20448	60	1	1	10549
20448	65	1	1	8697
20448	66	1	1	8693
20448	68	2	1	71530
20448	76	2	0	142
20448	77	1	1	38380
20448	82	1	0	10181
20448	83	1	0	162804
20448	84	2	1	38380
20448	85	1	0	71
20448	88	9	2	2298761
20448	91	1	0	71
20448	97	1	1	12521
20448	98	2	1	10566
20448	103	2	0	10674
20448	109	2	2	76760
20448	110	1	0	9321
20448	112	1	0	971
20448	114	2	0	142
20448	115	2	1	71530
20448	118	1	1	8692
20448	119	1	1	10562
20448	123	9	2	2298765
20448	124	3	1	71601
20448	125	1	0	71
20448	134	1	1	10545
20448	149	1	1	10567
20448	156	4	3	92649
20448	157	1	0	71
20448	161	1	0	0
20448	163	1	0	71
20448	165	2	2	17388
20448	167	2	1	71530
20448	169	14	3	2515167
20448	170	2	2	17390
20448	176	10	4	2319802
20448	182	1	0	71
20448	185	3	1	71601
20448	192	1	1	10567
20448	195	2	0	8477
20448	197	1	1	10569
20448	198	1	0	71
20448	201	1	0	71
20448	214	1	1	10547
20448	222	1	0	71
20448	223	1	0	29063
20448	225	1	0	971
20448	229	2	1	71530
20448	230	1	1	10548
20448	232	1	0	71
20448	242	2	1	8766
20448	248	1	0	971
20448	255	1	1	8768
20448	258	12	1	2378844
20448	259	1	0	5814
20448	260	4	0	20961
20448	261	4	0	23787
20448	262	3	0	17767
20448	263	3	0	12845
20448	264	4	1	36483
20448	265	4	0	27590
20448	266	3	0	13612
20448	267	5	0	29515
20448	268	12	2	765548
20448	272	9	0	63553
20448	274	6	5	99582
20448	275	2	1	57492
20448	282	1	0	71
20448	285	1	1	10527
20449	5	2	0	31751
20449	8	1	1	10521
20449	11	1	0	71
20449	17	1	1	10519
20449	18	4	1	41910
20449	24	1	1	10520
20449	25	2	1	57493
20449	27	1	1	38380
20449	36	3	2	19281
20449	38	9	3	2309180
20449	39	3	1	10664
20449	43	2	1	71530
20449	50	1	0	0
20449	53	9	2	2297791
20449	56	7	1	2288141
20449	59	4	1	734184
20449	65	1	0	351842
20449	70	13	2	2733194
20449	76	8	2	2296828
20449	80	1	1	10520
20449	88	1	1	10523
20449	89	3	2	80216
20449	94	1	1	10521
20449	95	2	0	71
20449	99	7	1	2288136
20449	104	1	0	71
20449	106	2	2	21041
20449	111	1	1	8686
20449	115	2	1	71530
20449	116	1	1	10525
20449	117	1	0	971
20449	119	1	1	8687
20449	120	2	1	17477
20449	131	1	0	71
20449	132	1	0	71
20449	151	2	1	8759
20449	156	1	1	10524
20449	160	6	1	42053
20449	162	1	1	38380
20449	163	3	2	26161
20449	166	2	2	17373
20449	171	1	1	10521
20449	180	6	2	31887
20449	181	3	1	21128
20449	183	1	1	8687
20449	187	5	0	30030
20449	188	5	1	30954
20449	189	1	0	71
20449	192	1	1	10521
20449	193	12	2	1503705
20449	194	9	1	66075
20449	195	35	10	8592849
20449	197	8	3	100628
20449	198	4	0	23055
20449	199	7	0	53348
20449	200	2	0	18083
20449	201	11	0	38851
20449	202	11	5	650150
20449	203	7	2	51702
20449	204	11	3	69415
20449	205	8	2	65177
20449	206	8	4	55205
20449	207	9	5	83031
20449	208	4	3	38661
20449	209	18	2	2957600
20449	210	38	8	6045783
20449	211	20	5	3351670
20449	226	1	0	71
20449	241	2	0	32956
20449	250	1	0	71
20449	257	1	1	38946
20449	260	11	2	2918429
20449	270	1	1	10657
20449	273	1	1	10664
20449	274	3	2	68274
20449	275	4	4	42596
20449	276	1	0	71
20449	283	1	0	71
20450	10	1	1	38946
20450	12	3	1	40401
20450	16	1	0	10551
20450	25	1	1	10649
20450	36	1	1	10659
20450	48	1	1	10648
20450	49	1	1	10648
20450	53	1	0	10538
20450	58	1	1	10649
20450	60	1	0	71
20450	61	2	1	70605
20450	64	1	1	10648
20450	65	4	2	27879
20450	68	2	1	39017
20450	69	10	2	1667129
20450	73	1	0	71
20450	77	1	0	71
20450	81	1	0	46973
20450	83	1	0	71
20450	85	1	1	10650
20450	87	1	0	71
20450	91	1	1	10649
20450	95	1	0	71
20450	97	2	0	9092
20450	100	25	3	8570205
20450	101	1	0	971
20450	105	1	0	71
20450	108	1	0	71
20450	113	1	1	8862
20450	116	1	0	71
20450	134	1	1	10658
20450	147	1	1	10656
20450	158	2	1	70605
20450	165	5	5	46087
20450	176	1	0	71
20450	182	4	1	32291
20450	183	4	2	25205
20450	185	9	2	2867358
20450	190	51	15	8755939
20450	191	13	8	71569
20450	192	33	9	5847209
20450	193	8	8	168811
20450	194	1	1	8867
20450	198	32	6	11352487
20450	207	2	1	70853
20450	222	1	0	71
20450	228	2	2	21313
20450	229	8	1	2856744
20450	235	1	1	10659
20450	236	1	0	71
20450	243	1	0	71
20450	249	1	0	71
20450	257	2	1	8940
20450	258	1	1	10657
20450	262	2	1	8935
20450	263	1	1	10657
20450	264	1	1	10656
20450	265	3	3	31969
20450	270	2	1	8937
20450	273	1	0	71
20450	276	1	1	39106
20450	283	1	0	71
20450	284	2	1	8936
20450	285	16	0	115853
20450	286	15	1	117016
20450	287	11	1	84722
20451	15	1	0	71
20451	23	2	1	70853
20451	24	1	1	10656
20451	33	3	0	8695
20451	35	1	0	71
20451	36	3	1	12594
20451	39	5	1	71066
20451	46	2	1	70853
20451	49	2	1	70853
20451	50	2	1	70853
20451	61	1	0	71
20451	62	1	1	10654
20451	63	1	1	10658
20451	65	1	0	71
20451	71	1	1	10657
20451	73	2	1	70853
20451	76	3	1	70924
20451	85	8	4	49525
20451	86	2	0	9441
20451	87	7	1	2365754
20451	88	2	0	3067
20451	89	14	0	125731
20451	90	20	7	4714976
20451	91	5	1	18356
20451	92	4	0	23629
20451	93	34	5	9871373
20451	94	2	1	20310
20451	95	20	3	3981351
20451	96	3	0	29838
20451	97	20	3	2035225
20451	98	20	4	3143166
20451	99	17	1	4576866
20451	100	2	0	13493
20451	101	7	0	41402
20451	102	10	0	57197
20451	104	1	1	9063
20451	106	2	1	15642
20451	107	4	0	11575
20451	108	20	10	4606693
20451	110	7	4	36612
20451	111	2	1	75012
20451	112	1	1	10950
20451	114	3	1	10975
20451	115	2	1	12585
20451	116	60	19	9444031
20451	117	20	9	286172
20451	118	12	6	451117
20451	120	1	1	10950
20451	121	1	1	10945
20451	123	1	1	10950
20451	124	2	1	11024
20451	126	1	1	10952
20451	127	2	1	11007
20451	129	1	1	10951
20451	130	1	1	10948
20451	132	2	2	20056
20451	133	1	1	10951
20451	135	1	1	10949
20451	137	3	2	21952
20451	138	2	1	11020
20451	140	1	1	10952
20451	141	1	1	10977
20451	143	1	1	10951
20451	144	1	1	10948
20451	146	1	1	10954
20451	147	3	2	373747
20451	149	1	1	10948
20451	151	2	2	21902
20451	152	1	1	10952
20451	153	1	0	474
20451	154	1	1	10953
20451	155	2	2	21881
20451	157	1	1	10952
20451	158	1	1	10945
20451	159	3	0	11896
20451	160	1	1	10946
20451	161	1	1	10952
20451	162	2	1	9174
20451	163	1	1	10937
20451	164	9	5	311220
20451	165	3	2	84170
20451	166	2	2	20050
20451	167	12	4	4609105
20451	168	5	2	87960
20451	169	1	1	10951
20451	170	2	1	75068
20451	171	1	1	10950
20451	172	2	2	21898
20451	173	3	2	115496
20451	174	2	1	45590
20451	175	1	1	10950
20451	177	2	2	51377
20451	178	1	1	10949
20451	180	2	2	20054
20451	181	1	1	10949
20451	182	4	2	150136
20451	183	1	1	10949
20451	184	2	2	20055
20451	186	1	1	10951
20451	188	1	1	10950
20451	189	1	1	10949
20451	191	1	1	10952
20451	192	3	2	21971
20451	194	1	1	10950
20451	195	1	1	10952
20451	196	2	1	9171
20451	197	1	1	10951
20451	198	3	1	21072
20451	200	1	1	10951
20451	201	1	1	10948
20451	203	1	1	10950
20451	205	1	1	10951
20451	206	1	1	10949
20451	207	1	0	71
20451	208	1	1	10952
20451	209	1	1	10951
20451	211	1	1	10953
20451	212	1	1	10951
20451	214	1	1	10952
20451	215	1	1	10951
20451	217	1	1	10951
20451	218	1	1	10953
20451	220	1	1	10952
20451	221	1	1	10952
20451	223	1	1	10952
20451	225	1	1	10948
20451	226	1	1	10946
20451	227	1	1	9104
20451	228	1	1	10954
20451	229	2	1	11023
20451	230	1	0	1686
20451	231	1	1	10954
20451	232	1	1	10950
20451	233	1	1	9102
20451	234	2	1	11021
20451	235	1	1	10952
20451	236	1	1	10952
20451	237	1	1	10952
20451	239	1	1	10948
20451	240	3	1	1725952
20451	241	1	0	9441
20451	242	1	1	10938
20451	243	1	1	10948
20451	245	2	1	19773
20451	246	1	1	10948
20451	248	1	1	10953
20451	249	2	1	19144
20451	251	1	1	10948
20451	252	1	1	10950
20451	253	1	0	7891
20451	254	2	2	21901
20451	255	2	1	579350
20451	257	2	1	19774
20451	258	1	0	71
20451	259	1	1	10952
20451	260	1	1	10949
20451	261	2	0	12628
20451	262	1	1	10949
20451	263	2	1	21264
20451	265	1	1	10953
20451	266	1	1	10937
20451	268	1	1	10936
20451	269	1	1	10951
20451	271	1	1	10949
20451	272	1	1	10951
20451	274	1	1	10949
20451	276	4	4	43806
20451	277	4	3	79827
20451	279	1	1	10952
20451	280	1	1	10948
20451	282	1	1	10952
20451	283	1	1	10948
20451	285	4	1	11164
20451	286	2	1	11363
20452	0	1	1	10952
20452	2	1	1	10951
20452	3	1	1	10952
20452	4	20	2	8777904
20452	5	1	1	10948
20452	6	1	1	10950
20452	8	2	2	21899
20452	10	1	1	10952
20452	11	1	1	10948
20452	13	1	1	10952
20452	14	2	2	21899
20452	16	1	1	10947
20452	17	1	1	10952
20452	19	1	1	10951
20452	20	1	1	10953
20452	22	1	1	10951
20452	23	1	1	10952
20452	24	1	1	10952
20452	25	1	1	10946
20452	26	1	1	40428
20452	27	1	1	10949
20452	28	1	1	10934
20452	29	12	3	4640780
20452	30	1	1	10948
20452	31	2	2	51376
20452	33	1	1	10951
20452	34	1	1	10951
20452	36	2	2	21901
20452	37	2	1	11021
20452	39	6	3	33058
20452	40	1	1	10949
20452	41	2	0	47044
20452	42	1	1	10952
20452	43	1	0	71
20452	44	1	1	10952
20452	45	8	2	7296552
20452	46	1	0	71
20452	47	3	3	32850
20452	48	3	2	68878
20452	50	2	1	57924
20452	51	1	1	10948
20452	53	1	1	10953
20452	54	1	1	10949
20452	56	1	1	10948
20452	57	1	1	10932
20452	59	1	1	10950
20452	60	1	1	40428
20452	61	1	1	10949
20452	62	1	1	10950
20452	64	1	1	10951
20452	65	1	1	10951
20452	67	1	1	10950
20452	68	1	1	10951
20452	70	3	2	20118
20452	71	1	1	10953
20452	73	1	1	10950
20452	74	2	2	20052
20452	75	5	0	25943
20452	76	3	1	20462
20452	77	1	1	10951
20452	79	21	3	168870
20452	81	1	1	10949
20452	82	12	2	1532834
20452	83	13	1	1622344
20452	84	2	2	20212
20452	85	1	1	11036
20452	86	1	0	71
20452	87	1	1	11036
20452	88	1	1	11037
20452	90	1	1	11038
20452	91	1	1	11036
20452	93	1	1	11034
20452	94	1	1	11036
20452	96	1	1	11036
20452	97	1	1	40683
20452	98	1	1	11036
20452	99	3	2	20286
20452	101	1	1	11039
20452	102	1	1	11036
20452	103	1	1	9173
20452	104	1	1	11039
20452	105	2	2	22070
20452	107	3	2	22140
20452	108	1	1	11038
20452	110	1	1	11035
20452	111	1	1	11035
20452	112	1	0	10864
20452	113	1	1	11012
20452	115	1	1	11033
20452	116	1	1	11034
20452	118	2	2	20214
20452	119	1	1	11037
20452	121	1	1	11037
20452	122	10	2	5102681
20452	124	3	1	20271
20452	125	2	2	22025
20452	127	1	1	11009
20452	129	2	2	22026
20452	130	1	1	11013
20452	132	1	1	11012
20452	133	1	1	11011
20452	134	1	1	40683
20452	135	1	1	11011
20452	136	1	1	11011
20452	138	5	2	55373
20452	139	1	1	11011
20452	141	1	1	11012
20452	143	1	1	11008
20452	144	1	1	11012
20452	146	1	1	11011
20452	147	1	1	11010
20452	149	2	1	57955
20452	150	2	1	66714
20452	152	1	1	11014
20452	153	2	1	600071
20452	154	6	0	73864
20452	155	2	1	59638
20452	156	1	1	11011
20452	157	1	0	0
20452	158	1	1	11012
20452	160	1	1	11013
20452	161	5	2	1730826
20452	163	1	1	11012
20452	164	1	1	11012
20452	166	3	3	29354
20452	167	1	1	11011
20452	169	1	1	11010
20452	170	1	1	11009
20452	172	3	2	88100
20452	173	3	2	20254
20452	175	1	1	11009
20452	176	3	2	20253
20452	178	1	1	11012
20452	179	1	0	71
20452	180	1	1	11012
20452	181	1	1	11010
20452	183	2	2	22023
20452	184	1	1	11011
20452	185	4	4	44049
20452	186	1	1	11012
20452	187	2	1	11084
20452	189	1	1	11012
20452	190	1	1	11008
20452	192	2	2	22022
20452	194	3	2	20685
20452	195	4	2	115967
20452	197	5	2	22238
20452	198	2	2	51697
20452	200	1	1	11014
20452	201	2	2	22025
20452	203	1	1	11012
20452	204	1	1	11012
20452	206	2	1	11083
20452	207	1	1	11012
20452	209	2	1	11083
20452	211	1	1	11013
20452	212	1	1	11010
20452	214	2	1	11082
20452	215	1	1	11006
20452	217	1	1	11012
20452	218	3	2	88102
20452	219	4	2	154180
20452	220	1	1	11011
20452	221	22	6	5019675
20452	222	8	4	1102031
20452	223	1	1	10976
20452	225	1	1	10975
20452	226	1	1	10974
20452	228	1	1	10975
20452	229	1	1	10976
20452	231	1	1	10975
20452	232	1	1	10977
20452	234	1	1	10976
20452	235	1	1	10973
20452	236	1	1	10979
20452	237	1	1	10976
20452	238	1	1	10977
20452	240	1	1	10975
20452	242	1	1	10976
20452	243	1	1	10978
20452	245	1	1	10973
20452	246	1	1	10977
20452	248	1	1	10976
20452	249	1	1	10976
20452	251	2	1	11047
20452	252	1	1	10969
20452	254	2	1	11046
20452	255	1	1	10974
20452	257	2	2	51686
20452	259	2	2	20107
20452	260	2	2	21950
20452	261	1	1	10973
20452	262	1	1	10975
20452	263	2	1	11043
20452	265	2	2	21943
20452	266	1	1	10975
20452	267	1	0	55704
20452	268	1	1	10974
20452	269	1	1	10978
20452	271	2	1	21706
20452	272	3	2	22022
20452	273	4	2	115892
20452	274	3	3	32924
20452	276	2	2	21950
20452	277	1	1	10977
20452	278	11	2	5053951
20452	279	1	1	10971
20452	280	1	1	10975
20452	281	4	1	44363
20452	282	1	1	10976
20452	283	1	1	10974
20452	285	1	1	10973
20452	286	1	1	10973
20453	0	1	1	10976
20453	1	1	1	10975
20453	3	1	1	10975
20453	5	1	1	10977
20453	6	1	1	10976
20453	7	2	1	9198
20453	8	1	1	10975
20453	9	1	1	10976
20453	10	3	1	29836
20453	11	1	1	10975
20453	12	3	2	68922
20453	14	1	1	10973
20453	15	1	1	10977
20453	17	1	1	10975
20453	18	5	2	160941
20453	20	1	1	10973
20453	22	1	1	10973
20453	23	1	1	10972
20453	24	1	1	10981
20453	25	1	1	10977
20453	26	1	1	10965
20453	28	1	1	10974
20453	29	1	1	10976
20453	31	1	1	10974
20453	32	3	2	88179
20453	34	1	1	10976
20453	35	2	1	43634
20453	36	1	1	10972
20453	37	1	1	10972
20453	38	1	0	71
20453	39	5	2	22164
20453	40	1	1	10979
20453	42	1	1	10975
20453	43	4	2	88249
20453	45	1	1	10975
20453	46	1	1	10977
20453	47	2	1	77204
20453	48	1	1	10971
20453	49	1	1	10978
20453	51	1	1	10974
20453	52	2	2	21953
20453	54	1	1	10976
20453	56	1	1	10975
20453	57	1	1	10973
20453	59	1	1	10973
20453	60	1	1	10977
20453	62	1	1	10974
20453	63	2	1	11048
20453	65	1	1	11007
20453	66	1	1	10977
20453	67	3	1	142
20453	68	51	6	6900167
20453	69	2	2	21953
20453	71	1	1	10976
20453	73	2	2	21942
20453	74	1	1	10976
20453	75	1	0	71
20453	76	1	1	10974
20453	77	2	2	21952
20453	79	1	1	10974
20453	80	3	1	80394
20453	81	1	1	9129
20453	82	2	1	11944
20453	83	1	1	10975
20453	85	1	1	10975
20453	86	1	1	10978
20453	88	1	1	10972
20453	90	4	3	31148
20453	91	1	1	10978
20453	92	1	1	10975
20453	93	1	1	11009
20453	94	1	1	10977
20453	95	2	1	10976
20453	96	3	2	53770
20453	97	1	1	10976
20453	99	3	2	20180
20453	100	1	1	10976
20453	101	10	2	5102595
20453	102	2	2	51684
20453	103	1	1	11004
20453	105	1	1	10976
20453	107	1	1	10976
20453	108	1	1	10977
20453	110	1	1	10975
20453	111	1	1	10973
20453	113	1	1	10975
20453	114	1	1	10975
20453	115	2	2	21948
20453	116	2	1	11044
20453	117	1	1	10976
20453	119	1	1	10974
20453	120	1	1	10972
20453	121	1	0	71
20453	122	1	1	10978
20453	123	9	1	5091626
20453	124	1	1	10974
20453	125	1	1	10976
20453	127	3	3	21945
20453	128	1	1	10975
20453	130	2	2	21951
20453	132	2	2	21950
20453	133	1	1	10974
20453	135	3	3	62655
20453	136	1	1	10978
20453	137	1	0	990
20453	138	1	1	10974
20453	139	1	1	10975
20453	140	1	0	71
20453	141	1	1	10975
20453	143	1	1	10975
20453	144	1	1	10974
20453	146	1	1	10976
20453	147	1	1	10976
20453	149	3	3	32924
20453	150	1	1	10971
20453	151	2	2	21946
20453	152	1	1	10974
20453	153	1	1	10977
20453	154	1	0	71
20453	155	1	1	10974
20453	156	1	1	10976
20453	158	1	1	10971
20453	160	1	1	10973
20453	161	1	1	10977
20453	163	1	1	10971
20453	164	1	1	10976
20453	166	3	3	29240
20453	167	1	1	10976
20453	168	47	2	2157971
20453	169	3	1	14343
20453	170	9	1	400000
20453	171	1	1	10974
20453	172	2	2	21945
20453	173	1	1	10974
20453	175	1	1	10976
20453	176	1	1	10972
20453	178	3	1	57991
20453	180	1	1	10975
20453	181	1	1	10976
20453	183	1	1	10974
20453	184	1	1	10978
20453	186	3	1	12914
20453	187	3	3	32928
20453	189	2	1	11044
20453	190	1	1	10977
20453	192	2	2	21949
20453	193	4	2	157532
20453	195	3	2	22017
20453	197	2	1	11048
20453	198	1	1	10978
20453	200	1	1	10975
20453	201	1	1	10972
20453	203	3	2	20173
20453	204	1	1	10969
20453	206	1	1	10976
20453	207	3	2	22026
20453	208	1	0	46946
20453	209	1	1	10977
20453	210	1	1	10974
20453	211	1	0	71
20453	212	3	1	14350
20453	214	1	1	10971
20453	215	1	1	10975
20453	217	2	1	11043
20453	218	1	1	10973
20453	220	1	1	10974
20453	221	1	1	10975
20453	222	1	0	71
20453	223	3	2	22023
20453	224	3	2	68902
20453	226	1	1	10975
20453	227	1	1	10975
20453	229	1	1	10974
20453	231	1	1	10977
20453	232	3	2	88177
20453	234	1	1	10975
20453	235	1	1	10976
20453	237	1	1	10976
20453	238	1	1	10976
20453	239	1	0	0
20453	240	1	1	10971
20453	241	1	1	10975
20453	243	1	1	10973
20453	244	1	1	10977
20453	246	1	1	10975
20453	248	2	2	21952
20453	249	1	1	10975
20453	251	1	1	10974
20453	252	1	1	10968
20453	254	9	2	164092
20453	255	1	1	10973
20453	256	3	0	47584
20453	257	1	1	10975
20453	258	1	1	10977
20453	259	2	2	21952
20453	260	1	1	10977
20453	261	1	1	10976
20453	263	1	1	10976
20453	265	1	1	10974
20453	266	1	1	10976
20453	268	1	1	10969
20453	269	1	1	10975
20453	271	1	1	10973
20453	272	1	1	10975
20453	274	1	1	10976
20453	275	4	2	88250
20453	276	4	3	79897
20453	277	1	1	10975
20453	279	1	1	10971
20453	280	1	1	10974
20453	282	2	2	51683
20453	283	1	1	10976
20453	285	1	1	10978
20453	286	2	2	21950
20454	0	1	1	10975
20454	1	1	1	10976
20454	3	1	1	10975
20454	4	1	1	10975
20454	6	1	1	10977
20454	8	1	1	10974
20454	9	1	1	10973
20454	11	3	2	20176
20454	12	1	1	10973
20454	14	1	1	10974
20454	15	1	1	10970
20454	16	1	1	10976
20454	17	1	1	10971
20454	18	1	1	10974
20454	20	1	1	10975
20454	22	2	1	11042
20454	23	1	1	10973
20454	24	13	2	3964387
20454	25	1	1	10975
20454	26	1	1	10975
20454	28	2	1	11046
20454	29	1	1	10972
20454	31	1	1	10970
20454	32	3	2	88180
20454	34	1	1	10968
20454	35	1	1	10973
20454	36	1	1	10972
20454	37	1	1	10979
20454	38	2	2	51681
20454	39	4	1	11183
20454	40	1	1	10974
20454	42	1	1	10975
20454	43	1	1	10974
20454	45	1	1	10974
20454	46	1	1	10976
20454	48	2	1	11042
20454	49	1	1	10977
20454	51	1	1	10973
20454	52	1	1	10973
20454	54	1	1	10976
20454	55	1	1	10977
20454	57	1	1	10976
20454	59	2	1	11045
20454	60	1	1	10977
20454	62	3	2	20182
20454	63	3	2	20169
20454	65	1	1	10973
20454	66	1	1	10977
20454	68	1	1	10971
20454	69	1	1	10977
20454	71	2	1	11044
20454	73	1	1	10973
20454	74	1	1	10976
20454	76	1	1	10977
20454	77	1	1	10974
20454	79	1	1	10974
20454	80	1	1	10975
20454	81	1	1	10976
20454	82	2	1	11046
20454	83	20	5	1297607
20454	84	4	1	28408
20454	85	1	1	10975
20454	87	2	2	51682
20454	88	1	1	10976
20454	90	2	1	17004
20454	91	10	2	270127
20454	92	1	0	93438
20454	93	1	1	10989
20454	94	1	1	10995
20454	96	4	2	30205
20454	97	1	1	10987
20454	98	2	1	9202
20454	99	3	2	22055
20454	100	1	0	7853
20454	101	1	1	10992
20454	102	1	1	10970
20454	103	2	0	21463
20454	104	1	1	10993
20454	105	2	2	21987
20454	107	2	2	21941
20454	108	1	1	10992
20454	110	2	1	41411
20454	111	1	1	10993
20454	112	1	0	29353
20454	113	2	2	20126
20454	115	3	3	32977
20454	116	3	3	32977
20454	117	47	14	425502
20454	118	3	2	22056
20454	119	1	1	10971
20454	120	19	2	10318533
20454	121	1	1	10991
20454	122	1	1	10973
20454	124	1	1	10994
20454	125	12	3	5244294
20454	126	1	1	10994
20454	127	1	1	10994
20454	128	1	1	10997
20454	130	1	1	10996
20454	132	1	1	10987
20454	133	1	1	10990
20454	135	5	2	391912
20454	136	1	1	10993
20454	138	1	1	10989
20454	139	1	1	10991
20454	141	3	1	20310
20454	142	1	1	10993
20454	144	1	1	10994
20454	145	4	1	23650
20454	147	1	1	10993
20454	149	1	1	10970
20454	150	1	1	10992
20454	152	2	2	21984
20454	153	2	2	52220
20454	155	2	1	21317
20454	156	3	3	63208
20454	158	1	1	10990
20454	159	1	1	10990
20454	161	3	1	21735
20454	163	2	1	11065
20454	164	2	1	11064
20454	166	1	1	10992
20454	167	1	1	10995
20454	168	1	0	71
20454	169	2	2	52220
20454	170	1	1	10995
20454	172	2	2	21962
20454	173	1	1	10991
20454	175	2	1	11063
20454	177	1	1	10995
20454	178	1	1	10991
20454	179	1	0	527
20454	180	8	4	226176
20454	181	5	1	422510
20454	182	26	3	6223953
20454	183	18	4	1374854
20454	184	8	7	114591
20454	185	16	2	442655
20454	186	17	2	456862
20454	187	9	1	179357
20454	188	5	1	66255
20454	189	3	2	85045
20454	190	35	1	825831
20454	191	83	21	31130791
20454	192	64	9	8120533
20454	193	9	2	115428
20454	194	2	1	11065
20454	195	6	3	130781
20454	196	76	57	12438881
20454	197	1	1	10993
20454	198	1	1	10996
20454	200	1	1	10995
20454	201	1	1	10994
20454	203	1	1	10996
20454	204	1	1	10992
20454	206	2	1	11064
20454	207	1	1	10995
20454	209	1	1	10993
20454	210	1	1	10990
20454	212	1	1	10991
20454	214	1	1	10972
20454	215	1	1	10974
20454	216	2	1	9208
20454	217	1	1	10973
20454	218	1	1	10971
20454	220	1	1	10970
20454	221	1	1	10970
20454	223	1	1	10969
20454	224	1	1	10975
20454	226	1	1	10973
20454	228	1	1	10976
20454	229	1	1	10969
20454	231	1	1	10975
20454	232	1	1	10973
20454	234	1	1	10974
20454	235	2	2	21950
20454	236	1	0	990
20454	237	1	1	10972
20454	238	1	1	10971
20454	240	1	1	10971
20454	241	2	1	21704
20454	243	3	2	20181
20454	245	2	2	21947
20454	246	1	1	10972
20454	247	1	1	10974
20454	248	1	1	10974
20454	249	1	1	10972
20454	251	1	1	10973
20454	252	1	1	10975
20454	253	1	1	9135
20454	254	1	1	10969
20454	255	2	2	21944
20454	256	2	1	9207
20454	257	2	2	21940
20454	258	318	2	15384722
20454	259	1	1	10972
20454	260	3	2	20182
20454	261	1	1	9135
20454	262	2	2	20103
20454	263	1	1	10971
20454	265	1	1	10969
20454	266	1	1	10970
20454	268	1	1	10973
20454	269	1	1	10966
20454	271	4	4	43885
20454	272	2	2	21944
20454	273	1	1	10972
20454	274	11	3	5181178
20454	276	1	1	10971
20454	277	2	1	57946
20454	279	1	1	10974
20454	280	1	1	10972
20454	282	1	1	10974
20454	283	1	1	10974
20454	285	1	1	10973
20454	286	1	1	10976
20455	0	2	1	11042
20455	2	1	1	10969
20455	3	1	1	10976
20455	5	1	1	10972
20455	6	1	1	10974
20455	8	1	1	10968
20455	9	2	2	21948
20455	11	1	1	10972
20455	12	1	1	10967
20455	14	1	1	10971
20455	15	1	1	10968
20455	17	1	1	10968
20455	19	2	2	52195
20455	20	1	1	10966
20455	22	1	1	10968
20455	23	1	1	10969
20455	24	1	1	10968
20455	25	1	1	10973
20455	26	1	1	10970
20455	28	1	1	10972
20455	29	1	1	10973
20455	30	2	1	9206
20455	31	1	1	10969
20455	32	2	1	11042
20455	33	1	1	10971
20455	34	1	1	10970
20455	36	2	2	21932
20455	37	1	1	10970
20455	39	5	2	22156
20455	40	1	1	10973
20455	42	2	2	20111
20455	43	1	1	10969
20455	44	1	1	41228
20455	45	1	1	10972
20455	46	1	1	10967
20455	48	1	1	10970
20455	49	1	1	10964
20455	51	2	2	21941
20455	53	1	1	10973
20455	54	1	1	10969
20455	56	1	1	10972
20455	57	1	1	10972
20455	58	4	3	43923
20455	59	1	1	10972
20455	60	1	1	10965
20455	62	1	1	10968
20455	63	1	1	10971
20455	64	1	1	10970
20455	65	1	1	10970
20455	66	1	1	10969
20455	68	1	1	10970
20455	70	10	2	5170206
20455	71	20	4	10370669
20455	72	1	1	9134
20455	73	1	1	10969
20455	74	1	1	10972
20455	75	4	3	43911
20455	76	1	1	10966
20455	77	1	1	10972
20455	79	1	1	10966
20455	80	1	1	10971
20455	82	1	1	10968
20455	83	1	1	10972
20455	85	1	1	10971
20455	87	1	1	10968
20455	88	1	1	10971
20455	90	1	1	10970
20455	91	2	2	21940
20455	93	1	1	10977
20455	94	1	1	10973
20455	96	1	1	10969
20455	97	1	1	10970
20455	99	1	1	10973
20455	100	2	2	20111
20455	102	1	1	10972
20455	104	5	4	54875
20455	105	1	1	10968
20455	107	1	1	10972
20455	108	1	1	10974
20455	110	1	1	10966
20455	111	1	1	10969
20455	112	1	1	10970
20455	113	1	1	10969
20455	114	1	1	10973
20455	115	1	1	10972
20455	116	9	5	192179
20455	117	1	1	10975
20455	119	1	1	10969
20455	120	1	1	10972
20455	121	1	0	71
20455	122	5	4	54892
20455	123	1	1	10970
20455	124	1	1	10971
20455	125	1	1	10969
20455	126	4	3	43916
20455	127	1	1	10970
20455	128	1	1	10971
20455	129	1	1	10967
20455	130	1	1	10972
20455	131	1	1	10968
20455	133	1	1	10968
20455	134	1	1	10972
20455	136	1	1	10971
20455	137	19	3	10329442
20455	139	1	1	10970
20455	141	1	1	10972
20455	142	1	1	10966
20455	144	6	4	54945
20455	145	1	1	10973
20455	146	12	5	327435
20455	147	2	1	11043
20455	148	1	1	10972
20455	150	1	1	10974
20455	151	1	1	10969
20455	153	3	2	20179
20455	155	1	1	10973
20455	156	1	1	10973
20455	158	3	1	11115
20455	159	2	2	21942
20455	161	1	1	10971
20455	162	1	1	10974
20455	163	1	1	12523
20455	164	1	1	10968
20455	165	1	1	10974
20455	166	2	1	9209
20455	167	1	1	10973
20455	169	7	6	105256
20455	170	1	1	10971
20455	172	1	1	10966
20455	173	1	1	10970
20455	175	1	1	10971
20455	176	1	1	10970
20455	178	1	1	10973
20455	179	1	1	10969
20455	181	1	1	10973
20455	182	3	3	21940
20455	184	1	1	10970
20455	186	3	2	22013
20455	187	1	1	10972
20455	189	2	2	21944
20455	190	1	1	10972
20455	192	2	2	21941
20455	193	2	2	21936
20455	195	1	1	10969
20455	196	9	7	98795
20455	198	6	2	132644
20455	199	14	6	258248
20455	200	30	8	4375162
20455	201	16	1	445043
20455	202	15	3	1262086
20455	203	11	7	255735
20455	204	15	8	405900
20455	205	21	7	569356
20455	206	3	1	58454
20455	207	7	4	203768
20455	208	13	4	5158578
20455	209	1	1	11436
20455	210	1	1	11438
20455	212	1	1	11434
20455	213	1	1	11437
20455	215	9	7	103037
20455	217	1	1	11435
20455	218	5	4	57229
20455	219	4	3	45795
20455	220	5	4	57227
20455	221	5	4	57229
20455	222	4	3	45790
20455	223	1	1	11437
20455	224	2	1	11510
20455	226	1	1	11438
20455	227	1	1	11437
20455	229	1	1	11438
20455	230	1	1	11437
20455	231	1	1	9565
20455	232	6	4	57303
20455	233	1	1	11435
20455	235	1	1	11436
20455	237	7	5	67280
20455	238	5	4	57227
20455	240	1	1	11433
20455	241	1	1	11433
20455	242	8	6	91581
20455	243	5	4	57229
20455	244	5	4	57227
20455	246	1	1	11437
20455	247	5	4	57232
20455	248	8	6	91586
20455	249	5	4	57226
20455	250	2	2	21001
20455	252	7	5	136527
20455	253	1	1	11437
20455	254	3	2	88873
20455	255	1	1	11438
20455	257	3	2	21072
20455	258	3	2	90744
20455	260	5	4	57229
20455	261	27	11	10345010
20455	263	9	7	103025
20455	264	1	1	11436
20455	265	1	1	42351
20455	266	6	6	68617
20455	267	14	11	160248
20455	268	9	6	138548
20455	269	10	8	114483
20455	270	5	4	57227
20455	271	1	1	11435
20455	272	4	2	137716
20455	273	22	6	10329608
20455	274	1	0	46946
20455	275	2	2	22876
20455	276	1	1	11434
20455	277	1	1	11435
20455	278	1	1	11437
20455	280	1	1	11436
20455	281	1	1	11436
20455	282	12	9	137422
20455	283	1	1	11434
20455	284	1	1	11436
20455	286	1	1	11436
20456	0	1	1	11435
20456	1	11	9	124034
20456	2	1	1	11436
20456	3	5	4	57234
20456	4	1	1	11434
20456	6	1	1	11436
20456	7	5	4	57229
20456	8	2	1	56511
20456	9	1	1	11435
20456	11	9	7	103021
20456	12	6	4	57290
20456	14	7	5	67770
20456	15	1	1	11436
20456	17	1	1	11435
20456	18	1	1	11437
20456	19	1	0	71
20456	20	5	4	57227
20456	21	1	1	11436
20456	23	1	1	11433
20456	24	2	2	22874
20456	25	4	3	45793
20456	26	2	2	20998
20456	27	3	2	90744
20456	29	1	1	11435
20456	30	9	7	133941
20456	31	7	5	136542
20456	32	9	7	103022
20456	34	1	1	11438
20456	35	1	1	11437
20456	36	1	1	11439
20456	37	8	5	68808
20456	38	1	1	11435
20456	39	12	7	103228
20456	40	1	1	11437
20456	41	1	1	11438
20456	43	5	4	57229
20456	44	1	1	11438
20456	45	20	15	228976
20456	46	1	1	11436
20456	48	5	4	57231
20456	49	5	4	57234
20456	50	3	1	11574
20456	51	5	4	57234
20456	52	2	2	22872
20456	54	4	2	22947
20456	55	1	1	11437
20456	56	4	3	45799
20456	57	5	4	57235
20456	58	7	5	66866
20456	59	4	3	45797
20456	60	6	5	68673
20456	61	4	3	45795
20456	62	4	3	45795
20456	63	1	1	11439
20456	64	1	1	11435
20456	66	9	7	103028
20456	68	9	2	342172
20456	69	5	4	57234
20456	70	4	3	45796
20456	71	6	5	68674
20456	72	9	7	103046
20456	73	8	6	91583
20456	74	13	10	148824
20456	75	1	1	11437
20456	76	13	10	148811
20456	77	1	1	11434
20456	78	5	4	57232
20456	79	1	1	11437
20456	80	1	1	11438
20456	81	5	4	57237
20456	82	8	6	91587
20456	83	4	2	42485
20456	85	1	1	11437
20456	86	9	7	103033
20456	87	8	6	91595
20456	88	1	1	11437
20456	89	5	4	57227
20456	91	3	3	32442
20456	92	5	4	57235
20456	94	9	7	103034
20456	95	5	4	57232
20456	96	4	3	45791
20456	97	1	1	11437
20456	98	2	2	21005
20456	99	4	3	45799
20456	100	1	1	11439
20456	101	1	1	11436
20456	102	1	0	71
20456	103	2	2	21005
20456	104	4	3	45788
20456	105	5	4	57236
20456	106	1	1	11436
20456	107	4	3	45798
20456	108	5	4	57240
20456	109	1	1	11436
20456	110	1	1	9567
20456	111	1	1	11439
20456	112	1	1	11438
20456	113	4	3	45791
20456	114	1	1	11436
20456	115	12	10	135470
20456	117	1	1	11438
20456	118	5	4	57234
20456	120	1	1	11439
20456	121	5	4	57231
20456	122	5	4	55360
20456	123	1	1	11437
20456	125	5	2	60126
20456	126	1	1	11440
20456	128	5	4	57235
20456	129	1	1	11436
20456	131	1	1	11437
20456	132	1	1	11438
20456	133	2	0	142
20456	134	2	1	11508
20456	135	5	4	57226
20456	137	1	1	11439
20456	138	3	3	32440
20456	140	1	1	11437
20456	141	4	3	45805
20456	142	1	1	11434
20456	143	5	4	57232
20456	144	4	3	45796
20456	145	5	4	57239
20456	146	5	4	57229
20456	147	2	1	9636
20456	148	11	2	5218048
20456	149	14	5	5216896
20456	151	1	1	11437
20456	152	1	1	11437
20456	153	11	7	101338
20456	154	2	2	22879
20456	156	1	1	11431
20456	157	9	7	103023
20456	158	8	6	91593
20456	159	5	4	57234
20456	160	1	1	11436
20456	161	1	1	9565
20456	162	1	1	11466
20456	163	1	1	11438
20456	165	7	5	66866
20456	166	3	3	30567
20456	167	4	0	194512
20456	168	8	7	85922
20456	169	6	1	206020
20456	170	1	1	11438
20456	171	1	1	11439
20456	172	1	1	11435
20456	173	5	3	45870
20456	174	1	1	11436
20456	176	10	7	103101
20456	177	9	7	103030
20456	179	11	3	5182536
20456	180	1	1	11438
20456	182	1	1	11438
20456	183	2	1	11510
20456	185	1	1	11439
20456	186	1	1	11439
20456	188	1	1	11438
20456	189	1	1	11438
20456	191	9	7	103025
20456	192	1	1	11437
20456	193	1	1	11436
20456	194	1	1	11441
20456	195	8	6	91598
20456	196	3	2	90743
20456	197	3	2	90740
20456	199	5	4	57230
20456	200	5	4	57225
20456	201	4	3	45795
20456	202	5	4	57236
20456	203	2	2	53792
20456	204	4	3	45791
20456	205	3	3	34307
20456	206	1	1	11437
20456	208	1	1	11436
20456	209	1	1	11439
20456	211	6	5	66790
20456	213	3	3	63351
20456	214	1	1	11440
20456	216	1	1	11434
20456	217	5	4	57226
20456	219	1	1	11437
20456	220	2	2	53788
20456	222	1	1	11436
20456	223	1	1	11436
20456	224	4	3	45788
20456	225	9	8	68662
20456	226	5	4	57230
20456	228	5	4	57233
20456	230	3	3	96139
20456	231	1	1	11435
20456	233	3	2	21069
20456	234	1	1	11438
20456	236	7	5	77514
20456	237	9	7	103032
20456	239	1	1	11437
20456	240	2	1	11510
20456	242	2	1	11507
20456	243	1	1	11439
20456	245	1	1	11435
20456	246	4	3	45796
20456	247	5	4	57236
20456	248	5	4	57230
20456	250	1	1	11436
20456	251	1	1	11438
20456	253	1	1	11438
20456	254	2	2	21005
20456	256	4	4	76659
20456	257	1	1	11445
20456	258	1	0	71
20456	259	1	1	11438
20456	260	15	2	136457
20456	262	1	1	11438
20456	263	1	1	11439
20456	264	1	1	11438
20456	265	1	1	11437
20456	266	2	1	79306
20456	267	2	2	22875
20456	268	1	1	11433
20456	269	2	1	42422
20456	270	2	1	23384
20456	271	5	4	57227
20456	273	1	1	11437
20456	274	4	3	81285
20456	275	11	8	112663
20456	276	1	1	11437
20456	277	2	2	22873
20456	278	2	1	9636
20456	279	1	1	11438
20456	280	1	0	71
20456	281	1	1	11434
20456	282	3	2	22942
20456	284	1	1	11438
20456	285	1	1	11435
20456	287	1	1	11434
20457	0	1	1	11437
20457	2	1	1	11434
20457	3	1	1	11436
20457	5	1	1	11437
20457	6	2	2	22875
20457	7	4	3	45792
20457	8	1	1	11438
20457	10	1	1	11437
20457	11	5	4	57237
20457	13	2	2	21002
20457	14	2	2	53786
20457	16	1	1	11436
20457	17	1	1	11438
20457	19	1	1	11435
20457	20	1	1	11437
20457	21	2	1	79306
20457	22	1	1	11437
20457	23	1	1	11437
20457	24	2	2	22871
20457	25	4	4	74788
20457	26	2	1	11510
20457	27	4	3	45792
20457	28	1	1	11435
20457	30	1	1	11437
20457	31	1	1	11438
20457	33	5	4	57236
20457	34	1	1	11437
20457	35	4	3	45796
20457	36	5	4	57228
20457	37	3	2	90744
20457	39	1	1	11438
20457	40	1	1	11436
20457	42	5	4	113621
20457	43	2	2	21003
20457	44	4	2	158612
20457	45	1	1	11440
20457	46	1	1	11432
20457	48	1	1	11437
20457	50	1	1	11437
20457	51	1	1	11438
20457	53	1	1	11436
20457	54	2	2	53790
20457	56	10	2	5171108
20457	57	1	1	11436
20457	59	1	1	11438
20457	60	5	4	57230
20457	61	5	3	102252
20457	62	1	1	11436
20457	63	1	1	11437
20457	64	7	7	22879
20457	65	1	1	11437
20457	66	6	4	125104
20457	67	1	1	11437
20457	68	3	2	90743
20457	70	1	1	11436
20457	71	5	4	57235
20457	72	2	1	79306
20457	73	9	7	103039
20457	74	5	4	57232
20457	76	1	1	11437
20457	77	2	1	11510
20457	78	4	3	45792
20457	79	1	1	11440
20457	80	1	1	11439
20457	82	1	1	11437
20457	84	1	1	11436
20457	85	1	1	11435
20457	87	1	1	11438
20457	88	6	6	68614
20457	90	1	1	11435
20457	91	1	1	11438
20457	93	1	1	11435
20457	94	6	5	68673
20457	95	1	1	42351
20457	96	2	1	48392
20457	97	1	1	11436
20457	99	1	1	11437
20457	101	1	1	11438
20457	102	2	1	11509
20457	104	1	1	11437
20457	105	1	1	11438
20457	107	2	2	22870
20457	108	1	1	11435
20457	110	5	4	57226
20457	111	2	2	21004
20457	113	2	2	21004
20457	114	1	1	11440
20457	115	2	2	22872
20457	116	10	4	70973
20457	117	55	13	10715291
20457	118	1	1	11439
20457	119	1	1	11435
20457	121	1	1	11437
20457	122	1	1	11434
20457	123	4	3	45796
20457	124	1	1	11437
20457	125	1	1	11436
20457	127	1	1	11438
20457	128	1	1	11440
20457	129	1	1	11436
20457	130	2	2	22875
20457	131	1	1	11436
20457	132	1	1	11437
20457	133	10	2	5171102
20457	135	4	1	24602
20457	136	2	2	22873
20457	138	1	1	11438
20457	139	6	4	104202
20457	141	1	1	11440
20457	142	1	1	11435
20457	143	4	3	45791
20457	144	8	5	79545
20457	145	13	3	470416
20457	147	1	1	11439
20457	148	1	1	11436
20457	149	9	1	5159665
20457	150	2	1	11508
20457	152	1	1	11437
20457	153	1	1	11437
20457	154	4	3	45795
20457	155	1	1	11437
20457	156	5	4	57214
20457	157	2	0	13129
20457	158	1	1	11437
20457	159	2	1	11509
20457	161	22	5	10365130
20457	162	1	1	11436
20457	163	1	0	71
20457	164	1	1	11438
20457	165	1	1	11438
20457	166	33	1	2595934
20457	167	46	3	16111670
20457	168	16	1	2151854
20457	169	46	2	21396330
20457	170	18	1	12145935
20457	172	3	2	21074
20457	173	1	1	11442
20457	174	8	3	240309
20457	175	3	3	30566
20457	176	3	2	90743
20457	178	3	2	90740
20457	179	1	1	11439
20457	181	5	1	205948
20457	182	1	1	11438
20457	183	4	3	45792
20457	184	5	4	57233
20457	186	1	1	11438
20457	187	1	1	11436
20457	189	1	1	11438
20457	190	1	1	11434
20457	192	2	2	22873
20457	193	1	1	11438
20457	194	3	2	21075
20457	195	5	3	127822
20457	196	1	1	11438
20457	198	1	1	11437
20457	199	1	1	11439
20457	201	1	1	11440
20457	203	1	1	11437
20457	204	174	174	7338161
20457	205	4	3	45798
20457	206	2	2	22871
20457	207	2	2	53790
20457	209	1	1	11435
20457	210	1	1	11435
20457	211	7	5	136542
20457	212	1	1	11440
20457	213	5	4	57235
20457	214	1	1	11433
20457	215	1	1	11438
20457	216	2	1	24495
20457	217	2	1	79306
20457	218	1	1	11438
20457	219	1	1	11437
20457	221	2	1	11507
20457	222	1	1	11434
20457	224	2	1	11507
20457	225	1	1	42351
20457	226	1	1	11438
20457	227	1	1	11435
20457	228	2	0	12191
20457	239	1	1	11441
20457	240	1	1	11438
20457	241	2	1	58410
20457	242	3	1	23704
20457	243	24	10	110206
20457	245	1	1	11436
20457	246	4	2	158612
20457	247	1	1	11437
20457	248	1	1	11437
20457	250	1	1	11438
20457	251	1	1	11441
20457	253	1	1	11437
20457	254	1	1	11438
20457	256	1	1	11438
20457	257	1	1	11438
20457	259	1	1	11438
20457	260	1	1	11437
20457	261	1	0	71
20457	262	1	1	11436
20457	264	1	1	11435
20457	265	1	1	11435
20457	267	1	1	11439
20457	268	1	1	11437
20457	270	1	1	11436
20457	271	1	1	11442
20457	273	3	2	90743
20457	274	1	1	11434
20457	276	1	1	11437
20457	277	1	1	11440
20457	278	6	2	210762
20457	279	1	1	11438
20457	280	16	4	5381869
20457	281	4	3	45792
20457	282	1	1	11435
20457	284	2	2	22869
20457	285	1	1	11435
20457	286	1	1	9567
20457	287	1	1	11438
20458	0	1	1	11440
20458	1	3	1	23458
20458	2	1	1	11436
20458	3	1	1	11438
20458	5	1	1	11439
20458	6	1	1	11433
20458	8	2	2	22872
20458	9	1	1	11436
20458	11	1	1	11437
20458	12	5	4	55354
20458	13	1	1	11435
20458	14	1	1	11437
20458	16	1	1	11434
20458	17	1	1	11436
20458	19	1	1	11438
20458	20	1	1	11436
20458	22	1	1	11434
20458	23	5	4	57222
20458	24	2	1	9636
20458	25	2	2	22872
20458	26	1	1	11437
20458	28	1	1	11438
20458	29	1	1	11434
20458	31	1	1	11438
20458	33	1	1	11438
20458	34	1	1	11434
20458	35	1	1	11439
20458	36	2	2	22870
20458	37	1	1	11439
20458	38	3	2	96652
20458	39	3	2	22942
20458	40	5	4	57230
20458	42	1	1	11437
20458	43	1	1	11439
20458	45	1	1	11434
20458	46	1	1	11439
20458	48	1	1	11434
20458	49	2	2	21002
20458	50	2	1	9638
20458	51	1	1	11440
20458	53	1	1	11435
20458	54	2	2	21002
20458	56	1	1	11438
20458	57	1	1	11442
20458	59	1	1	11437
20458	60	1	1	11436
20458	61	1	1	42351
20458	62	1	1	11435
20458	63	1	1	11436
20458	64	10	2	5171102
20458	65	1	1	11438
20458	66	1	1	11438
20458	68	1	1	11439
20458	69	1	1	11438
20458	70	15	3	9236370
20458	72	14	14	133606
20458	73	4	3	40762
20458	74	5	3	30709
20458	76	16	11	2930579
20458	77	21	12	324799
20458	78	12	9	182257
20458	79	57	28	17057809
20458	80	21	7	5358971
20458	81	2	0	142
20458	82	1	1	11467
20458	83	14	11	697194
20458	84	109	66	10978970
20458	85	54	35	2481027
20458	86	67	36	3560111
20458	87	13	10	123166
20458	88	25	9	8025210
20458	89	1	1	11591
20458	91	1	1	11590
20458	92	5	4	58018
20458	94	1	1	11592
20458	95	1	1	11592
20458	97	1	1	11590
20458	99	4	3	64702
20458	100	1	1	11592
20458	102	1	1	11600
20458	103	1	1	11593
20458	105	1	1	11590
20458	106	1	1	11589
20458	108	2	2	23180
20458	109	1	1	11591
20458	110	1	0	11644
20458	111	16	8	1550569
20458	112	6	3	192392
20458	113	1	1	9642
20458	114	3	2	592967
20458	115	1	1	11592
20458	117	1	1	11592
20458	118	1	0	11645
20458	119	4	2	34909
20458	120	2	2	54991
20458	122	1	1	11592
20458	123	3	1	34877
20458	124	1	0	571732
20458	125	25	9	8025203
20458	126	2	1	23234
20458	128	8	4	682482
20458	129	2	2	23182
20458	130	8	4	688401
20458	131	1	1	11592
20458	132	5	4	58013
20458	133	6	1	690229
20458	134	3	1	23306
20458	135	5	3	178730
20458	136	7	3	1059422
20458	137	1	1	11592
20458	138	3	1	594963
20458	139	2	1	83570
20458	140	2	2	54988
20458	142	4	1	1202001
20458	143	6	1	46614
20458	145	8	5	680484
20458	146	1	1	11589
20458	148	3	1	25317
20458	149	2	1	23235
20458	151	1	1	11592
20458	152	1	1	11590
20458	153	2	0	1143464
20458	154	1	1	11588
20458	155	3	1	623493
20458	156	4	3	46425
20458	157	2	1	23234
20458	158	3	2	95162
20458	159	1	0	71
20458	160	1	1	11590
20458	161	14	6	2343785
20458	162	2	0	23286
20458	163	31	15	8656669
20458	165	2	1	25251
20458	166	1	1	11589
20458	167	9	7	90775
20458	168	2	1	583323
20458	169	8	3	1073035
20458	170	1	0	11642
20458	171	7	7	204472
20458	172	20	5	7982676
20458	174	1	1	11591
20458	175	3	3	98389
20458	176	7	3	1230980
20458	177	3	2	32877
20458	178	3	1	36896
20458	180	1	1	11590
20458	181	1	1	11591
20458	183	1	1	11591
20458	184	1	1	11592
20458	185	1	0	0
20458	186	1	1	11589
20458	188	1	1	11591
20458	189	2	2	23187
20458	190	3	2	66637
20458	191	1	1	11591
20458	192	3	3	32824
20458	194	2	1	23234
20458	195	1	1	11591
20458	196	2	1	83570
20458	197	2	1	23234
20458	198	2	1	25248
20458	199	3	1	95212
20458	200	2	1	11659
20458	201	2	1	23234
20458	203	1	1	11592
20458	204	1	1	11588
20458	205	3	0	595020
20458	206	2	1	23234
20458	207	49	18	6946393
20458	208	82	55	8828266
20458	209	30	14	8075390
20458	210	48	17	7061852
20458	211	44	26	6229048
20458	212	82	58	6776139
20458	213	92	56	10486998
20458	214	11	7	1171420
20458	215	52	18	11232019
20458	216	42	22	6266242
20458	217	125	83	13032359
20458	218	58	43	4933608
20458	219	73	50	7724725
20458	220	56	28	10321461
20458	221	57	27	10225652
20458	222	126	67	18904940
20458	223	36	27	344654
20458	224	1	1	11799
20458	225	2	0	24920
20458	226	1	1	11799
20458	227	6	1	1774009
20458	229	2	1	24076
20458	231	5	3	58918
20458	232	1	1	11800
20458	233	1	0	11759
20458	234	2	1	25591
20458	235	12	3	118866
20458	236	7	4	669474
20458	237	2	1	20565
20458	238	2	1	23553
20458	240	2	1	23556
20458	241	2	1	23553
20458	242	3	0	11896
20458	243	2	2	21563
20458	244	1	1	11801
20458	245	7	3	660246
20458	246	6	3	54832
20458	247	2	1	23556
20458	248	4	2	47109
20458	249	1	1	11803
20458	250	2	1	9833
20458	251	1	1	11799
20458	252	18	8	832662
20458	253	6	2	790476
20458	254	1	1	11799
20458	255	3	2	423776
20458	256	1	0	11756
20458	257	3	2	21635
20458	258	3	1	423736
20458	259	8	3	1637435
20458	260	1	1	11797
20458	261	2	1	583533
20458	262	1	0	13792
20458	263	1	1	11797
20458	264	2	1	23556
20458	265	2	0	23517
20458	266	1	1	11800
20458	268	1	1	11797
20458	269	8	4	1071695
20458	271	2	2	23599
20458	272	1	1	11799
20458	273	2	0	23514
20458	274	1	1	11799
20458	275	5	2	62840
20458	277	1	1	11799
20458	278	2	2	21557
20458	279	9	5	143328
20458	280	3	2	21632
20458	281	2	2	56060
20458	283	4	1	37421
20458	284	8	5	687387
20458	285	1	0	11755
20458	286	2	2	21560
20458	287	3	2	96858
20459	0	1	1	11802
20459	1	11	3	108907
20459	2	7	2	1052140
20459	3	1	1	11797
20459	4	6	3	182450
20459	5	2	1	23559
20459	6	1	1	11797
20459	7	4	3	82363
20459	8	1	0	71
20459	9	4	2	108617
20459	10	1	1	11799
20459	11	1	0	13793
20459	12	9	1	1056278
20459	13	12	5	2733237
20459	15	4	3	47151
20459	16	2	1	23550
20459	17	1	1	9761
20459	18	8	4	1071704
20459	19	1	1	11796
20459	21	1	1	11800
20459	22	1	1	11797
20459	23	1	0	11760
20459	24	3	3	67858
20459	25	1	0	13793
20459	26	1	1	11801
20459	27	1	1	11799
20459	29	1	1	11799
20459	30	3	1	23555
20459	31	3	3	132777
20459	32	10	9	365871
20459	33	1	1	11798
20459	34	1	0	571732
20459	35	1	1	11799
20459	36	2	2	23598
20459	38	1	1	11796
20459	39	2	1	23554
20459	44	1	1	11797
20459	45	2	1	23555
20459	47	2	2	21560
20459	48	10	10	442590
20459	49	1	1	11798
20459	50	5	3	181915
20459	51	2	1	85058
20459	52	8	5	86106
20459	53	1	1	11802
20459	55	1	1	11798
20459	56	2	1	23558
20459	58	1	1	11800
20459	59	1	1	11797
20459	60	3	0	983667
20459	61	2	1	23558
20459	62	3	2	23664
20459	64	4	3	65888
20459	65	1	1	11798
20459	66	24	8	5443021
20459	67	1	1	11800
20459	68	2	1	23554
20459	70	1	1	11796
20459	71	6	3	659709
20459	72	6	1	86501
20459	73	1	1	11798
20459	74	2	0	48477
20459	75	2	1	11877
20459	76	19	4	195391
20459	77	1	0	8374
20459	78	24	20	231329
20459	79	34	27	312676
20459	80	3	0	9830
20459	81	4	2	47112
20459	82	1	1	11801
20459	84	1	1	11799
20459	85	8	3	71990
20459	86	11	7	153818
20459	87	62	35	2579303
20459	88	156	81	22669251
20459	89	50	16	10724050
20459	90	1	1	11768
20459	91	2	0	12374
20459	92	4	1	29744
20459	93	1	1	11769
20459	94	4	0	383031
20459	95	8	1	134124
20459	96	15	10	472038
20459	97	51	26	1854515
20459	98	27	14	1330983
20459	99	35	13	1920619
20459	100	25	8	3192397
20459	101	6	5	84595
20459	102	21	8	1807359
20459	103	25	20	236833
20459	104	15	15	147467
20459	105	9	7	687801
20459	106	20	10	194762
20459	107	12	7	122036
20459	108	12	4	543304
20459	109	1	0	71
20459	110	21	8	775892
20459	111	38	11	1358312
20459	112	3	2	69491
20459	113	1	1	13834
20459	114	12	4	2871689
20459	115	3	3	41491
20459	116	1	1	13831
20459	118	1	1	13832
20459	119	3	1	25647
20459	120	1	0	11744
20459	121	5	2	655528
20459	122	1	1	13831
20459	123	1	0	11744
20459	124	1	1	13833
20459	125	1	1	13832
20459	126	3	0	630419
20459	127	1	1	13832
20459	128	2	1	25577
20459	130	1	1	13830
20459	131	6	4	71143
20459	132	5	4	55346
20459	133	2	1	585561
20459	134	1	1	13831
20459	135	1	0	11746
20459	136	3	3	36381
20459	137	3	2	36848
20459	138	2	0	1143464
20459	139	2	2	27660
20459	140	13	0	1306628
20459	141	1	1	13832
20459	142	29	9	1263866
20459	144	1	1	13831
20459	145	4	2	49606
20459	146	6	3	46189
20459	147	1	1	13829
20459	148	1	1	13829
20459	149	6	1	1442049
20459	150	6	4	138173
20459	151	1	1	13829
20459	152	5	1	47939
20459	153	1	1	13833
20459	154	1	1	13834
20459	155	3	2	36849
20459	156	4	1	37317
20459	157	11	8	152223
20459	158	1	0	13760
20459	159	4	1	25645
20459	160	3	1	14450
20459	162	2	2	27662
20459	164	4	2	88400
20459	165	42	39	1967161
20459	166	73	73	3726650
20459	167	1	1	13835
20459	168	1	1	13829
20459	169	5	2	113134
20459	170	2	2	25106
20459	171	6	5	66525
20459	172	19	11	200284
20459	173	16	5	656596
20459	174	4	2	78525
20459	176	5	4	60621
20459	177	1	1	13655
20459	178	7	1	46059
20459	179	2	1	25230
20459	181	2	2	24780
20459	182	39	9	3018398
20459	184	1	1	13657
20459	185	5	1	1044088
20459	186	4	2	47929
20459	187	1	1	13658
20459	188	2	2	24780
20459	190	2	1	13727
20459	191	2	1	24725
20459	192	1	1	13656
20459	193	6	2	404740
20459	194	2	1	25230
20459	195	2	1	88548
20459	196	1	1	13655
20459	197	1	1	13656
20459	199	3	3	35915
20459	200	2	2	27311
20459	202	2	1	25228
20459	203	2	1	25225
20459	204	4	1	159538
20459	205	1	1	13657
20459	207	1	1	13655
20459	208	2	1	25229
20459	209	3	1	34269
20459	210	3	2	36355
20459	211	2	1	585388
20459	212	3	0	1715196
20459	213	1	1	13657
20459	214	2	2	24780
20459	216	3	2	36361
20459	217	4	3	47482
20459	218	9	6	91574
20459	219	11	9	109815
20459	220	5	2	35188
20459	221	4	1	35009
20459	222	1	1	13673
20459	223	12	7	214283
20459	224	15	9	169765
20459	225	26	16	282927
20459	226	15	10	168108
20459	227	18	16	234316
20459	228	23	9	781876
20459	229	4	3	33514
20459	230	59	20	2650203
20459	231	36	23	447900
20459	232	27	11	883376
20459	233	5	5	55286
20459	234	27	18	293910
20459	235	28	19	284373
20459	236	24	17	248825
20459	237	15	14	145466
20459	238	7	5	720509
20459	239	1	1	13694
20459	240	2	1	13763
20459	241	2	1	62157
20459	242	1	1	13689
20459	243	2	1	25187
20459	244	5	0	1077302
20459	245	4	2	38877
20459	246	2	1	25188
20459	247	3	2	38882
20459	248	7	1	1067032
20459	249	2	1	27838
20459	251	1	1	13694
20459	253	4	2	46389
20459	254	2	1	25857
20459	256	35	13	1328130
20459	257	4	1	80221
20459	259	1	1	13693
20459	260	3	2	36246
20459	261	1	1	11060
20459	262	2	1	27237
20459	263	2	2	27383
20459	264	1	0	11496
20459	265	4	1	643866
20459	266	4	1	436864
20459	267	2	0	53860
20459	268	1	1	13691
20459	269	1	1	13691
20459	271	1	1	13692
20459	272	3	2	36246
20459	273	2	1	22551
20459	274	2	1	27236
20459	276	1	1	13688
20459	277	3	1	38727
20459	278	1	0	571732
20459	279	1	1	13693
20459	280	1	1	13690
20459	281	2	0	25040
20459	282	2	1	13760
20459	283	3	1	25192
20459	284	1	0	11496
20459	285	1	1	13692
20459	286	1	1	13691
20460	0	1	1	13691
20460	1	1	1	13692
20460	3	1	1	13691
20460	4	1	1	13692
20460	5	3	2	73213
20460	6	1	1	13692
20460	7	4	1	643866
20460	9	1	1	13693
20460	10	2	0	641
20460	11	1	1	13691
20460	12	3	1	25253
20460	13	2	0	21239
20460	14	1	1	13692
20460	15	1	1	13692
20460	16	1	0	11496
20460	17	2	2	27382
20460	18	1	1	13690
20460	19	2	1	62155
20460	20	1	1	13689
20460	21	2	2	24747
20460	23	1	1	13692
20460	24	3	2	38877
20460	26	1	1	13692
20460	27	1	1	13694
20460	29	1	1	13690
20460	31	1	1	13691
20460	32	4	1	83629
20460	33	1	0	11495
20460	34	1	1	13691
20460	35	1	1	13690
20460	36	1	1	13691
20460	37	3	1	36823
20460	38	6	1	666856
20460	39	2	1	13763
20460	40	5	1	1044042
20460	41	2	1	25189
20460	43	2	1	25188
20460	44	1	1	13692
20460	46	1	1	13694
20460	47	1	1	13693
20460	49	2	1	13762
20460	50	1	1	13690
20460	51	1	0	11492
20460	52	1	1	13690
20460	53	1	1	13692
20460	54	1	0	11497
20460	55	2	1	14261
20460	56	2	1	137004
20460	57	1	1	13691
20460	58	2	1	13762
20460	59	1	0	11498
20460	60	1	1	13692
20460	61	2	1	13762
20460	63	1	1	13693
20460	64	5	1	73072
20460	66	1	1	13693
20460	67	1	1	13693
20460	69	1	1	13693
20460	70	3	2	24820
20460	71	14	9	150990
20460	72	1	1	13689
20460	73	1	1	13691
20460	75	2	1	25232
20460	76	1	1	13691
20460	77	1	0	570
20460	78	4	1	27380
20460	80	4	1	65777
20460	81	1	1	13692
20460	83	1	1	13691
20460	84	1	1	13691
20460	85	2	0	11565
20460	86	1	1	13686
20460	87	1	1	13691
20460	89	2	1	25186
20460	90	4	3	88042
20460	92	2	1	27237
20460	93	2	1	13692
20460	95	5	2	168303
20460	96	2	1	25187
20460	97	1	0	570
20460	98	3	2	36250
20460	99	1	1	13690
20460	101	1	1	13690
20460	103	3	1	585494
20460	104	1	1	13692
20460	105	2	1	89268
20460	106	1	1	13692
20460	107	1	1	13693
20460	109	2	2	64352
20460	110	1	1	13690
20460	112	1	1	13692
20460	113	1	1	13693
20460	114	1	0	11799
20460	115	2	1	27236
20460	116	2	2	27384
20460	117	48	12	528511
20460	118	1	1	13695
20460	119	21	3	1190392
20460	120	2	2	64354
20460	121	1	1	13692
20460	123	1	1	13693
20460	124	1	1	13693
20460	125	2	1	89268
20460	126	2	1	13763
20460	127	1	1	13692
20460	129	1	1	13693
20460	130	1	1	13692
20460	132	1	1	13691
20460	133	1	1	13691
20460	135	2	2	27386
20460	136	1	1	13693
20460	138	1	1	13689
20460	139	1	1	13693
20460	141	1	1	13690
20460	142	1	1	13692
20460	143	2	0	641
20460	144	1	1	13690
20460	145	1	0	71
20460	146	1	1	13691
20460	147	1	1	13689
20460	149	1	1	13692
20460	150	1	1	13691
20460	152	1	1	13692
20460	153	1	1	13694
20460	154	2	0	971911
20460	155	1	1	13692
20460	156	1	1	13693
20460	158	2	1	13761
20460	159	1	1	13691
20460	161	4	2	27523
20460	162	1	1	13690
20460	164	1	1	13692
20460	165	1	1	13691
20460	167	3	2	27453
20460	168	3	3	35808
20460	170	1	1	13691
20460	172	1	1	13692
20460	173	4	1	159575
20460	174	10	1	588348
20460	175	1	1	13690
20460	176	1	1	13690
20460	178	3	3	35802
20460	179	1	1	13691
20460	181	4	1	159575
20460	182	1	1	13690
20460	184	12	3	615728
20460	185	1	1	13693
20460	187	1	1	13693
20460	188	1	1	13690
20460	190	1	1	13694
20460	191	1	1	13690
20460	192	2	1	25186
20460	193	2	2	27383
20460	194	1	1	13690
20460	195	3	2	74364
20460	196	1	1	13692
20460	197	1	0	570
20460	198	1	1	13693
20460	199	1	1	13692
20460	201	1	1	13693
20460	202	6	0	65356
20460	203	1	1	13693
20460	208	1	1	11056
20460	210	1	1	13693
20460	214	1	0	11978
20460	220	5	3	56180
20460	223	1	1	13689
20460	225	1	1	13692
20460	226	1	1	13690
20460	228	1	1	13690
20460	229	1	1	13694
20460	231	1	1	13691
20460	232	1	1	13692
20460	234	1	1	13693
20460	235	1	1	13695
20460	237	1	1	13693
20460	238	29	7	1240178
20460	239	5	0	48622
20460	240	1	1	13690
20460	241	1	1	13692
20460	242	11	3	2676307
20460	243	19	9	1132640
20460	244	16	2	1428215
20460	245	1	1	13617
20460	246	3	2	24762
20460	247	3	0	1543643
20460	248	1	1	13619
20460	249	1	1	13617
20460	251	1	1	13619
20460	252	1	1	13618
20460	254	1	1	13617
20460	255	1	1	13619
20460	257	2	1	13690
20460	258	4	3	40926
20460	260	3	1	14282
20460	261	1	1	13617
20460	263	1	1	13615
20460	265	1	1	13618
20460	266	1	1	13619
20460	267	1	0	971
20460	268	1	1	13615
20460	269	2	1	585351
20460	271	4	3	38382
20460	272	1	1	13617
20460	274	1	1	13618
20460	275	1	1	13616
20460	277	2	1	26328
20460	278	1	1	13619
20460	280	1	1	13617
20460	281	1	1	13616
20460	283	1	1	13619
20460	284	1	1	13617
20460	286	3	2	37837
20460	287	1	1	13617
20461	1	2	1	413796
20461	3	1	1	13618
20461	4	1	1	13617
20461	6	1	1	13618
20461	7	1	1	13617
20461	9	1	1	13616
20461	10	3	2	24760
20461	12	2	1	14212
20461	13	1	1	13614
20461	15	1	1	13614
20461	16	1	1	13615
20461	18	1	1	13618
20461	20	3	2	102265
20461	21	1	1	13616
20461	23	1	1	13619
20461	24	2	2	27234
20461	26	2	2	64072
20461	27	2	2	27233
20461	28	1	1	13620
20461	29	1	1	13616
20461	30	1	1	13619
20461	32	1	1	13615
20461	33	1	1	13618
20461	35	2	1	13688
20461	36	2	2	27231
20461	38	25	4	1579873
20461	40	1	1	13616
20461	41	1	1	13617
20461	43	3	2	64141
20461	44	1	1	13620
20461	46	1	1	13616
20461	47	1	1	13620
20461	49	2	2	64070
20461	50	1	1	13619
20461	52	1	1	13618
20461	53	2	1	13689
20461	54	5	1	123137
20461	55	2	1	585351
20461	56	1	1	13617
20461	58	2	1	13688
20461	59	3	1	34865
20461	60	1	0	71
20461	61	1	1	13622
20461	62	1	1	13619
20461	63	1	1	13620
20461	64	2	1	14212
20461	65	25	1	2756027
20461	66	2	1	13687
20461	67	2	2	27237
20461	68	1	1	13619
20461	69	1	1	13617
20461	70	1	1	13619
20461	71	10	8	108964
20461	72	27	7	1403425
20461	73	2	1	13688
20461	74	1	0	593
20461	75	1	1	13621
20461	76	1	1	13617
20461	78	1	1	13620
20461	79	1	1	13617
20461	81	3	2	34151
20461	83	2	1	13690
20461	84	1	1	13618
20461	86	1	1	13619
20461	87	8	3	57235
20461	88	2	1	11138
20461	89	9	1	625747
20461	90	1	1	13619
20461	91	2	0	13947
20461	92	1	1	13529
20461	93	1	1	13526
20461	94	28	12	2417356
20461	95	15	8	1422273
20461	96	11	3	108205
20461	97	17	5	165825
20461	98	3	1	102476
20461	99	16	9	296295
20461	100	41	5	1508364
20461	101	2	1	23402
20461	103	1	1	13582
20461	104	1	1	13584
20461	106	3	2	74140
20461	107	2	2	24618
20461	108	29	7	210307
20461	109	3	3	35783
20461	110	8	4	117757
20461	111	32	10	2371914
20461	112	15	6	1178089
20461	113	4	3	45635
20461	115	2	1	25128
20461	116	1	1	13611
20461	117	2	0	697
20461	118	1	1	13611
20461	119	1	1	13606
20461	121	1	1	13608
20461	123	1	1	13611
20461	124	1	1	13612
20461	126	1	1	13610
20461	127	1	1	13608
20461	129	1	1	13611
20461	130	1	1	13609
20461	131	1	1	50648
20461	132	1	1	13609
20461	134	1	1	13610
20461	135	1	0	10125
20461	136	3	2	106711
20461	137	1	1	13610
20461	139	1	1	13610
20461	140	3	2	38833
20461	142	2	1	13683
20461	143	1	1	13611
20461	144	4	1	24795
20461	145	2	2	27219
20461	146	1	1	13610
20461	147	1	0	14174
20461	148	2	1	23456
20461	149	6	0	310798
20461	150	1	1	13609
20461	151	1	1	50648
20461	152	2	1	24375
20461	153	2	1	13681
20461	155	3	2	106712
20461	156	1	1	13610
20461	157	6	3	858412
20461	158	1	1	13610
20461	159	1	1	13610
20461	161	1	1	13611
20461	162	1	1	13609
20461	163	4	2	42631
20461	164	2	2	24698
20461	165	9	8	80134
20461	166	7	6	70996
20461	167	19	3	1844949
20461	168	14	5	172599
20461	169	78	52	2467295
20461	170	1	1	13608
20461	171	3	0	38397
20461	172	1	1	13610
20461	173	4	1	613512
20461	175	2	2	64257
20461	176	1	1	13609
20461	177	3	0	383328
20461	178	1	1	13607
20461	179	1	1	13609
20461	181	6	1	997183
20461	182	2	1	11158
20461	183	1	1	13610
20461	184	1	1	13609
20461	185	11	2	1126164
20461	186	2	1	14235
20461	187	2	1	585342
20461	189	11	1	532464
20461	190	1	1	13607
20461	191	2	2	22173
20461	192	3	2	37385
20461	193	2	0	1455555
20461	194	1	1	13608
20461	195	12	3	1139776
20461	196	4	1	938436
20461	197	1	1	13611
20461	198	1	1	13607
20461	200	1	1	13610
20461	201	3	2	106711
20461	202	1	0	9865
20461	203	1	1	13607
20461	204	1	1	13612
20461	205	5	1	824517
20461	206	2	2	13610
20461	207	3	0	145884
20461	208	2	1	14237
20461	209	1	1	13609
20461	211	1	1	13610
20461	212	3	2	106709
20461	214	1	1	13609
20461	215	2	1	25124
20461	216	1	1	13608
20461	217	1	1	13611
20461	218	1	1	13606
20461	219	1	1	50648
20461	220	1	1	13610
20461	221	1	1	13612
20461	223	4	3	117797
20461	225	3	2	106711
20461	226	2	1	93102
20461	227	1	1	13611
20461	228	1	1	13608
20461	230	1	1	13608
20461	231	1	1	13609
20461	232	2	0	971911
20461	233	1	1	13609
20461	234	3	1	14307
20461	236	2	2	27223
20461	237	1	1	13608
20461	238	1	0	71
20461	239	1	1	13610
20461	240	2	1	24638
20461	241	3	1	1093250
20461	242	1	1	13611
20461	243	2	2	64256
20461	245	2	1	13679
20461	246	7	1	780816
20461	247	1	1	13610
20461	248	1	1	13610
20461	250	1	1	13611
20461	251	5	2	4528470
20461	253	1	1	13609
20461	254	1	1	13608
20461	256	2	1	15296
20461	257	5	1	19295
20461	259	1	1	13610
20461	261	1	1	13610
20461	262	1	1	13612
20461	264	3	2	106710
20461	265	1	1	13609
20461	266	3	1	32394
20461	267	4	1	253785
20461	268	1	1	13609
20461	270	10	6	263669
20461	271	1	1	13610
20461	273	1	1	13609
20461	275	1	1	13612
20461	276	4	1	146160
20461	278	1	1	13611
20461	279	1	1	13612
20461	281	1	1	13609
20461	282	1	1	13610
20461	284	1	1	13609
20461	285	1	1	13611
20461	287	3	2	24767
20462	1	1	1	13610
20462	2	1	1	13612
20462	4	1	1	13610
20462	5	1	1	13611
20462	7	1	1	13610
20462	8	1	1	13610
20462	9	5	0	653228
20462	10	2	1	13680
20462	11	2	1	14237
20462	13	2	2	24692
20462	14	1	1	13608
20462	15	1	1	13609
20462	16	1	1	13609
20462	17	1	1	13608
20462	19	1	1	13608
20462	21	1	1	13610
20462	22	1	1	13610
20462	23	1	0	71
20462	24	2	1	13679
20462	25	2	2	27220
20462	27	1	1	13610
20462	28	1	1	13610
20462	30	14	3	1233724
20462	31	1	1	13607
20462	33	1	1	13610
20462	34	2	2	27217
20462	36	2	2	27216
20462	37	1	1	13610
20462	39	1	1	13610
20462	41	1	1	13609
20462	42	2	1	13679
20462	43	1	0	10096
20462	44	1	1	13610
20462	45	1	1	13608
20462	47	1	1	13610
20462	48	2	2	27215
20462	49	2	1	11158
20462	50	1	1	13612
20462	51	3	1	14308
20462	52	2	1	93102
20462	53	1	1	13607
20462	54	2	2	27217
20462	56	1	1	13609
20462	57	1	1	13611
20462	59	1	1	13611
20462	61	2	2	24693
20462	62	28	16	642427
20462	63	48	24	8227298
20462	64	56	29	609281
20462	65	1	1	13608
20462	66	1	0	71
20462	67	2	2	64260
20462	68	2	2	27219
20462	70	1	1	13610
20462	71	5	2	67881
20462	73	1	1	13610
20462	74	1	1	13610
20462	76	1	1	13608
20462	77	1	1	13607
20462	79	1	1	13612
20462	81	1	1	13608
20462	82	1	1	13609
20462	84	2	2	27219
20462	85	2	1	60580
20462	87	1	1	13611
20462	88	1	1	13608
20462	90	1	1	13610
20462	91	1	1	13608
20462	93	1	1	13611
20462	94	2	2	27219
20462	96	1	1	13612
20462	97	1	1	13609
20462	99	1	1	13608
20462	100	1	1	13609
20462	102	2	2	64257
20462	103	1	1	50648
20462	104	1	1	13608
20462	105	1	1	13608
20462	107	4	2	195113
20462	108	1	1	13610
20462	109	1	0	571732
20462	110	5	4	623644
20462	111	6	3	67844
20462	112	23	8	1224535
20462	113	4	2	29786
20462	114	6	2	44494
20462	115	1	0	71
20462	116	2	1	20212
20462	117	30	2	236242
20462	119	4	1	16379
20462	121	4	2	104173
20462	122	1	1	13752
20462	123	17	5	494036
20462	124	30	9	624138
20462	125	1	1	13753
20462	127	2	2	27511
20462	128	5	3	48282
20462	130	1	1	13752
20462	131	17	2	577817
20462	133	1	1	13754
20462	134	2	1	90348
20462	135	1	1	13754
20462	136	1	1	13754
20462	137	3	1	91028
20462	138	1	1	13752
20462	139	1	1	13754
20462	140	2	1	90348
20462	141	2	1	13825
20462	142	1	1	13755
20462	143	6	2	34097
20462	144	1	1	13754
20462	145	1	1	13754
20462	147	1	1	13754
20462	148	1	1	13753
20462	150	12	2	567093
20462	152	1	1	13755
20462	153	5	3	194451
20462	154	7	4	282298
20462	155	2	1	13823
20462	156	1	1	13754
20462	158	1	1	13751
20462	159	1	1	13754
20462	161	1	1	13751
20462	162	2	2	64896
20462	164	1	1	13754
20462	165	1	1	13755
20462	167	2	2	64893
20462	168	12	2	567090
20462	169	3	3	36262
20462	170	1	1	13750
20462	172	1	1	13754
20462	173	3	2	104104
20462	174	1	0	12700
20462	175	1	1	13757
20462	176	1	1	13755
20462	178	1	1	13757
20462	179	2	1	44984
20462	181	1	1	13753
20462	182	1	1	13753
20462	183	1	1	13755
20462	184	1	1	13757
20462	185	4	0	641711
20462	186	19	4	598263
20462	187	1	1	13753
20462	189	1	1	13754
20462	190	1	1	13754
20462	191	1	0	4566
20462	192	2	2	27505
20462	193	2	1	585487
20462	195	7	1	42178
20462	196	1	1	13753
20462	197	17	3	585469
20462	198	120	7	5036247
20462	199	1	0	71
20462	200	1	1	13800
20462	201	1	1	13798
20462	203	1	1	13798
20462	204	12	2	567179
20462	205	1	0	10076
20462	206	2	2	27655
20462	207	5	1	44125
20462	208	4	2	34841
20462	209	33	5	1372719
20462	210	4	3	81428
20462	211	10	4	100165
20462	212	1	1	13938
20462	213	6	1	55268
20462	214	1	1	13949
20462	215	1	1	13950
20462	216	8	0	84374
20462	217	10	4	82404
20462	218	1	1	13975
20462	220	1	1	13970
20462	221	12	7	111051
20462	222	1	1	13974
20462	223	12	2	560767
20462	225	6	4	131137
20462	226	1	1	13973
20462	228	1	1	13970
20462	229	1	1	13971
20462	231	2	2	27941
20462	233	1	1	13969
20462	234	1	1	13972
20462	236	1	1	13974
20462	238	1	1	13972
20462	239	1	1	13972
20462	241	1	1	13972
20462	242	13	2	602541
20462	243	1	0	571732
20462	244	1	1	13971
20462	245	1	1	13971
20462	246	2	2	63914
20462	247	3	1	14719
20462	249	1	1	13972
20462	250	1	1	13971
20462	252	1	1	13971
20462	253	1	1	13971
20462	255	1	1	13973
20462	256	1	1	13973
20462	258	3	2	103535
20462	260	1	1	13969
20462	261	12	2	560765
20462	263	1	1	13970
20462	264	1	1	13973
20462	266	1	1	13971
20462	267	2	2	27942
20462	268	1	0	71
20462	269	1	1	13970
20462	270	2	0	42068
20462	271	1	1	13969
20462	272	2	1	14042
20462	274	1	1	13970
20462	275	2	1	585703
20462	276	1	1	13971
20462	277	12	2	560763
20462	278	2	2	27939
20462	279	2	1	11478
20462	280	12	2	560765
20462	282	2	2	27945
20462	283	2	1	14041
20462	285	1	1	13973
20462	286	1	1	13972
20462	287	1	0	680
20463	0	1	1	13971
20463	1	12	1	593742
20463	2	1	1	13973
20463	3	3	2	103535
20463	5	1	1	13972
20463	6	2	2	27944
20463	7	1	0	71
20463	8	1	1	13972
20463	9	1	1	13973
20463	10	11	1	546798
20463	11	2	1	14043
20463	13	1	1	13968
20463	14	1	1	13970
20463	16	1	1	13969
20463	17	1	1	13971
20463	19	1	1	13971
20463	20	1	1	13969
20463	22	1	1	13970
20463	23	1	1	13969
20463	25	3	2	28013
20463	27	12	2	560764
20463	28	1	1	13970
20463	30	1	1	13971
20463	31	1	1	13971
20463	33	3	2	103533
20463	34	1	1	13969
20463	36	3	3	41908
20463	37	1	1	13970
20463	39	1	1	13971
20463	41	1	1	13971
20463	42	1	1	13969
20463	43	1	0	71
20463	44	13	3	610702
20463	45	1	1	13969
20463	47	2	1	14651
20463	48	3	2	72321
20463	50	1	1	13971
20463	51	1	0	71
20463	52	2	2	63910
20463	53	1	1	13971
20463	54	2	1	14040
20463	55	1	1	13972
20463	56	1	1	13972
20463	57	1	0	71
20463	58	1	1	13972
20463	59	1	1	13969
20463	61	12	2	560766
20463	62	1	1	13973
20463	64	1	1	13970
20463	66	2	2	27944
20463	67	2	2	27945
20463	68	2	0	751
20463	69	1	1	13970
20463	70	2	2	27936
20463	72	1	1	13970
20463	73	1	1	13970
20463	75	2	1	14043
20463	77	1	1	13969
20463	78	2	2	27942
20463	79	11	1	546793
20463	80	1	1	13971
20463	81	1	1	13969
20463	83	1	1	13970
20463	84	1	1	13974
20463	86	1	1	13971
20463	88	1	1	13971
20463	89	2	2	27942
20463	91	1	1	13970
20463	92	1	1	13974
20463	94	1	1	13970
20463	95	12	2	560767
20463	97	1	1	13966
20463	99	1	1	13969
20463	100	1	1	13973
20463	102	1	1	13971
20463	103	1	1	13968
20463	105	2	1	14651
20463	106	54	11	2914755
20463	108	1	1	13973
20463	109	1	1	13974
20463	111	1	1	13976
20463	113	12	2	560820
20463	114	1	1	13975
20463	116	30	12	327679
20463	117	26	4	376728
20463	119	1	1	13976
20463	121	1	1	13973
20463	122	5	3	162557
20463	124	33	11	1214559
20463	125	21	9	173530
20463	127	1	1	13974
20463	128	4	2	25576
20463	130	1	1	13976
20463	131	11	1	546846
20463	132	2	2	27947
20463	133	1	1	13970
20463	135	2	1	14048
20463	136	13	8	112151
20463	138	2	2	63918
20463	140	1	1	13972
20463	141	1	1	13977
20463	142	1	0	680
20463	143	1	1	13976
20463	144	2	2	27947
20463	146	1	1	13972
20463	147	1	1	13975
20463	148	11	1	546845
20463	149	4	2	599754
20463	151	1	1	13974
20463	152	6	2	655786
20463	154	1	1	13973
20463	155	1	1	13973
20463	157	1	1	13976
20463	158	1	1	13974
20463	159	2	0	571803
20463	160	1	1	13975
20463	162	1	1	13974
20463	163	1	1	13975
20463	165	12	2	560820
20463	166	2	2	22915
20463	167	4	1	597711
20463	168	8	3	755184
20463	169	3	0	145884
20463	170	1	1	13976
20463	171	2	1	14045
20463	173	1	1	13976
20463	174	1	1	13974
20463	176	1	1	13972
20463	178	1	1	13974
20463	179	2	1	13976
20463	181	1	1	13974
20463	182	8	2	304323
20463	183	14	1	1379325
20463	184	3	2	25504
20463	185	3	1	14726
20463	187	1	1	13973
20463	189	16	4	112877
20463	190	4	1	38813
20463	192	2	2	27948
20463	193	1	1	13976
20463	194	3	1	21596
20463	195	3	1	20377
20463	197	1	1	13977
20463	198	18	3	252861
20463	200	1	1	14034
20463	201	12	2	560863
20463	203	1	1	14034
20463	205	1	1	14031
20463	206	1	1	14029
20463	208	2	2	28061
20463	209	1	1	14031
20463	210	11	1	546834
20463	211	15	4	334276
20463	212	12	0	95067
20463	213	7	3	213318
20463	214	2	2	64023
20463	215	11	4	176511
20463	216	1	1	14531
20463	217	7	3	135744
20463	218	1	0	14378
20463	219	18	4	764946
20463	220	1	1	14533
20463	222	1	1	14533
20463	224	2	2	29065
20463	225	1	1	14534
20463	227	1	1	14531
20463	228	1	1	14532
20463	230	1	1	14531
20463	231	1	1	14531
20463	233	4	2	26404
20463	234	20	0	469936
20463	235	48	2	1682178
20463	236	5	2	49077
20463	237	19	2	659293
20463	238	1	1	14531
20463	239	3	2	113538
20463	240	2	1	99006
20463	241	3	1	15339
20463	242	45	13	1442977
20463	243	1	1	14532
20463	244	1	1	14532
20463	245	1	1	0
20463	246	2	2	29062
20463	247	2	2	29063
20463	249	1	1	14534
20463	250	1	1	14533
20463	251	1	0	11644
20463	252	2	1	26584
20463	253	1	1	14532
20463	255	16	2	658611
20463	256	30	2	1288171
20463	257	1	1	14531
20463	258	1	1	14533
20463	260	3	2	26479
20463	261	3	1	91199
20463	263	1	1	14533
20463	264	1	1	14533
20463	265	1	1	14532
20463	266	1	1	14532
20463	268	1	1	14533
20463	269	1	1	14532
20463	271	1	1	14533
20463	272	1	1	14531
20463	273	15	1	644083
20463	274	2	1	14605
20463	276	1	1	14531
20463	277	1	1	14531
20463	279	1	1	14533
20463	280	1	1	14532
20463	282	1	1	14532
20463	283	3	1	15340
20463	285	1	1	14530
20463	286	6	4	152077
20463	287	38	1	1661353
20464	0	2	2	26402
20464	2	1	1	14530
20464	3	16	2	658618
20464	4	1	0	71
20464	5	1	1	14534
20464	6	1	1	14531
20464	8	1	1	14533
20464	9	1	1	14535
20464	11	3	1	68011
20464	13	1	1	14531
20464	14	1	1	14533
20464	16	1	1	14532
20464	17	1	1	14531
20464	19	5	5	72668
20464	20	16	2	658617
20464	22	2	1	14601
20464	23	2	1	53237
20464	24	1	1	14533
20464	25	1	1	14534
20464	26	1	1	14531
20464	27	1	1	14533
20464	28	2	1	14604
20464	30	5	1	644890
20464	31	1	1	14534
20464	33	1	1	14534
20464	35	2	1	15270
20464	36	2	2	29067
20464	38	1	1	14536
20464	39	16	2	658615
20464	41	1	1	14532
20464	42	1	1	14535
20464	44	1	1	14533
20464	46	1	1	14529
20464	47	1	1	14534
20464	49	1	1	14533
20464	50	10	2	29634
20464	52	1	1	14532
20464	53	1	1	14530
20464	55	1	1	14532
20464	56	18	3	670558
20464	57	1	1	53166
20464	58	1	1	14533
20464	60	2	2	67698
20464	61	1	1	14532
20464	63	1	1	14533
20464	64	1	1	14534
20464	66	1	1	14534
20464	67	1	1	14532
20464	68	1	1	14533
20464	69	1	1	14534
20464	70	2	1	15271
20464	72	1	1	14532
20464	73	1	0	10678
20464	74	16	2	658616
20464	75	3	2	113542
20464	76	17	3	44591
20464	77	1	1	14532
20464	78	1	1	14532
20464	79	1	0	12013
20464	80	2	1	70237
20464	81	1	1	14531
20464	82	1	0	175568
20464	83	1	1	14534
20464	84	1	1	14534
20464	85	1	1	14534
20464	86	1	1	14534
20464	87	3	1	53308
20464	88	1	1	14534
20464	89	3	1	24446
20464	91	88	8	3669449
20464	92	53	9	2011621
20464	93	6	4	82379
20464	94	1	1	14534
20464	96	22	3	829088
20464	97	1	1	14535
20464	98	2	1	11942
20464	99	1	1	14533
20464	100	1	1	14534
20464	101	1	1	11872
20464	102	1	1	14534
20464	103	1	1	14533
20464	105	1	1	14534
20464	106	4	2	26551
20464	108	16	2	658614
20464	110	3	2	67771
20464	111	2	1	15268
20464	113	2	2	26404
20464	114	1	1	14535
20464	116	1	1	14535
20464	117	5	2	36741
20464	119	4	3	41013
20464	121	3	1	15344
20464	122	3	2	26473
20464	124	1	1	14534
20464	125	16	2	658619
20464	127	5	3	40874
20464	128	52	9	1314528
20464	129	10	5	746589
20464	130	1	1	14535
20464	131	1	1	14534
20464	132	4	2	198012
20464	133	1	1	14532
20464	134	2	1	99006
20464	135	2	2	26405
20464	136	1	1	14536
20464	138	2	1	14603
20464	139	1	1	14532
20464	140	2	1	99006
20464	141	1	1	14534
20464	142	1	1	14533
20464	143	18	2	743160
20464	144	1	1	14532
20464	145	2	1	99006
20464	146	4	2	124156
20464	147	1	1	14534
20464	148	4	2	198012
20464	149	1	1	14533
20464	150	3	3	38278
20464	151	2	2	11873
20464	152	4	3	166704
20464	153	3	2	113540
20464	154	2	1	99006
20464	155	1	1	14531
20464	157	1	1	14534
20464	158	2	2	29064
20464	159	15	1	644084
20464	160	1	1	14534
20464	161	1	1	14534
20464	163	1	1	14532
20464	164	3	1	26446
20464	166	12	1	48306
20464	167	2	2	23747
20464	168	1	1	14535
20464	169	6	3	184165
20464	171	5	2	123975
20464	172	4	1	160417
20464	174	2	2	29064
20464	175	1	1	14533
20464	177	16	2	658617
20464	178	1	1	14532
20464	179	24	1	205046
20464	180	21	2	337892
20464	182	2	2	67699
20464	183	1	1	14537
20464	185	1	1	14531
20464	186	2	2	29064
20464	187	5	2	104344
20464	188	1	1	14532
20464	189	1	1	14534
20464	191	1	1	14532
20464	192	1	1	14534
20464	193	1	1	14534
20464	194	16	2	658616
20464	196	1	1	14534
20464	197	1	1	14531
20464	199	3	2	113539
20464	200	3	3	120864
20464	201	1	0	738
20464	202	1	1	14534
20464	204	1	1	14532
20464	205	1	1	14534
20464	207	1	1	14536
20464	208	1	1	14533
20464	209	3	0	630283
20464	210	1	1	14532
20464	211	1	1	14533
20464	212	15	1	644082
20464	213	1	1	14530
20464	214	1	1	14535
20464	216	1	1	14533
20464	218	1	1	14532
20464	219	1	1	14534
20464	221	16	2	658617
20464	222	1	1	14532
20464	224	1	1	14535
20464	225	4	2	123698
20464	227	1	1	14535
20464	229	1	1	14533
20464	230	17	3	711783
20464	232	2	1	26140
20464	233	1	1	14537
20464	235	1	1	14532
20464	236	1	1	14531
20464	238	1	1	14532
20464	239	1	1	14534
20464	241	2	1	14607
20464	242	1	1	14533
20464	243	1	1	14535
20464	244	2	2	29065
20464	246	1	1	14532
20464	247	3	2	26476
20464	248	16	1	654216
20464	249	2	1	28208
20464	250	1	1	14533
20464	252	1	1	14532
20464	254	2	1	24376
20464	255	1	1	14534
20464	257	1	1	14530
20464	258	2	1	14601
20464	260	3	1	15342
20464	262	2	2	67696
20464	263	1	1	14534
20464	265	1	1	14535
20464	266	16	2	658619
20464	268	2	2	29063
20464	269	1	1	14535
20464	270	3	0	11983
20464	271	1	1	14534
20464	272	1	1	14531
20464	274	1	1	14534
20464	276	3	1	16476
20464	277	1	1	14532
20464	279	1	1	14533
20464	280	1	1	14534
20464	281	2	1	99006
20464	282	1	1	14533
20464	283	1	1	14535
20464	284	15	1	644084
20464	285	1	1	14534
20464	286	1	1	14533
20465	0	1	1	14532
20465	2	1	1	14534
20465	3	1	1	14534
20465	4	1	0	10252
20465	5	6	2	66452
20465	6	1	1	14532
20465	7	1	0	71
20465	8	1	1	14533
20465	9	1	1	14532
20465	10	2	1	11943
20465	11	2	2	67700
20465	12	1	1	14530
20465	13	15	1	644083
20465	14	1	1	14533
20465	15	4	1	62374
20465	16	1	1	14529
20465	17	1	1	14531
20465	19	1	1	14530
20465	20	1	1	14531
20465	22	2	1	14602
20465	23	1	1	14532
20465	25	3	2	29136
20465	26	1	0	10158
20465	27	1	1	14530
20465	28	1	1	14534
20465	29	15	1	644084
20465	30	1	1	14535
20465	31	1	1	14532
20465	33	1	1	14533
20465	34	1	1	14533
20465	36	2	2	29063
20465	37	1	1	14532
20465	39	2	1	14605
20465	41	1	1	14531
20465	42	1	1	14533
20465	44	1	1	14535
20465	45	2	2	67696
20465	46	15	1	644085
20465	47	1	1	14536
20465	49	2	1	23499
20465	50	1	1	14532
20465	52	1	1	14531
20465	53	1	1	14534
20465	55	1	1	14533
20465	56	1	1	14531
20465	58	1	1	14532
20465	60	5	2	260684
20465	61	3	3	43596
20465	62	15	1	644082
20465	63	2	1	15272
20465	64	1	1	14533
20465	66	2	1	14603
20465	67	2	1	68168
20465	69	1	1	14532
20465	70	1	1	14533
20465	71	2	1	64020
20465	72	2	1	24084
20465	74	1	1	14532
20465	75	1	1	14531
20465	77	1	1	14532
20465	78	8	2	479608
20465	79	8	0	179008
20465	80	1	1	14532
20465	81	1	1	14532
20465	83	2	2	29066
20465	84	1	1	14532
20465	86	1	1	14533
20465	88	2	1	68167
20465	89	5	2	26618
20465	91	1	1	14533
20465	92	1	1	14534
20465	93	1	0	11110
20465	94	5	3	212545
20465	95	8	2	479605
20465	96	10	1	278014
20465	97	2	1	14601
20465	99	1	1	14533
20465	100	1	1	14532
20465	102	3	1	15342
20465	103	2	1	586261
20465	105	1	1	14532
20465	106	1	1	14532
20465	108	1	1	14531
20465	109	1	1	53166
20465	110	3	2	113540
20465	111	3	2	113536
20465	112	15	1	644086
20465	113	1	1	14532
20465	114	1	1	14533
20465	115	1	0	10294
20465	116	1	1	14533
20465	117	1	1	14534
20465	118	1	0	7050
20465	119	1	1	14532
20465	121	1	1	14534
20465	122	1	1	14531
20465	124	1	1	14536
20465	125	2	2	67698
20465	126	1	0	71
20465	127	1	1	14532
20465	128	1	1	14533
20465	129	15	1	644081
20465	130	1	1	14534
20465	131	3	1	383462
20465	133	1	1	14530
20465	135	1	1	14534
20465	136	1	1	14532
20465	137	3	1	24967
20465	138	1	1	14530
20465	139	1	1	14533
20465	141	1	1	14531
20465	142	1	1	14529
20465	143	2	0	1942
20465	144	1	1	14531
20465	145	1	1	14534
20465	146	16	2	697251
20465	147	2	1	15272
20465	148	4	2	45571
20465	150	2	2	29067
20465	151	3	0	630288
20465	152	1	1	14531
20465	153	1	1	14531
20465	154	5	0	384802
20465	155	1	1	14531
20465	156	3	1	17904
20465	158	1	1	14528
20465	159	13	3	145690
20465	161	1	1	14532
20465	162	15	1	644085
20465	163	5	1	360131
20465	164	1	1	14532
20465	166	2	2	29065
20465	167	5	4	64452
20465	168	4	0	156134
20465	169	5	5	62027
20465	170	33	5	1326444
20465	171	34	16	1011860
20465	172	19	1	5603611
20465	173	12	2	372088
20465	174	35	3	2351162
20465	175	17	1	3857778
20465	176	7	2	561535
20465	177	6	1	664344
20465	178	31	1	8668475
20465	179	7	0	55440
20465	180	16	2	997187
20465	181	3	2	41217
20465	183	1	1	14499
20465	184	1	1	14500
20465	186	1	1	14496
20465	187	1	1	14499
20465	189	1	1	14500
20465	190	1	1	14502
20465	192	2	2	29000
20465	193	4	2	85652
20465	194	5	1	4528497
20465	195	1	1	14498
20465	197	16	2	997188
20465	198	1	1	14500
20465	200	1	1	14499
20465	201	1	1	14499
20465	203	2	2	26337
20465	204	1	1	14497
20465	205	5	0	15360
20465	206	1	1	14497
20465	207	2	1	22339
20465	208	7	1	40779
20465	209	70	4	7522443
20465	210	22	2	2461597
20465	211	12	1	811366
20465	212	18	3	1970104
20465	214	1	1	14535
20465	215	18	2	1515174
20465	217	2	1	14605
20465	219	1	1	14535
20465	220	1	1	14533
20465	222	1	1	14531
20465	223	1	1	14533
20465	225	1	1	14535
20465	226	2	2	29068
20465	228	1	1	14533
20465	229	1	1	14531
20465	231	1	1	14531
20465	232	47	4	4503577
20465	233	3	1	24843
20465	234	1	1	14534
20465	235	2	0	13133
20465	236	2	1	15343
20465	237	3	2	26364
20465	239	53	22	332591
20465	240	92	21	6217723
20465	241	15	1	1478528
20465	242	3	2	26432
20465	243	5	1	936177
20465	244	3	2	110358
20465	245	2	1	26505
20465	247	2	1	26127
20465	248	1	1	14532
20465	249	15	1	1478531
20465	250	2	1	586266
20465	251	2	2	29064
20465	253	1	1	14532
20465	254	7	0	1008768
20465	255	1	1	14533
20465	256	2	2	29064
20465	258	1	1	14530
20465	259	1	1	14534
20465	260	1	1	53266
20465	261	1	1	14534
20465	262	4	1	38977
20465	263	1	0	256292
20465	264	1	1	14530
20465	265	3	2	110358
20465	266	17	3	1502186
20465	267	18	2	1512344
20465	269	1	1	14534
20465	270	1	1	14530
20465	272	1	1	14532
20465	273	1	1	14534
20465	274	1	0	11235
20465	275	3	1	1202133
20465	276	1	1	14533
20465	277	4	0	249864
20465	278	1	1	14530
20465	279	2	2	29068
20465	281	1	1	14533
20465	282	1	1	14531
20465	283	8	3	343209
20465	284	5	1	166942
20465	285	15	1	1478534
20465	286	1	1	14533
20465	287	2	1	14603
20466	1	1	1	14534
20466	2	1	1	14531
20466	4	2	1	15342
20466	6	1	1	14535
20466	7	1	1	14532
20466	9	1	1	14535
20466	10	1	1	14532
20466	11	7	0	25444
20466	12	1	1	14532
20466	13	1	1	14532
20466	14	15	1	1478532
20466	15	1	1	14533
20466	16	1	1	14533
20466	17	1	1	14536
20466	18	1	1	14536
20466	20	1	1	14532
20466	21	1	1	14533
20466	23	1	1	14533
20466	24	3	3	82333
20466	26	1	1	14532
20466	27	1	1	14536
20466	29	1	1	14534
20466	30	2	0	568471
20466	31	1	1	14532
20466	32	1	1	14533
20466	34	1	1	14533
20466	35	2	2	29068
20466	36	1	1	14531
20466	37	1	1	14534
20466	38	1	1	14535
20466	40	1	1	14534
20466	41	1	1	14533
20466	42	1	1	14535
20466	43	6	1	1158460
20466	45	1	1	14534
20466	46	1	1	14535
20466	47	2	0	9577
20466	48	2	1	31339
20466	49	1	1	14532
20466	50	1	0	71
20466	51	2	1	14604
20466	52	1	1	14533
20466	54	1	1	14532
20466	55	1	1	14535
20466	56	1	0	17453
20466	57	1	1	14579
20466	58	3	0	181235
20466	59	1	1	14533
20466	60	1	1	14535
20466	61	6	0	609926
20466	62	2	1	327929
20466	63	3	1	15417
20466	64	17	2	1490425
20466	65	1	1	14534
20466	66	1	1	14535
20466	67	1	1	53266
20466	68	1	1	14537
20466	69	1	1	14534
20466	70	1	0	71
20466	71	62	6	5981914
20466	72	11	5	1280599
20466	73	1	1	14532
1	0	0	1	2	0	29452726	29453525	0	29452726	29452726	0	/wp-admin/admin-post.php
1	0	0	1	2	0	29452726	29453525	0	29452726	29452726	0	/wp-includes/sodium_compat/index.php
1	0	0	0	1	0	0	29465125	0	0	29465125	0	/wso26.php
1	0	0	0	1	0	0	29465125	0	0	29465125	0	/wp-admin/chosen.php
1	0	0	0	1	0	0	29467057	0	0	29467057	0	/wordpress
1	0	0	1	1	0	29454742	29465124	0	29454742	29465124	0	/assets/images
1	0	0	3	2	0	29463412	29463412	0	29453384	29453384	0	/bibil.php
1	0	0	1	1	0	29470379	29470379	0	29470379	29470379	0	/.cache/x.php
1	0	0	3	2	0	29459102	29453525	0	29452726	29452726	0	/AxAo.php
1	0	0	2	0	0	29459102	0	0	29459102	0	0	/sf.php
1	0	0	1	2	0	29453383	29453383	0	29453383	29453168	0	/wp-content/admin.php
1	0	0	4	3	0	29470380	29470380	0	29453628	29453628	0	/wpup.php
1	0	0	0	1	0	0	29450004	0	0	29450004	0	/wp/wp-admin/install.php?step=1&language=en_GB
1	160	0	0	0	29470986	0	0	29441709	0	0	8801232	/storage/blogs/1766412570_339971-PAKLP7-712.webp
1	0	0	1	2	0	29452726	29453525	0	29452726	29452726	0	/media.php
1	0	0	1	2	0	29452726	29453525	0	29452726	29452726	0	/wp-update.php
1	0	0	1	1	0	29453654	29453654	0	29453654	29453654	0	/wp-includes/images/index.php
1	2	0	2	0	29457381	29457381	0	29457381	29457381	0	93892	/favicon.ico?v=1767352885
1	0	0	1	1	0	29470377	29470377	0	29470377	29470377	0	/helper043.php
1	0	0	2	2	0	29463414	29463414	0	29453629	29453629	0	/mlex.php
1	0	0	1	0	0	29452559	0	0	29452559	0	0	/contato/?37.19.223.115
1	0	0	0	1	0	0	29440470	0	0	29440470	0	/config/*.yaml
1	0	0	2	2	0	29463414	29463414	0	29453629	29453629	0	/zfile.php
1	0	0	1	1	0	29450593	29450593	0	29450593	29450593	0	/nxc.php
1	7	7	0	0	29462505	0	0	29455563	0	0	68744	https://www.techblogs.site/
1	0	0	4	1	0	29470380	29470380	0	29461121	29470380	0	/tons.php
1	0	0	1	2	0	29452726	29453525	0	29452726	29452726	0	/card.php
1	0	0	1	0	0	29455703	0	0	29455703	0	0	https://www.techblogs.site/privacy-policy/
1	0	0	1	1	0	29453654	29453654	0	29453654	29453654	0	/wp-content/mini.php
1	0	0	1	2	0	29452726	29453525	0	29452726	29452726	0	/hook.php
1	0	0	1	1	0	29453268	29453268	0	29453268	29453268	0	/wp-admin/postnews.php
1	0	0	1	1	0	29470377	29470377	0	29470377	29470377	0	/Nsa9EF.php
1	0	0	12	0	0	29470143	0	0	29463310	0	0	/latest-5g-smartphones/?unapproved=568&moderation-hash=4a680024954ed3ba1a39c88396249f47
1	0	0	1	2	0	29453383	29453383	0	29453383	29453168	0	/wp-admin/user/about.php
1	0	0	1	2	0	29452726	29453525	0	29452726	29452726	0	/manager.php
1	0	0	2	0	0	29467057	0	0	29467057	0	0	/wordpress/
1	0	0	1	1	0	29453654	29453654	0	29453654	29453654	0	/wp-content/l.php
1	0	0	2	0	0	29459103	0	0	29459103	0	0	/quoys.php
1	0	0	0	1	0	0	29467997	0	0	29467997	0	/storage/blogs/1767597768_339971-PAKLP7-712
1	0	0	0	3	0	0	29439149	0	0	29439149	0	/storage/blogs/1766258944_hero_section.png
1	0	0	4	0	0	29465124	0	0	29454742	0	0	/assets/images/
1	1	0	0	0	29445174	0	0	29445174	0	0	10609	/blog/view/26/Health+&+Wellness
1	0	0	2	2	0	29463412	29463412	0	29453628	29453628	0	/re.php
1	0	0	2	4	0	29463942	29463942	0	29462870	29462870	0	/public/laravel-file-manager/tinymce
1	0	0	0	1	0	0	29440470	0	0	29440470	0	/storage/logs/*.log
1	0	0	1	1	0	29470379	29470379	0	29470379	29470379	0	/sad/about.php
1	0	0	3	3	0	29470377	29470377	0	29453628	29453628	0	/widgets.php
1	0	0	0	5	0	0	29439149	0	0	29439144	0	/storage/blogs/1766258690_hero_section.png
1	0	0	1	0	0	29464381	0	0	29464381	0	0	/admin/subscribers/9
1	0	0	1	0	0	29464381	0	0	29464381	0	0	/admin/subscribers/8
1	1	0	0	1	29449946	0	29449945	29449946	0	29449945	54	/admin/subscribers/7
1	0	0	1	0	0	29449951	0	0	29449951	0	0	/admin/subscribers/6
1	1	0	1	0	29449951	29449951	0	29449951	29449951	0	50	/admin/subscribers/5
1	0	0	6	6	0	29470163	29470163	0	29449618	29445389	0	/author/patrick-radaelli
1	0	0	2	0	0	29459103	0	0	29459103	0	0	/Contrller.php
1	0	0	1	1	0	29462799	29462799	0	29462799	29462799	0	/assets/filemanager/dialog.php
1	0	0	1	0	0	29449952	0	0	29449952	0	0	/admin/subscribers/4
1	0	0	2	2	0	29463412	29463412	0	29453628	29453628	0	/af32.php
1	0	0	1	0	0	29449951	0	0	29449951	0	0	/admin/subscribers/3
1	0	0	1	0	0	29449951	0	0	29449951	0	0	/admin/subscribers/2
1	0	0	1	0	0	29449951	0	0	29449951	0	0	/admin/subscribers/1
1	0	0	2	0	0	29459101	0	0	29459101	0	0	/Cok.php
1	0	0	8	11	0	29470381	29470381	0	29450593	29450593	0	/simple.php
1	0	0	2	0	0	29459100	0	0	29459100	0	0	/sagym.php
1	37	0	0	0	29471348	0	0	29461394	0	0	431044	/blog/view/36/samsung-galaxy-galaxy-s26-ultra
1	0	0	0	2	0	0	29448674	0	0	29439566	0	/wp-admin/edit.php?al
1	0	0	4	4	0	29470044	29470044	0	29453629	29453629	0	/nc4.php
1	0	0	2	2	0	29470043	29470043	0	29469939	29469939	0	/lu4.php
1	133	0	0	0	29471398	0	0	29464313	0	0	23636580	/storage/blogs/1767768806_i-m-zion-APdfyW0Aq-E-unsplash-removebg-preview.png
1	0	0	0	1	0	0	29465125	0	0	29465125	0	/files/log.php
1	0	0	7	10	0	29470380	29470380	0	29452727	29452727	0	/alfa.php
1	190	0	0	0	29470872	0	0	29459938	0	0	104236817	/storage/blogs/1767506337_Screenshot_9.png
1	0	0	0	1	0	0	29450004	0	0	29450004	0	/wp/wp-admin/setup-config.php?step=1&language=en_GB
1	0	0	1	0	0	29469962	0	0	29469962	0	0	/inceptos-penatibus-habitasse?116.204.107.207
1	0	0	6	0	0	29465124	0	0	29453654	0	0	/wp-includes/IXR/
1	0	0	0	1	0	0	29440469	0	0	29440469	0	/k8s/*.yml
1	0	0	0	6	0	0	29439124	0	0	29439121	0	/storage/blogs/1766257267_hero_section.png
1	0	0	1	2	0	29452726	29453525	0	29452726	29452726	0	/nij.php
1	0	0	1	2	0	29452726	29453525	0	29452726	29452726	0	/wp-admin/includes/xmrlpc.php
1	0	0	2	2	0	29463413	29463413	0	29453628	29453628	0	/link.php
1	0	0	0	1	0	0	29467953	0	0	29467953	0	/storage/blogs/1767597827_download
1	12	0	0	0	29464787	0	0	29454221	0	0	1121256	/storage/blogs/1767163116_boliviainteligente-2PdUd-d6bvM-unsplash (1).jpg
1	0	0	7	6	0	29470379	29470379	0	29450592	29450592	0	/content.php
1	0	0	1	1	0	29449905	29449905	0	29449905	29449905	0	/wp-content/uploads/2019/02/smartphone-battery-charging-tips.jpg
1	0	0	5	5	0	29470380	29470380	0	29452006	29452006	0	/wp-good.php
1	2	2	0	0	29467074	0	0	29465615	0	0	27580	/?116.204.107.207
1	0	0	0	1	0	0	29440849	0	0	29440849	0	/app-ads.txt
1	0	0	2	0	0	29459104	0	0	29459103	0	0	/sf9.php
1	0	0	1	0	0	29441061	0	0	29441061	0	0	/admin/put/key?otp=390949&email=ahmadfullstackdeveloper@gmail.com
1	0	0	2	0	0	29459103	0	0	29459103	0	0	/siln.php
1	0	0	4	0	0	29465124	0	0	29454741	0	0	/wp-includes/fonts/
1	0	0	0	2	0	0	29438473	0	0	29438473	0	/.DS_Store
1	0	0	5	4	0	29463414	29463414	0	29452727	29452727	0	/v2.php
1	0	0	2	1	0	29459103	29453169	0	29459103	29453169	0	/rtx.php
1	139	0	0	0	29471398	0	0	29463616	0	0	18453636	/storage/blogs/1767727004_Untitled design (3).png
1	0	0	0	1	0	0	29453594	0	0	29453594	0	https://www.techblogs.site/page/2
1	1	0	12	6	29461112	29469820	29467860	29461112	29449060	29443775	0	/txets.php
1	1	0	0	0	29446460	0	0	29446460	0	0	6174	/blog/view/29/muhammad-abdul
1	0	0	2	0	0	29471176	0	0	29471176	0	0	/jio-phone-exchange-offer-in-hindi/
1	2	0	2	0	29457478	29457478	0	29457478	29457478	0	97256	/favicon.ico?v=1767358298
1	0	0	1	0	0	29461789	0	0	29461789	0	0	/hvoxejcn.php
1	0	0	1	1	0	29454172	29454489	0	29454172	29454489	0	/quais-sao-os-tipos-de-redes-de-computadores-empresariais
1	0	0	2	3	0	29470377	29470377	0	29452726	29452726	0	/ol.php
1	0	0	1	2	0	29452727	29453526	0	29452727	29452727	0	/gelap.php
1	0	0	0	1	0	0	29465125	0	0	29465125	0	/wp-includes/assets/about.php
1	0	0	0	1	0	0	29450023	0	0	29450023	0	/sitechecker47fe82d8edcb33a28d60ad643499b81b.html
1	0	0	3	4	0	29463413	29463413	0	29452727	29452727	0	/asas.php
1	0	0	5	7	0	29470381	29470381	0	29452726	29452726	0	/0x.php
1	0	0	2	2	0	29463413	29463413	0	29453628	29453628	0	/docs.php
1	0	0	0	1	0	0	29439653	0	0	29439653	0	/tos
1	0	0	4	6	0	29470382	29470382	0	29452726	29452726	0	/zwso.php
1	0	0	1	1	0	29450593	29450593	0	29450593	29450593	0	/ioxi002.PhP7
1	0	0	2	0	0	29459101	0	0	29459101	0	0	/hans.php
1	0	0	1	1	0	29470377	29470377	0	29470377	29470377	0	/retu11.PhP7
1	0	0	2	2	0	29469197	29469197	0	29449858	29449858	0	/assets/images/accesson.php
1	0	0	4	5	0	29470382	29470382	0	29452726	29452726	0	/bless11.php
1	0	0	3	3	0	29470043	29470043	0	29453654	29453654	0	/admin-header.php
1	0	0	0	1	0	0	29440463	0	0	29440463	0	/.env.production
1	0	0	4	0	0	29453163	0	0	29448301	0	0	/nunc-lacinia-libero-eu-pulvinar-aliquet/
1	0	0	1	0	0	29461790	0	0	29461790	0	0	/wp-includes/js/tinymce/plugins/wpview/wp/about.php
1	28	0	0	0	29470499	0	0	29441236	0	0	178885	/emailsS
1	0	0	1	2	0	29463033	29463033	0	29463033	29444054	0	/admin.php?520
1	0	0	2	0	0	29459100	0	0	29459100	0	0	/frg.php
1	0	0	0	2	0	0	29468023	0	0	29450787	0	/storage/blogs/1766315652_Tesla
1	0	0	1	1	0	29453383	29453383	0	29453383	29453383	0	/readme.php
1	0	0	2	2	0	29463412	29463412	0	29453628	29453628	0	/axx.php
1	0	0	1	1	0	29470377	29470377	0	29470377	29470377	0	/1JkAg3.php
1	0	0	1	1	0	29470377	29470377	0	29470377	29470377	0	/FII.php
1	27	0	0	0	29470928	0	0	29470648	0	0	378261	/blog/view/45/difference-between-agentic-ai-and-generative-ai
1	0	0	1	2	0	29452727	29453526	0	29452727	29452727	0	/ffile.php
1	3	0	0	16	29439143	0	29439142	29439142	0	29439131	3138177	/storage/blogs/1766257890_sitelogo.png
1	0	0	3	0	0	29463593	0	0	29447221	0	0	/magna-ligula-suspendisse/
1	0	0	2	2	0	29470382	29470382	0	29453383	29453383	0	/wp-includes/js/codemirror/index.php
1	0	0	0	1	0	0	29450004	0	0	29450004	0	/test/wp-admin/setup-config.php?step=1&language=en_GB
1	0	0	3	5	0	29470380	29470380	0	29452727	29452727	0	/file9.php
1	0	0	0	1	0	0	29465124	0	0	29465124	0	/Njima.php
1	0	0	1	1	0	29453654	29453654	0	29453654	29453654	0	/wp-content/themes/twentyfifteen/404.php
1	0	0	2	2	0	29470044	29470044	0	29469939	29469939	0	/wp-includes/header.php
1	0	0	0	1	0	0	29444197	0	0	29444197	0	/projects
1	0	0	2	2	0	29463413	29463413	0	29453628	29453628	0	/makeasmtp.php
1	1	0	0	0	29442716	0	0	29442716	0	0	5404	/admin/blogs/search?query=so
1	0	0	0	2	0	0	29439982	0	0	29439982	0	/check_storage.php
1	0	0	1	2	0	29452727	29453525	0	29452727	29452727	0	/zxin.php
1	0	0	2	0	0	29446033	0	0	29445748	0	0	/quer-aprender-a-montar-um-pc/
1	0	0	0	1	0	0	29465124	0	0	29465124	0	/wp-content/plugins/seoplugins/mar.php
1	0	0	1	1	0	29454742	29465124	0	29454742	29465124	0	/wp-admin/includes
1	0	0	3	3	0	29470044	29470044	0	29453654	29453654	0	/wp-content/admin-header.php
1	0	0	1	2	0	29452727	29453525	0	29452727	29452727	0	/mo.php
1	0	0	2	0	0	29459101	0	0	29459101	0	0	/jatuh.php
1	0	0	3	1	0	29470381	29470381	0	29459101	29470381	0	/lx.php
1	0	0	1	1	0	29454742	29465124	0	29454742	29465124	0	/wp-admin/css/colors
1	0	0	59	2	0	29470319	29439158	0	29440341	29438735	0	/wp-admin/
1	0	0	1	2	0	29452727	29453525	0	29452727	29452727	0	/file4.php
1	120	0	6	2	29470460	29470460	29441074	29440055	29453384	29441074	12767929	/storage/blogs/favicon.ico
1	0	0	1	0	0	29462835	0	0	29462835	0	0	/msbte-result-winter-2018-msbte-result-2018/
1	0	0	1	1	0	29470382	29470382	0	29470382	29470382	0	/filesss.php
1	0	0	2	0	0	29452006	0	0	29452006	0	0	/wp-includes/block-bindings/
1	0	0	0	1	0	0	29440468	0	0	29440468	0	/.s3cfg.backup
1	0	0	3	3	0	29470380	29470380	0	29453384	29453168	0	/xx.php
1	0	0	2	1	0	29470380	29470380	0	29461789	29470380	0	/bras.php
1	0	0	0	1	0	0	29465125	0	0	29465125	0	/wp-includes/js/tinymce/skins/lightgray/img/about.php
1	0	0	0	1	0	0	29466135	0	0	29466135	0	/storage/blogs/1767861955_Tesla
1	0	0	0	2	0	0	29438473	0	0	29438473	0	/_all_dbs
1	1	0	0	0	29440137	0	0	29440137	0	0	6077	/bogs/seach?query=sdsada
1	0	0	1	1	0	29453628	29453628	0	29453628	29453628	0	/laudq.php
1	0	0	2	2	0	29463413	29463413	0	29453628	29453628	0	/warm.PhP7
1	0	0	2	3	0	29470380	29470380	0	29452726	29452726	0	/031.php
1	1185	0	872	32	29471398	29471398	29471178	29439043	29448992	29438472	56230127	/favicon.ico
1	0	0	0	1	0	0	29465125	0	0	29465125	0	/wp-admin/images/install.php
1	0	0	2	2	0	29470043	29470043	0	29469938	29469938	0	/wp-content/uploads/de_fb_uploads/b.php
1	1	0	3	0	29470644	29470647	0	29470644	29470645	0	0	/blogs/45
1	2	0	3	0	29470469	29470471	0	29470468	29470469	0	0	/blogs/44
1	0	0	0	1	0	0	29449904	0	0	29449904	0	/admin/comments/delete-all
1	0	0	2	1	0	29470380	29470380	0	29461789	29470380	0	/xeeex.php
1	0	0	2	0	0	29467713	0	0	29467712	0	0	/blogs/43
1	0	0	2	0	0	29465866	0	0	29465865	0	0	/blogs/42
1	0	0	5	0	0	29464337	0	0	29464310	0	0	/blogs/41
1	0	0	7	0	0	29470480	0	0	29463613	0	0	/blogs/40
1	0	0	1	1	0	29470377	29470377	0	29470377	29470377	0	/zz8.php
1	0	0	0	7	0	0	29439120	0	0	29439112	0	/storage/blogs/1766256720_%E2%80%94Pngtree%E2%80%94vector realistic space rocket_5423387.png
1	0	0	2	2	0	29463413	29463413	0	29453628	29453628	0	/atom.php
1	0	0	6	0	0	29461449	0	0	29461395	0	0	/blogs/36
1	0	0	4	0	0	29461454	0	0	29459940	0	0	/blogs/35
1	0	0	1	1	0	29470380	29470380	0	29470380	29470380	0	/nx1.php
1	0	0	2	0	0	29461457	0	0	29454218	0	0	/blogs/34
1	0	0	2	0	0	29461456	0	0	29451293	0	0	/blogs/33
1	0	0	5	1	0	29470381	29470381	0	29459102	29470381	0	/f8.php
1	0	0	3	0	0	29461457	0	0	29449879	0	0	/blogs/32
1	0	0	2	2	0	29463412	29463412	0	29453628	29453628	0	/zsec.php
1	0	0	2	2	0	29470044	29470044	0	29469939	29469939	0	/.well-known/fierzashell.php
1	0	0	2	0	0	29461456	0	0	29447528	0	0	/blogs/31
1	0	0	1	0	0	29446461	0	0	29446461	0	0	/blogs/29
1	0	0	0	2	0	0	29438472	0	0	29438472	0	/graphql/api
1	0	0	3	0	0	29461458	0	0	29444608	0	0	/blogs/27
1	0	0	5	0	0	29461460	0	0	29442603	0	0	/blogs/26
1	0	0	14	0	0	29461462	0	0	29441397	0	0	/blogs/25
1	0	0	1	1	0	29462799	29462799	0	29462799	29462799	0	/assets/plugins/filemanager/dialog.php
1	0	0	1	1	0	29453268	29453268	0	29453268	29453268	0	/wp-includes/postnews.php
1	0	0	5	0	0	29461463	0	0	29440139	0	0	/blogs/23
1	0	0	1	0	0	29461791	0	0	29461791	0	0	/abruzi.php
1	0	0	4	2	0	29440068	29440066	0	29440061	29440062	0	/blogs/22
1	0	0	1	0	0	29440027	0	0	29440027	0	0	/blogs/21
1	0	0	1	0	0	29440035	0	0	29440035	0	0	/blogs/19
1	0	0	1	0	0	29440031	0	0	29440031	0	0	/blogs/20
1	0	0	0	1	0	0	29465125	0	0	29465125	0	/.well-known/link.php
1	0	0	8	0	0	29439787	0	0	29439710	0	0	/blogs/17
1	0	0	1	0	0	29439769	0	0	29439769	0	0	/blogs/16
1	0	0	1	1	0	29452006	29452006	0	29452006	29452006	0	/wp-admin/network/admin.php
1	0	0	5	0	0	29439144	0	0	29439120	0	0	/blogs/14
1	0	0	1	0	0	29439102	0	0	29439102	0	0	/blogs/13
1	0	0	2	2	0	29463413	29463413	0	29453628	29453628	0	/goat1.php
1	0	0	1	0	0	29461790	0	0	29461790	0	0	/image/cache/catalog/bookmarks/KSK2-187/ovvwe25ppyla.php
1	0	0	4	5	0	29470380	29470380	0	29452726	29452726	0	/gifclass4.php
1	0	0	1	0	0	29440333	0	0	29440333	0	0	/delete/3
1	0	0	0	1	0	0	29465125	0	0	29465125	0	/wp-content/themes/astra/inc/ki1k.php
1	1	0	0	0	29439934	0	0	29439934	0	0	24	/robots.txt?46.101.1.225
1	0	0	1	0	0	29461791	0	0	29461791	0	0	/Hd.php
1	0	0	0	1	0	0	29439964	0	0	29439964	0	/test/wp-links-opml.php
1	1	1	0	0	29441377	0	0	29441377	0	0	9718	/?46.101.1.225
1	0	0	0	1	0	0	29453168	0	0	29453168	0	/blurbs15.php
1	0	0	2	2	0	29470044	29470044	0	29469939	29469939	0	/wp-includes/assets
1	0	0	2	0	0	29453654	0	0	29453654	0	0	/wp-content/plugins/akismet/
1	0	0	2	0	0	29459100	0	0	29459100	0	0	/class-.php
1	0	0	0	11	0	0	29440031	0	0	29439999	0	/storage/blogs/1766309960_1766080843_0a95f6c7-fcd8-4d67-8c3e-8e0aed1cd550.jpg
1	0	0	0	1	0	0	29440467	0	0	29440467	0	/serverless.yaml
1	0	0	1	1	0	29454741	29465124	0	29454741	29465124	0	/wp-includes/fonts
1	0	0	7	4	0	29465720	29465720	0	29457408	29450236	0	/nunc-lacinia-libero-eu-pulvinar-aliquet
1	66	0	67	1	29470319	29470319	29438735	29439158	29449108	29438735	66231	/wp-login.php
1	0	0	3	1	0	29459103	29453384	0	29453384	29453384	0	/wtz.php
1	15	0	18	2	29470781	29470688	29441108	29441109	29449978	29439624	7593	/sitemap_index.xml
1	1	0	0	1	29441699	0	29441718	29441699	0	29441718	175568	/storage/blogs/1766411943_close-up-modern-iphone-with-colorful-gradient-back-studio-shot.webp
1	0	0	0	1	0	0	29439802	0	0	29439802	0	/1766296161_1766080843_0a95f6c7-fcd8-4d67-8e0aed1cd550.jpg
1	0	0	5	3	0	29470381	29470381	0	29453384	29453168	0	/nox.php
1	0	0	1	1	0	29470377	29470377	0	29470377	29470377	0	/admin836.php
1	0	0	1	0	0	29465125	0	0	29465125	0	0	/ShellTon.php/
1	0	0	4	0	0	29455027	0	0	29444558	0	0	/o-que-as-redes-de-computadores-fazem/
1	0	0	0	1	0	0	29440463	0	0	29440463	0	/.env.test
1	0	0	1	3	0	29458967	29463300	0	29458967	29453259	0	/wp-includes/id3/license.txt/wp1/wp-includes/wlwmanifest.xml
1	64	0	14	1	29470649	29470649	29439784	29439102	29441391	29439784	220495	/admin_dashboard
1	0	0	2	2	0	29470044	29470044	0	29469939	29469939	0	/akc.php
1	0	0	2	3	0	29470380	29470380	0	29452727	29452727	0	/555.php
1	0	0	0	1	0	0	29461730	0	0	29461730	0	/storage/blogs/1767600655_hy-art-xWVXSfa8rcs-unsplash
1	0	0	4	0	0	29465124	0	0	29454742	0	0	/wp-admin/css/
1	0	0	3	1	0	29459101	29453383	0	29453383	29453383	0	/x50.php
1	0	0	1	0	0	29465125	0	0	29465125	0	0	/r57.php /
1	0	0	2	2	0	29463413	29463413	0	29453628	29453628	0	/vv.php
1	0	0	0	1	0	0	29439964	0	0	29439964	0	/old/xmlrpc.php?rsd=
1	0	0	2	0	0	29461962	0	0	29461962	0	0	/wp-content/uploads/2018/05/mobile-11-5-18-259x180.jpg
1	0	0	2	0	0	29461038	0	0	29461038	0	0	/wp-content/plugins/dzs-zoomsounds/savepng.php?location=mine.php
1	0	0	2	0	0	29459101	0	0	29459101	0	0	/zeu.php
1	0	0	2	2	0	29470043	29470043	0	29469938	29469938	0	/byp8.php
1	0	0	0	1	0	0	29440469	0	0	29440469	0	/docker-compose.override.yml
1	0	0	1	1	0	29453268	29453268	0	29453268	29453268	0	/wp-includes/txets.php
1	0	0	2	0	0	29459101	0	0	29459101	0	0	/show.php
1	0	0	2	2	0	29463412	29463412	0	29453628	29453628	0	/wp-includes/rest-api/alfa-rex.php7
1	0	0	1	1	0	29453654	29453654	0	29453654	29453654	0	/wp-conflg.php
1	10	0	0	0	29471351	0	0	29470469	0	0	3133950	/storage/blogs/1768138168_mariia-shalabaieva-PbMXvG9PLv8-unsplash.jpg
1	0	0	1	1	0	29453654	29453654	0	29453654	29453654	0	/wp-includes/edit.php
1	0	0	0	5	0	0	29439629	0	0	29438473	0	/about
1	6	0	0	0	29471330	0	0	29464338	0	0	949854	/storage/blogs/1767770277_sai-balaji-varma-gadhiraju-QsVafcI4ouo-unsplash-removebg-preview.png
1	0	0	1	1	0	29470381	29470381	0	29470381	29470381	0	/anskrit.php
1	0	0	2	0	0	29470044	0	0	29469939	0	0	/cgi-bin/about.php
1	0	0	0	2	0	0	29441987	0	0	29441402	0	/api/action
1	3	0	0	0	29440070	0	0	29440061	0	0	26115	/storage/blogs/1766313713_images.jpg
1	1	0	0	0	29442402	0	0	29442402	0	0	971	/wp-login.php?44.218.6.122
1	2	0	0	8	29440044	0	29440048	29440032	0	29440027	19544	/storage/blogs/1766311629_1766080843_a8a3d538-33cb-4230-b27d-93bf627adfd7 (3).jpg
1	0	0	1	1	0	29470377	29470377	0	29470377	29470377	0	/fonts.php
1	0	0	0	1	0	0	29453654	0	0	29453654	0	/wp-includes/certificates
1	0	0	2	3	0	29470380	29470380	0	29452727	29452727	0	/error.php
1	1	0	0	0	29465125	0	0	29465125	0	0	1686	/wp-admin/css/colors/ectoplasm/wp-login.php
1	0	0	3	0	0	29461790	0	0	29461121	0	0	/d996699999.php
1	0	0	0	1	0	0	29464448	0	0	29464448	0	/blog/view/35
1	0	0	2	2	0	29463412	29463412	0	29453628	29453628	0	/bs1.php
1	0	0	2	2	0	29463412	29463412	0	29453628	29453628	0	/Cachex.php
1	0	0	0	1	0	0	29440463	0	0	29440463	0	/.env.staging
1	0	0	1	3	0	29458967	29463300	0	29458967	29453259	0	/wp-includes/id3/license.txt/2019/wp-includes/wlwmanifest.xml
1	0	0	1	3	0	29458967	29463300	0	29458967	29453259	0	/wp-includes/id3/license.txt/2020/wp-includes/wlwmanifest.xml
1	0	0	2	0	0	29459103	0	0	29459103	0	0	/zafir1.php
1	4	0	0	1	29440112	0	29440116	29440100	0	29440116	27772	/blog/view/23
1	1	0	0	0	29440068	0	0	29440068	0	0	5788	/blog/view/22
1	3	0	0	4	29439742	0	29439735	29439708	0	29439709	91	/storage-link
1	0	0	3	0	0	29439935	0	0	29439694	0	0	/blog/view/17
1	0	0	2	0	0	29439934	0	0	29439677	0	0	/blog/view/16
1	0	0	2	0	0	29439935	0	0	29439767	0	0	/blog/view/15
1	0	0	1	0	0	29461791	0	0	29461791	0	0	/tiqdc.php
1	0	0	1	1	0	29439935	29439743	0	29439935	29439743	0	/blog/view/14
1	0	0	1	0	0	29439070	0	0	29439070	0	0	/blog/view/13
1	0	0	1	1	0	29470379	29470379	0	29470379	29470379	0	/lock.php
1	0	0	0	1	0	0	29453167	0	0	29453167	0	/fclas.php
1	0	0	7	4	0	29468932	29468932	0	29454057	29439840	0	/finibus-ornare-nascetur
1	0	0	1	2	0	29454742	29465124	0	29454742	29453654	0	/wp-includes
1	0	0	2	0	0	29459102	0	0	29459102	0	0	/yyy.php
1	0	0	0	1	0	0	29440035	0	0	29440035	0	/storage/blogs/1766308678_1766080876_image-from-rawpixel-id-12120615-png.png
1	0	0	1	1	0	29470381	29470381	0	29470381	29470381	0	/ws36.php
1	0	0	1	1	0	29470377	29470377	0	29470377	29470377	0	/helper766.php
1	0	0	1	1	0	29462798	29462798	0	29462798	29462798	0	/assets/admin/js/filemanager/dialog.php
1	0	0	1	0	0	29462097	0	0	29462097	0	0	/images/logo.png
1	0	0	5	3	0	29469752	29469752	0	29461848	29465831	0	/upimi-pay-vs-google-pay-vs-paytm-vs-phone-pay-ready-for-fight-digital-payment
1	0	0	3	1	0	29465124	29465124	0	29454742	29465124	0	/admin/controller/extension/extension/vx.php
1	0	0	1	1	0	29453654	29453654	0	29453654	29453654	0	/wp-includes/Requests/about.php
1	0	0	0	1	0	0	29465124	0	0	29465124	0	/7x.php
1	0	0	0	1	0	0	29465124	0	0	29465124	0	/wp-content/themes/travelscape/json.php
1	27	0	0	0	29470646	0	0	29461510	0	0	9377776	/storage/blogs/1767600655_sadman-nafis-oz5mlCJUCTI-unsplash (1).jpg
1	0	0	3	4	0	29452727	29453526	0	29450592	29450592	0	/bolt.php
1	0	0	2	3	0	29470379	29470379	0	29453383	29453168	0	/install.php
1	0	0	3	3	0	29459101	29453526	0	29452727	29452727	0	/flower.php
1	0	0	0	1	0	0	29453654	0	0	29453654	0	/wp-content/languages
1	0	0	1	0	0	29454415	0	0	29454415	0	0	/index.php?rest_route=/wp/v2/posts
1	0	0	0	1	0	0	29439964	0	0	29439964	0	/shop/xmlrpc.php?rsd=
1	0	0	1	0	0	29461790	0	0	29461790	0	0	/wp-admin/css/post.php
1	0	0	4	5	0	29470379	29470379	0	29453629	29453629	0	/wso.php
1	0	0	1	0	0	29461790	0	0	29461790	0	0	/gettest.php
1	0	0	1	0	0	29461789	0	0	29461789	0	0	/test/adminer-4.6.1-mysql-en.php
1	0	0	1	1	0	29470377	29470377	0	29470377	29470377	0	/4tBVafYN1Sb.php
1	0	0	1	1	0	29453654	29453654	0	29453654	29453654	0	/wp-content/wp-conflg.php
1	0	0	1	1	0	29470377	29470377	0	29470377	29470377	0	/api986.php
1	0	0	4	8	0	29470379	29470379	0	29452726	29439108	0	/403.php
1	0	0	2	3	0	29470381	29470381	0	29452726	29452726	0	/up.php
1	0	0	0	1	0	0	29465125	0	0	29465125	0	/ty.php
1	0	0	1	1	0	29470376	29470376	0	29470376	29470376	0	/tin.php
1	0	0	1	0	0	29462089	0	0	29462089	0	0	https://techblogs.site/vitamin-water-competition-scroll-free-for-a-yearthe-company-will-pay-a-total-of-70-lakhs-if-you-are-away-from-the-smartphone/
1	0	0	1	2	0	29452727	29453525	0	29452727	29452727	0	/ioxi-o2.php
1	0	0	0	1	0	0	29440464	0	0	29440464	0	/.env.bak
1	0	0	3	5	0	29470380	29470380	0	29452726	29452726	0	/wp-admin/maint/index.php
1	0	0	1	1	0	29470377	29470377	0	29470377	29470377	0	/strift.php
1	0	0	55	116	0	29464943	29470341	0	29455423	29440529	0	/contato
1	0	0	1	1	0	29454742	29465124	0	29454742	29465124	0	/wp-content/plugins
1	918	0	342	7	29471393	29471393	29463503	29438988	29449114	29438608	64331	/robots.txt
1	0	0	1	0	0	29458522	0	0	29458522	0	0	/wp-content/plugins/easy-wp-smtp
1	0	0	3	4	0	29463412	29463412	0	29453383	29453168	0	/w.php
1	0	0	0	1	0	0	29462714	0	0	29462714	0	/wp-content/uploads/2019/03/msbte-exam-form-summer-2019.jpg?200.50.234.8
1	0	0	2	0	0	29462109	0	0	29461505	0	0	/wp-comments-post.php
1	0	0	1	2	0	29452727	29453525	0	29452727	29452727	0	/fileas.php
1	0	0	2	2	0	29463414	29463414	0	29453629	29453629	0	/jlex.php
1	0	0	8	0	0	29468395	0	0	29444027	0	0	/category/comunicacao/
1	0	0	5	3	0	29470043	29470043	0	29454742	29465124	0	/bk/index.php
1	0	0	1	2	0	29452726	29453525	0	29452726	29452726	0	/wp-mail.php/wp-includes/ID3/rnEPv9.php
1	62	0	0	0	29470645	0	0	29465865	0	0	1796454	/storage/blogs/1767861955_Tesla Pi Phone.jfif
1	0	0	1	0	0	29448656	0	0	29448656	0	0	/wp-json/custom/v1/
1	0	0	2	2	0	29463414	29463414	0	29453629	29453629	0	/cache.php
1	0	0	3	10	0	29457922	29468445	0	29457656	29440950	0	/sito/wp-includes/wlwmanifest.xml
1	0	0	2	3	0	29470377	29470377	0	29452726	29452726	0	/class-wp.php
1	0	0	2	2	0	29463413	29463413	0	29453629	29453629	0	/r.php
1	0	0	2	0	0	29461038	0	0	29461038	0	0	/wp-content/plugins/dzs-zoomsounds/mine.php
1	0	0	1	0	0	29452507	0	0	29452507	0	0	/wp-content/uploads/2018/10/microsoft-windows-10-update-operting-system.jpg
1	0	0	1	1	0	29470377	29470377	0	29470377	29470377	0	/wp-tot.php
1	0	0	1	1	0	29461844	29441328	0	29461844	29441328	0	/after-meeting-pichai-instead-of-the-trump-said-google-loyal-towards-america/feed
1	0	0	4	5	0	29463412	29463412	0	29450592	29450592	0	/autoload_classmap.php
1	0	0	2	0	0	29459790	0	0	29455780	0	0	https://www.techblogs.site/category/technology
1	0	0	1	0	0	29470368	0	0	29470368	0	0	/?7e8660a4=4617
1	0	0	1	1	0	29470380	29470380	0	29470380	29470380	0	/3406.php
1	0	0	0	1	0	0	29440467	0	0	29440467	0	/service-account.json
1	1	0	1	0	29453593	29453593	0	29453593	29453593	0	46973	/favicon.ico?v=1767125579
1	0	0	1	2	0	29453383	29453383	0	29453383	29453168	0	/sx.php
1	0	0	2	0	0	29459100	0	0	29459100	0	0	/to.php
1	1	1	0	0	29443841	0	0	29443841	0	0	10382	/?44.218.6.122
1	1	0	1	0	29454739	29454739	0	29454739	29454739	0	46946	/favicon.ico?v=1767194395
1	0	0	1	1	0	29470377	29470377	0	29470377	29470377	0	/I3zu2h.php
1	1	0	1	0	29454739	29454739	0	29454739	29454739	0	46946	/favicon.ico?v=1767194393
1	0	0	3	2	0	29461791	29453384	0	29452402	29452402	0	/files.php
1	138	0	0	0	29470647	0	0	29451292	0	0	75874703	/storage/blogs/1766987533_Untitled design (1).png
1	0	0	4	1	0	29461791	29453383	0	29453383	29453383	0	/juuuu.php
1	0	0	5	6	0	29463413	29463413	0	29450593	29450593	0	/m.php
1	82	0	0	33	29445537	0	29440057	29439696	0	29439776	13350654	/storage/favicon.ico
1	0	0	0	2	0	0	29438473	0	0	29438473	0	/api/swagger.json
1	10	0	0	0	29438757	0	0	29438476	0	0	21370	/_autoindex/assets/js/tablesort.js
1	0	0	0	1	0	0	29439964	0	0	29439964	0	/wordpress/wp-links-opml.php
1	0	0	1	1	0	29453654	29453654	0	29453654	29453654	0	/wp-includes/SimplePie/chosen.php
1	0	0	1	1	0	29470379	29470379	0	29470379	29470379	0	/e/data.php
1	0	0	2	2	0	29463412	29463412	0	29453628	29453628	0	/let.php
1	0	0	2	3	0	29470381	29470381	0	29453383	29453168	0	/.well-known/admin.php
1	0	0	1	3	0	29458967	29463300	0	29458967	29453259	0	/wp-includes/id3/license.txt/web/wp-includes/wlwmanifest.xml
1	0	0	7	4	0	29465124	29465124	0	29452006	29452006	0	/css/index.php
1	2	0	0	0	29452663	0	0	29452663	0	0	12962	/bogs/seach?query=Batn
1	0	0	2	3	0	29452726	29453525	0	29452006	29452006	0	/wp-content/upgrade/index.php
1	5	0	0	0	29471258	0	0	29470480	0	0	1541828	/storage/blogs/1768138820_pexels-mayday-1365795.jpg
1	0	0	6	7	0	29463413	29463413	0	29450593	29450593	0	/radio.php
1	71	0	2	0	29471095	29457989	0	29447528	29453162	0	1048237	/blog/view/31/h3n2-influenza
1	0	0	2	0	0	29457024	0	0	29457024	0	0	/0.html
1	4	0	0	0	29467304	0	0	29454345	0	0	47324	/blog/view/33/PlayStation+Plus+in+January+2026:+My+Predictions+for+a+Killer+Start+to+the+Year
1	0	0	0	1	0	0	29446300	0	0	29446300	0	/wp-content/uploads/2018/10/iphone-10s-XS.jpg
1	14	0	79	13	29448326	29471019	29471019	29447557	29440380	29448326	411	/message/store
1	0	0	1	1	0	29470379	29470379	0	29470379	29470379	0	/h.php
1	0	0	0	1	0	0	29442709	0	0	29442709	0	/main.php?eu=1
1	0	0	1	1	0	29470377	29470377	0	29470377	29470377	0	/core461.php
1	0	0	1	1	0	29453654	29453654	0	29453654	29453654	0	/wp-video.php
1	0	0	1	1	0	29470377	29470377	0	29470377	29470377	0	/load.php
1	0	0	0	2	0	0	29439654	0	0	29439654	0	/theme/default/assets/umi.js
1	0	0	0	1	0	0	29439149	0	0	29439149	0	/storage/blogs/1766258992_1766080843_0a95f6c7-fcd8-4d67-8c3e-8e0aed1cd550.jpg
1	0	0	1	2	0	29452726	29453525	0	29452726	29452726	0	/geck.php
1	0	0	1	2	0	29452727	29453526	0	29452727	29452727	0	/te.php
1	0	0	1	1	0	29450592	29450592	0	29450592	29450592	0	/asd.php
1	213	0	211	0	29470044	29464686	0	29454742	29455490	0	2529506	/index.php
1	0	0	1	2	0	29453383	29453383	0	29453383	29453168	0	/fwe.php
1	0	0	1	1	0	29470377	29470377	0	29470377	29470377	0	/http.php
1	0	0	1	1	0	29461790	29453167	0	29461790	29453167	0	/file51.php
1	0	0	1	1	0	29454742	29465124	0	29454742	29465124	0	/wp-includes/PHPMailer
1	0	0	3	0	0	29461790	0	0	29461120	0	0	/bjfl.php
1	0	0	4	4	0	29470043	29470043	0	29453629	29453629	0	/c.php
1	0	0	0	1	0	0	29439964	0	0	29439964	0	/2023/xmlrpc.php?rsd=
1	1	0	1	0	29458363	29458363	0	29458363	29458363	0	46946	/favicon.ico?v=1767411802
1	0	0	3	1	0	29470381	29470381	0	29459100	29470381	0	/gi.php
1	0	0	0	1	0	0	29466165	0	0	29466165	0	/storage/blogs/1767861986_Tesla
1	0	0	1	1	0	29470377	29470377	0	29470377	29470377	0	/ckv.php
1	166	0	0	0	29471193	0	0	29447527	0	0	90682146	/storage/blogs/1766761661_Screenshot_1.png
1	0	0	2	0	0	29460756	0	0	29460756	0	0	/wp-content/uploads/2024/03/Como-instalar-o-Anydesk-no-Windows-01-1024x502-1.jpg
1	0	0	2	0	0	29459103	0	0	29459103	0	0	/ww2.php
1	0	0	1	2	0	29452726	29453525	0	29452726	29452726	0	/zc-903.php
1	0	0	2	0	0	29459101	0	0	29459101	0	0	/EM.php
1	0	0	1	1	0	29453654	29453654	0	29453654	29453654	0	/wp-includes/js/tinymce/plugins/compat3x/about.php
1	0	0	0	1	0	0	29438472	0	0	29438472	0	/graphql?46.101.1.225
1	0	0	1	0	0	29449938	0	0	29449938	0	0	/admin/comments/1
1	14	0	0	0	29470493	0	0	29444770	0	0	5105226	/storage/blogs/1766586524_2387076.jpg
1	0	0	1	1	0	29464686	29464686	0	29464686	29464686	0	/cms/admin
1	0	0	3	0	0	29461791	0	0	29459102	0	0	/wp-ana.php
1	0	0	0	1	0	0	29439964	0	0	29439964	0	/shop/wp-links-opml.php
1	0	0	2	0	0	29459102	0	0	29459102	0	0	/uuu.php
1	0	0	0	1	0	0	29465125	0	0	29465125	0	/wso24.php
1	37	0	0	0	29471403	0	0	29467713	0	0	2466445	/storage/blogs/1767972800_Ultimate Guide to Nintendo Switch 2 Controllers.jfif
1	9	0	0	0	29438757	0	0	29438476	0	0	10530	/_autoindex/assets/css/autoindex.css
1	0	0	0	1	0	0	29440464	0	0	29440464	0	/.git/index
1	0	0	7	6	0	29470044	29470044	0	29449478	29438663	0	/style.php
1	0	0	3	3	0	29470043	29470043	0	29454742	29465124	0	/wp-includes/Requests
1	0	0	1	0	0	29461790	0	0	29461790	0	0	/djfksr4.php
1	0	0	1	1	0	29453654	29453654	0	29453654	29453654	0	/wp-includes/mini.php
1	0	0	2	2	0	29463412	29463412	0	29453628	29453628	0	/alfanew.php
1	0	0	1	2	0	29450593	29465125	0	29450593	29450593	0	/fm.php
1	0	0	2	0	0	29459102	0	0	29459102	0	0	/sck.php
1	0	0	2	4	0	29463942	29463942	0	29462870	29462870	0	/file-manager/ckeditor
1	0	0	1	2	0	29452727	29453526	0	29452727	29452727	0	/wolv2.php
1	0	0	0	1	0	0	29439964	0	0	29439964	0	/site/wp-links-opml.php
1	1	0	1	0	29454219	29454219	0	29454219	29454219	0	46946	/favicon.ico?v=1767163143
1	0	0	0	1	0	0	29465124	0	0	29465124	0	/x7.php
1	0	0	0	1	0	0	29448421	0	0	29448421	0	/wp-content/plugins/depicter/resources/scripts/admin/index.js
1	0	0	0	1	0	0	29440466	0	0	29440466	0	/.aws/credentials
1	0	0	5	4	0	29465124	29465124	0	29450592	29450592	0	/about/function.php
1	0	0	0	1	0	0	29439624	0	0	29439624	0	/sitemap1.xml
1	0	0	1	2	0	29452726	29453525	0	29452726	29452726	0	/zxz.php
1	0	0	0	1	0	0	29440465	0	0	29440465	0	/.git/config.worktree
1	0	0	1	1	0	29454742	29465124	0	29454742	29465124	0	/wp-content
1	1	0	1	0	29454218	29454218	0	29454218	29454218	0	46946	/favicon.ico?v=1767163119
1	0	0	1	1	0	29470376	29470376	0	29470376	29470376	0	/lib751.php
1	6	0	0	0	29467304	0	0	29450024	0	0	66467	/blog/view/27/SEO+Tips++Rank+Website
1	0	0	1	0	0	29461789	0	0	29461789	0	0	/ru/adminer-4.2.4.php
1	1	0	0	0	29461789	0	0	29461789	0	0	1686	/en/wp-login.php
1	0	0	1	1	0	29452006	29452006	0	29452006	29452006	0	/wp-includes/SimplePie/autoload_classmap.php
1	0	0	2	0	0	29459102	0	0	29459102	0	0	/ifm.php
1	0	0	1	2	0	29452726	29453525	0	29452726	29452726	0	/indo.php
1	0	0	4	2	0	29463412	29463412	0	29453628	29453628	0	/gecko.php
1	0	0	1	1	0	29453654	29453654	0	29453654	29453654	0	/wp-content/languages/autoload_classmap.php
1	0	0	1	2	0	29452727	29453526	0	29452727	29452727	0	/admir.php
1	160	0	0	0	29471398	0	0	29461511	0	0	2688640	/storage/blogs/1767600655_sadman-nafis-oz5mlCJUCTI-unsplash (1) (1).jpg
1	0	0	4	3	0	29470382	29470382	0	29453384	29453168	0	/rh.php
1	0	0	1	1	0	29450592	29450592	0	29450592	29450592	0	/app.php
1	0	0	3	2	0	29459101	29453383	0	29453383	29453168	0	/z60.php
1	0	0	0	1	0	0	29452007	0	0	29452007	0	/wp-includes/theme-compat
1	0	0	2	2	0	29463414	29463414	0	29453629	29453629	0	/mpvloi.php
1	0	0	2	3	0	29453654	29453654	0	29453383	29453168	0	/wp-content/themes/about.php
1	0	0	4	5	0	29470379	29470379	0	29452727	29452727	0	/doc.php
1	0	0	0	2	0	0	29441987	0	0	29441402	0	/api/actions
1	0	0	1	1	0	29470377	29470377	0	29470377	29470377	0	/wp670.php
1	0	0	1	1	0	29470377	29470377	0	29470377	29470377	0	/index685.php
1	0	0	2	0	0	29459103	0	0	29459103	0	0	/xrp.php
1	0	0	0	1	0	0	29441023	0	0	29441023	0	/https:/techblogs.site/Aboute-us
1	1	0	0	0	29439022	0	0	29439022	0	0	394	/_autoindex/assets/icons/file-text.svg
1	4	4	0	0	29461258	0	0	29456887	0	0	46113	/?180.178.34.19
1	0	0	0	2	0	0	29461344	0	0	29451279	0	/storage/blogs/
1	0	0	2	0	0	29453654	0	0	29453654	0	0	/wp-includes/images/media/
1	0	0	0	1	0	0	29463800	0	0	29463800	0	/storage/blogs/1767727004_Untitled
1	0	0	1	1	0	29453654	29453654	0	29453654	29453654	0	/wp-editor.php
1	0	0	4	0	0	29465124	0	0	29454742	0	0	/wp-admin/css/colors/midnight/
1	0	0	4	0	0	29468029	0	0	29464883	0	0	/comments/feed/
1	0	0	0	1	0	0	29465125	0	0	29465125	0	/wp-content/themes/cay-van-phong/filemanager.php
1	1	0	0	0	29440061	0	0	29440061	0	0	621506	/storage/blogs/1766313688_bmw-m3-angel-eyes-black-background-5k-5000x3000-896.jpg
1	0	0	1	2	0	29452726	29453525	0	29452726	29452726	0	/wcas.php
1	0	0	0	7	0	0	29439108	0	0	29439069	0	/storage/blogs/1765903654_%E2%80%94Pngtree%E2%80%94vector realistic space rocket_5423387.png
1	6	0	1	0	29464851	29449607	0	29440639	29449607	0	50131	/bogs/seach
1	0	0	3	10	0	29457922	29468445	0	29457656	29440950	0	/test/wp-includes/wlwmanifest.xml
1	0	0	1	0	0	29461791	0	0	29461791	0	0	/hdwta.php
1	0	0	0	1	0	0	29465124	0	0	29465124	0	/templates/beez5/index.php
1	0	0	0	3	0	0	29439753	0	0	29439746	0	/storage/blogs/1766294803_1766080843_a8a3d538-33cb-4230-b27d-93bf627adfd7 (3).jpg
1	0	0	3	4	0	29461791	29453525	0	29452726	29452726	0	/gifclass.php
1	0	0	0	1	0	0	29439964	0	0	29439964	0	/cms/wp-links-opml.php
1	0	0	9	10	0	29463413	29463413	0	29450592	29450592	0	/bless.php
1	0	0	2	3	0	29470380	29470380	0	29452727	29452727	0	/inde.php
1	0	0	1	1	0	29470377	29470377	0	29470377	29470377	0	/jjhf.php
1	0	0	1	2	0	29452727	29453526	0	29452727	29452727	0	/pp.php
1	0	0	1	2	0	29452727	29453525	0	29452727	29452727	0	/wp-gr.php
1	0	0	5	0	0	29470325	0	0	29445639	0	0	/category/redes/
1	0	0	1	1	0	29452006	29452006	0	29452006	29452006	0	/wp-includes/css/autoload_classmap.php
1	0	0	3	0	0	29453163	0	0	29445540	0	0	/low-code-o-que-e-vantagens-e-beneficios/
1	0	0	2	2	0	29463412	29463412	0	29453628	29453628	0	/OK.php
1	0	0	3	4	0	29463414	29463414	0	29452726	29452726	0	/num.php
1	3	0	2	0	29470381	29470381	0	29453168	29453383	0	5058	/wp-includes/SimplePie/wp-login.php
1	0	0	2	3	0	29470380	29470380	0	29453383	29453168	0	/randkeyword.php
1	1	0	1	0	29459286	29459286	0	29459286	29459286	0	46973	/favicon.ico?v=1767467167
1	0	0	2	0	0	29459100	0	0	29459100	0	0	/hly.php
1	0	0	1	1	0	29461038	29461038	0	29461038	29461038	0	/wp-content/plugins/wp-engine-module/wp-engine.php
1	0	0	2	0	0	29452384	0	0	29452384	0	0	/favicon.ico?v=1767053051
1	0	0	0	2	0	0	29439654	0	0	29439654	0	/theme/default/assets/compoments.js
1	0	0	3	10	0	29457922	29468445	0	29457656	29440950	0	/wp/wp-includes/wlwmanifest.xml
1	27	0	0	6	29471019	0	29462132	29462133	0	29462128	323346	/terms-condition
1	0	0	1	1	0	29470377	29470377	0	29470377	29470377	0	/rest-api.php
1	0	0	1	1	0	29470380	29470380	0	29470380	29470380	0	/file17.php
1	0	0	3	3	0	29470043	29470043	0	29454742	29465124	0	/wp-admin/css/colors/coffee
1	0	0	1	3	0	29452727	29453526	0	29452727	29452727	0	/about3.php
1	0	0	0	1	0	0	29465124	0	0	29465124	0	/templates/atomic/index.php
1	0	0	1	3	0	29458967	29463300	0	29458967	29453259	0	/wp-includes/id3/license.txt/cms/wp-includes/wlwmanifest.xml
1	0	0	9	5	0	29468273	29467755	0	29457153	29443972	0	/empresas-de-ti-a-importancia-da-comunicacao
1	0	0	0	1	0	0	29453169	0	0	29453169	0	/wp-includes/wp-class.php
1	0	0	1	0	0	29452108	0	0	29452108	0	0	https://techblogs.site/category/videos/
1	0	0	2	0	0	29453654	0	0	29453654	0	0	/wp-includes/certificates/
1	0	0	19	12	0	29465590	29470844	0	29439702	29440609	0	/emailsS_store
1	0	0	3	2	0	29470382	29470382	0	29459103	29453167	0	/oo.php
1	0	0	9	5	0	29466534	29466534	0	29457153	29439421	0	/sobre
1	0	0	5	9	0	29466412	29466412	0	29456816	29438473	0	/.env
1	0	0	0	1	0	0	29465124	0	0	29465124	0	/anonymous.php
1	0	0	5	1	0	29470382	29470382	0	29461120	29470382	0	/xxxx.php
1	0	0	1	0	0	29461789	0	0	29461789	0	0	/wp-admin/js/upgrade.php
1	0	0	1	1	0	29470382	29470382	0	29470382	29470382	0	/ooaiyc.php
1	0	0	1	1	0	29470270	29470270	0	29470270	29470270	0	/wp-admin/admin-ajax.php?action=duplicator_download&file=../wp-config.php
1	0	0	1	0	0	29464448	0	0	29464448	0	0	/blog/view/35/
1	0	0	1	1	0	29452219	29452219	0	29452219	29452219	0	/geju.php
1	0	0	1	0	0	29453925	0	0	29453925	0	0	/?id=eEpETE44ZU9ZdDNPWHVsM0F6RXpBV09STEdEbTNhR3ppaThTcEpqZTA2RT0=
1	0	0	2	0	0	29459101	0	0	29459101	0	0	/qqq.php
1	0	0	4	0	0	29465124	0	0	29454742	0	0	/wp-admin/css/colors/coffee/
1	0	0	1	0	0	29451676	0	0	29451676	0	0	https://techblogs.site/category/news/
1	0	0	0	1	0	0	29465125	0	0	29465125	0	/wp-mail.php/wp-includes/ID3/rk2.php
1	0	0	1	0	0	29467532	0	0	29467532	0	0	https://techblogs.site/terms-conditions/
1	0	0	2	0	0	29452007	0	0	29452007	0	0	/.well-known/acme-challenge/
1	0	0	1	2	0	29453383	29453383	0	29453383	29453168	0	/wp-admin/js/wp-conflg.php?p=
1	0	0	3	1	0	29470382	29470382	0	29461201	29470382	0	/bless14.php
1	8	0	0	0	29470647	0	0	29470640	0	0	41894	/manage_eid/45
1	0	0	0	1	0	0	29465124	0	0	29465124	0	/themes/404/404.php
1	5	0	0	0	29470470	0	0	29470468	0	0	32118	/manage_eid/44
1	0	0	1	2	0	29452727	29453525	0	29452727	29452727	0	/owl.php
1	0	0	3	4	0	29452726	29453525	0	29450592	29450592	0	/ahax.php
1	2	0	0	0	29467712	0	0	29467710	0	0	16014	/manage_eid/43
1	4	0	0	0	29465936	0	0	29465865	0	0	24539	/manage_eid/42
1	5	0	0	0	29464337	0	0	29464299	0	0	37942	/manage_eid/41
1	0	0	2	0	0	29460797	0	0	29460797	0	0	/wp-content/uploads/2023/01/3-4-BSP-Macho-x-50-5mm-Ponteira-O-D-304-Conector-Encaixe-de-Tubula-o.jpg_640x640-300x300.jpg
1	1	0	0	0	29461512	0	0	29461512	0	0	6093	/manage_eid/39
1	8	0	1	0	29470480	29464277	0	29463613	29464277	0	50584	/manage_eid/40
1	0	0	1	3	0	29452726	29465125	0	29452726	29452726	0	/default.php
1	8	0	0	0	29461449	0	0	29461394	0	0	51925	/manage_eid/36
1	5	0	0	0	29461454	0	0	29459940	0	0	34681	/manage_eid/35
1	5	0	0	0	29461456	0	0	29454217	0	0	28426	/manage_eid/34
1	2	0	0	0	29461456	0	0	29451293	0	0	11179	/manage_eid/33
1	3	0	0	0	29461457	0	0	29449879	0	0	19285	/manage_eid/32
1	0	0	2	0	0	29459103	0	0	29459103	0	0	/fesa.php
1	2	0	0	0	29461455	0	0	29447527	0	0	11041	/manage_eid/31
1	1	0	0	0	29447500	0	0	29447500	0	0	2610	/manage_eid/30
1	1	0	0	0	29446461	0	0	29446461	0	0	2679	/manage_eid/29
1	3	0	0	0	29461458	0	0	29444608	0	0	16362	/manage_eid/27
1	8	0	0	1	29461460	0	29442714	29442603	0	29442714	43062	/manage_eid/26
1	0	0	2	8	0	29465124	29465124	0	29454742	29438472	0	/cgi-bin/
1	18	0	1	0	29461461	29441692	0	29441397	29441692	0	75665	/manage_eid/25
1	0	0	1	1	0	29468279	29448016	0	29468279	29448016	0	/wp-content/uploads/2018/05/techblogs.site_-280x180.jpg
1	0	0	2	2	0	29463412	29463412	0	29453628	29453628	0	/first.php
1	5	0	0	0	29461463	0	0	29440139	0	0	22232	/manage_eid/23
1	4	0	0	0	29440068	0	0	29440061	0	0	10524	/manage_eid/22
1	2	0	0	0	29440048	0	0	29440027	0	0	5345	/manage_eid/21
1	1	0	0	0	29440031	0	0	29440031	0	0	2641	/manage_eid/20
1	1	0	0	0	29440035	0	0	29440035	0	0	2675	/manage_eid/19
1	8	0	0	0	29439787	0	0	29439709	0	0	21629	/manage_eid/17
1	0	0	1	2	0	29454742	29465124	0	29454742	29452006	0	/wp-admin/js
1	0	0	1	0	0	29461789	0	0	29461789	0	0	/ua/index_old.php
1	0	0	0	1	0	0	29453169	0	0	29453169	0	/wp-includes/index.php
1	1	0	0	0	29439769	0	0	29439769	0	0	2774	/manage_eid/16
1	6	0	0	0	29439148	0	0	29439120	0	0	16883	/manage_eid/14
1	0	0	2	0	0	29447868	0	0	29444424	0	0	/inceptos-penatibus-habitasse/
1	1	0	0	0	29439102	0	0	29439102	0	0	2931	/manage_eid/13
1	0	0	4	5	0	29463413	29463413	0	29450592	29450592	0	/click.php
1	0	0	0	1	0	0	29450004	0	0	29450004	0	/shop/wp-admin/setup-config.php?step=1&language=en_GB
1	0	0	1	1	0	29470377	29470377	0	29470377	29470377	0	/class629.php
1	0	0	2	2	0	29463413	29463413	0	29453629	29453629	0	/321.php
1	0	0	1	2	0	29452726	29453525	0	29452726	29452726	0	/png.php
1	0	0	1	2	0	29452726	29453525	0	29452726	29452726	0	/wp-includes/IXR/about.php
1	0	0	1	0	0	29469169	0	0	29469169	0	0	https://www.techblogs.site/whatsapp-status-video-download-trick-without-any-app/
1	0	0	4	4	0	29470044	29470044	0	29453629	29453629	0	/jga.php
1	0	0	2	0	0	29459101	0	0	29459101	0	0	/zozla.php
1	0	0	5	4	0	29465124	29465124	0	29452727	29452727	0	/index/function.php
1	0	0	5	5	0	29470381	29470381	0	29453383	29453168	0	/ar.php
1	0	0	3	10	0	29457922	29468445	0	29457656	29440950	0	/wp1/wp-includes/wlwmanifest.xml
1	1	0	0	0	29441856	0	0	29441856	0	0	6435	/bogs/seach?query=+iphone+17+pro+Apple+iPhone+
1	0	0	0	1	0	0	29439800	0	0	29439800	0	/blogs/1766296161_1766080843_0a95f6c7-fcd8-4d67-8c3e-8e0aed1cd550.jpg
1	0	0	3	1	0	29459100	29453384	0	29453384	29453384	0	/xaz.php
1	1	0	0	0	29465125	0	0	29465125	0	0	1686	/wp-includes/images/media/wp-login.php
1	30	0	0	0	29471258	0	0	29463616	0	0	417654	/blog/view/40/xbox-game-pass
1	0	0	2	0	0	29459103	0	0	29459103	0	0	/Okxob.php
1	0	0	1	2	0	29452726	29453525	0	29452726	29452726	0	/auth.php
1	0	0	3	2	0	29470380	29470380	0	29461789	29470377	0	/out.php
1	0	0	0	1	0	0	29450004	0	0	29450004	0	/blog/wp-admin/setup-config.php?step=1&language=en_GB
1	0	0	4	0	0	29457024	0	0	29443972	0	0	/empresas-de-ti-a-importancia-da-comunicacao/
1	0	0	2	2	0	29463412	29463412	0	29453628	29453628	0	/wpupex.php
1	0	0	1	1	0	29467447	29467447	0	29467447	29467447	0	/wp-content/uploads/2023/01/s-s-components-500x500-1-300x274.webp
1	1	0	0	0	29440068	0	0	29440068	0	0	34228	/storage/blogs/1766314108_WhatsApp Image 2025-10-29 at 15.29.08.jpeg
1	0	0	1	1	0	29453654	29453654	0	29453654	29453654	0	/wp-content/bypass.php
1	0	0	2	1	0	29461791	29453384	0	29453384	29453384	0	/file7.php
1	0	0	2	3	0	29470382	29470382	0	29453383	29453168	0	/themes/twentytwentytwo/index.php
1	1	0	0	0	29439021	0	0	29439021	0	0	354	/_autoindex/assets/icons/file.svg
1	0	0	0	1	0	0	29453167	0	0	29453167	0	/mda.php
1	0	0	5	6	0	29463414	29463414	0	29450592	29450592	0	/1.php
1	0	0	2	1	0	29459102	29453168	0	29459102	29453168	0	/vbbn.php
1	0	0	1	2	0	29452727	29453525	0	29452727	29452727	0	/wp-load.php
1	0	0	0	2	0	0	29460596	0	0	29451450	0	/storage/blogs/1766987533_Untitled
1	0	0	0	1	0	0	29442614	0	0	29442614	0	/wp-content/plugins/acf-extended/assets/js/acfe-admin.js
1	1	0	1	0	29455931	29455931	0	29455931	29455931	0	46946	/favicon.ico?v=1767265888
1	1	0	1	0	29455931	29455931	0	29455931	29455931	0	46946	/favicon.ico?v=1767265887
1	0	0	4	0	0	29465124	0	0	29454742	0	0	/assets/
1	0	0	2	4	0	29470663	29470663	0	29462841	29440979	0	/wp-content/plugins/cidaas-pro-master/composer.json
1	1	0	1	0	29455931	29455931	0	29455931	29455931	0	46946	/favicon.ico?v=1767265886
1	1	0	1	0	29455931	29455931	0	29455931	29455931	0	46946	/favicon.ico?v=1767265885
1	0	0	0	1	0	0	29439964	0	0	29439964	0	/2024/xmlrpc.php?rsd=
1	0	0	0	3	0	0	29442842	0	0	29439188	0	/llms.txt
1	1	0	46	9	29441393	29470640	29461508	29441393	29439111	29441380	0	/manage_add
1	0	0	6	7	0	29470380	29470380	0	29450593	29450593	0	/lv.php
1	0	0	0	1	0	0	29453167	0	0	29453167	0	/all.php
1	0	0	1	2	0	29452726	29453525	0	29452726	29452726	0	/menu.php
1	0	0	0	1	0	0	29465125	0	0	29465125	0	/upp.php
1	0	0	3	5	0	29470380	29470380	0	29453383	29453168	0	/wp-includes/assets/index.php
1	0	0	1	1	0	29470380	29470380	0	29470380	29470380	0	/file2.php
1	10	0	0	0	29438757	0	0	29438476	0	0	3220	/_autoindex/assets/js/tablesort.number.js
1	0	0	1	1	0	29464801	29464802	0	29464801	29464802	0	/public/assets/jquery-file-upload/server/php/index.php?file=tf2rghf.jpg
1	0	0	31	42	0	29470286	29471205	0	29450309	29438608	0	/ads.txt
1	0	0	0	1	0	0	29465125	0	0	29465125	0	/ini.php
1	0	0	0	1	0	0	29453167	0	0	29453167	0	/zsz.php
1	0	0	0	1	0	0	29464556	0	0	29464556	0	/storage/blogs/1767768767_Power
1	0	0	3	2	0	29459100	29453383	0	29453383	29453168	0	/xv.php
1	0	0	2	0	0	29447221	0	0	29445389	0	0	/author/patrick-radaelli/
1	0	0	5	5	0	29469851	29469852	0	29451071	29443965	0	/author/patrick-radaelli/page/2
1	0	0	2	3	0	29453654	29453654	0	29452727	29452727	0	/wp-content/uploads/index.php
1	0	0	3	10	0	29457922	29468445	0	29457656	29440950	0	/news/wp-includes/wlwmanifest.xml
1	0	0	3	1	0	29459103	29453384	0	29453384	29453384	0	/ova.php
1	0	0	2	0	0	29459102	0	0	29459102	0	0	/mh.php
1	0	0	0	1	0	0	29442842	0	0	29442842	0	/humans.txt
1	0	0	1	1	0	29470377	29470377	0	29470377	29470377	0	/data225.php
1	0	0	8	0	0	29470258	0	0	29453234	0	0	/simple-steps-to-delete-gmail-account/?preview_id=651&preview_nonce=e1eb2d6888&post_format=standard&_thumbnail_id=10&preview=true
1	0	0	0	2	0	0	29438473	0	0	29438473	0	/telescope/requests
1	0	0	2	2	0	29463413	29463413	0	29453629	29453629	0	/mar.php
1	1	0	1	0	29459482	29459482	0	29459482	29459482	0	46946	/favicon.ico?v=1767478975
1	1	0	0	0	29440342	0	0	29440342	0	0	6258	/bogs/seach?query=nnnmbnm
1	0	0	1	2	0	29453384	29453384	0	29453384	29453168	0	/ac.php
1	0	0	1	2	0	29452726	29453525	0	29452726	29452726	0	/f6.php
1	0	0	1	0	0	29464384	0	0	29464384	0	0	/admin/subscribers/10
1	9	0	0	4	29440026	0	29440024	29440014	0	29440013	504	/force-storage-sync
1	26	0	3	2	29471019	29462587	29462128	29462133	29460462	29462128	366156	/privacy-policy
1	0	0	1	1	0	29453628	29453628	0	29453628	29453628	0	/halo.php
1	0	0	0	1	0	0	29453169	0	0	29453169	0	/blurbs18.php
1	0	0	0	1	0	0	29440464	0	0	29440464	0	/.env~
1	0	0	1	2	0	29452726	29453525	0	29452726	29452726	0	/himu.php
1	0	0	0	2	0	0	29438473	0	0	29438473	0	/debug/default/view?panel=config
1	0	0	1	1	0	29470382	29470382	0	29470382	29470382	0	/akk.php
1	0	0	4	0	0	29470755	0	0	29447221	0	0	/finibus-ornare-nascetur/
1	0	0	1	1	0	29449713	29449713	0	29449713	29449713	0	/wp-content/uploads/style.php
1	0	0	1	4	0	29449182	29449323	0	29449182	29440540	0	/wp-content/uploads/2024/07/material-demo-photo-1536421629999-fc4bfa98a8bc.jpeg
1	1	0	1	0	29459482	29459482	0	29459482	29459482	0	46973	/favicon.ico?v=1767478936
1	0	0	1	0	0	29461789	0	0	29461789	0	0	/wp-content/themes/seotheme/radio.php
1	0	0	0	1	0	0	29465125	0	0	29465125	0	/assets/images/28c5400b0b.php
1	95	0	0	2	29460565	0	29461533	29449878	0	29461533	147050989	/storage/blogs/1766902737_sven-piper-z4El4WAsF8w-unsplash.jpg
1	0	0	2	1	0	29470381	29470381	0	29461790	29470381	0	/f2f.php
1	0	0	3	1	0	29459102	29453384	0	29453384	29453384	0	/1aa.php
1	0	0	1	1	0	29470377	29470377	0	29470377	29470377	0	/sts.php
1	0	0	0	1	0	0	29439964	0	0	29439964	0	/2024/wp-links-opml.php
1	0	0	1	0	0	29461791	0	0	29461791	0	0	/1wx.php
1	0	0	4	0	0	29464200	0	0	29464196	0	0	/page/2/
1	0	0	35	0	0	29460972	0	0	29460075	0	0	/apple-touch-icon.png
1	0	0	6	0	0	29465124	0	0	29453654	0	0	/wp-includes/
1	0	0	2	2	0	29470044	29470044	0	29469939	29469939	0	/wp-content/plugins/phpad/as.php
1	0	0	2	0	0	29459101	0	0	29459101	0	0	/mmm.php
1	0	0	4	0	0	29465124	0	0	29454742	0	0	/wp-admin/network/
1	0	0	0	39	0	0	29439998	0	0	29439787	0	/storage/blogs/1766297266_1766080843_0a95f6c7-fcd8-4d67-8c3e-8e0aed1cd550.jpg
1	0	0	2	3	0	29470381	29470381	0	29453383	29453168	0	/admin.php?p=
1	0	0	8	0	0	29458145	0	0	29444325	0	0	/sobre/
1	0	0	2	1	0	29459102	29453168	0	29459102	29453168	0	/xz89.php
1	0	0	0	1	0	0	29440470	0	0	29440470	0	/config/*.json
1	0	0	1	2	0	29452726	29453525	0	29452726	29452726	0	/tgrs.php
1	0	0	1	3	0	29458967	29463300	0	29458967	29453259	0	/wp-includes/id3/license.txt/xmlrpc.php?rsd
1	1	1	0	0	29445506	0	0	29445506	0	0	38380	/?p=241
1	0	0	1	1	0	29450593	29450593	0	29450593	29450593	0	/packed.php
1	0	0	2	2	0	29470044	29470044	0	29469939	29469939	0	/.trash7206/index.php
1	0	0	2	4	0	29452726	29465124	0	29450593	29450593	0	/mah.php
1	0	0	0	2	0	0	29438473	0	0	29438473	0	/actuator/env
1	0	0	1	1	0	29470380	29470380	0	29470380	29470380	0	/nov.php
1	1	0	1	0	29458667	29458667	0	29458667	29458667	0	46946	/favicon.ico?v=1767430031
1	0	0	1	2	0	29453383	29453383	0	29453383	29453168	0	/css/colors/blue/index.php
1	0	0	6	7	0	29470379	29470379	0	29452006	29452006	0	/wp.php
1	1	0	1	0	29454725	29454725	0	29454725	29454725	0	46946	/favicon.ico?v=1767193546
1	0	0	2	0	0	29459104	0	0	29459104	0	0	/sadis.php
1	0	0	0	1	0	0	29450004	0	0	29450004	0	/wordpress/wp-admin/setup-config.php?step=1&language=en_GB
1	1	0	1	0	29458667	29458667	0	29458667	29458667	0	46946	/favicon.ico?v=1767430022
1	0	0	1	3	0	29464686	29464686	0	29464686	29464686	0	/index.htm
1	0	0	0	1	0	0	29470904	0	0	29470904	0	/storage/blogs/1767972800_Ultimate
1	0	0	2	2	0	29470044	29470044	0	29469939	29469939	0	/wp-admin/includes/about.php
1	0	0	1	3	0	29451560	29451560	0	29451560	29438473	0	/.vscode/sftp.json
1	16	0	1	1	29462122	29462128	29462076	29462077	29462128	29462076	188964	/term/condition
1	0	0	1	1	0	29470377	29470377	0	29470377	29470377	0	/bolt.php?p=
1	1	0	0	0	29461431	0	0	29461431	0	0	364375	/storage/blogs/1767595914_Screenshot_3.png
1	0	0	0	1	0	0	29438472	0	0	29438472	0	/graphql
1	2	0	0	0	29470640	0	0	29470640	0	0	6096	/manage_blogs_seo/45
1	2	0	0	0	29470474	0	0	29470473	0	0	6134	/manage_blogs_seo/44
1	2	0	0	0	29467783	0	0	29467783	0	0	6145	/manage_blogs_seo/43
1	0	0	1	1	0	29470380	29470380	0	29470380	29470380	0	/aaaa.php
1	3	0	0	0	29465868	0	0	29465867	0	0	9391	/manage_blogs_seo/42
1	163	0	0	0	29471398	0	0	29461449	0	0	1539972	/storage/blogs/1767596955_Screenshot_12 (2) (1).jpg
1	2	0	0	0	29464327	0	0	29464325	0	0	6127	/manage_blogs_seo/41
1	2	0	0	0	29461512	0	0	29461512	0	0	6076	/manage_blogs_seo/39
1	3	0	0	0	29467670	0	0	29467668	0	0	9169	/manage_blogs_seo/40
1	0	0	2	0	0	29459297	0	0	29459297	0	0	/wp-json/
1	4	0	0	0	29461409	0	0	29461397	0	0	12303	/manage_blogs_seo/36
1	4	0	0	0	29459952	0	0	29459941	0	0	12466	/manage_blogs_seo/35
1	2	0	0	0	29454725	0	0	29454724	0	0	6055	/manage_blogs_seo/34
1	0	0	2	0	0	29455073	0	0	29455073	0	0	/motu.php
1	0	0	1	1	0	29470376	29470376	0	29470376	29470376	0	/d9.php
1	2	0	0	0	29451298	0	0	29451294	0	0	6197	/manage_blogs_seo/33
1	3	0	0	0	29449885	0	0	29449882	0	0	9360	/manage_blogs_seo/32
1	0	0	3	2	0	29459102	29453384	0	29453384	29453168	0	/xb.php
1	0	0	0	2	0	0	29438473	0	0	29438473	0	/v3/api-docs
1	3	0	0	0	29447532	0	0	29447529	0	0	9172	/manage_blogs_seo/31
1	0	0	1	0	0	29461437	0	0	29461437	0	0	/blog/delete/38
1	0	0	1	0	0	29461432	0	0	29461432	0	0	/blog/delete/37
1	2	0	0	0	29444775	0	0	29444774	0	0	6030	/manage_blogs_seo/27
1	0	0	0	1	0	0	29465125	0	0	29465125	0	/wp-mail.php/wp-includes/ID3/.info.php
1	2	0	0	0	29442707	0	0	29442707	0	0	6019	/manage_blogs_seo/26
1	0	0	1	3	0	29464686	29464686	0	29464686	29464686	0	/home.html
1	2	0	0	0	29441756	0	0	29441753	0	0	6022	/manage_blogs_seo/25
1	4	0	0	0	29440156	0	0	29440153	0	0	12424	/manage_blogs_seo/23
1	0	0	1	0	0	29446461	0	0	29446461	0	0	/blog/delete/29
1	0	0	1	0	0	29447500	0	0	29447500	0	0	/blog/delete/30
1	0	0	1	0	0	29446460	0	0	29446460	0	0	/blog/delete/28
1	0	0	1	0	0	29461790	0	0	29461790	0	0	/wp-upload.php
1	0	0	0	7	0	0	29439102	0	0	29439069	0	/storage/blogs/1766080921_image-from-rawpixel-id-13136240-png.png
1	0	0	0	1	0	0	29439964	0	0	29439964	0	/store/wp-links-opml.php
1	1	0	0	0	29439793	0	0	29439793	0	0	2922	/manage_blogs_seo/17
1	0	0	0	3	0	0	29440314	0	0	29439912	0	/storage/default.png
1	0	0	1	0	0	29441396	0	0	29441396	0	0	/blog/delete/24
1	0	0	2	2	0	29470043	29470043	0	29469938	29469938	0	/wp-content/themes/twentytwentyfive/functions.php
1	0	0	1	0	0	29440078	0	0	29440078	0	0	/blog/delete/22
1	0	0	1	0	0	29440049	0	0	29440049	0	0	/blog/delete/21
1	0	0	0	1	0	0	29439964	0	0	29439964	0	/test/xmlrpc.php?rsd=
1	1	0	1	0	29454724	29454724	0	29454724	29454724	0	46946	/favicon.ico?v=1767193481
1	0	0	1	0	0	29440049	0	0	29440049	0	0	/blog/delete/19
1	0	0	1	0	0	29440049	0	0	29440049	0	0	/blog/delete/20
1	0	0	3	10	0	29457922	29468445	0	29457656	29440950	0	/web/wp-includes/wlwmanifest.xml
1	0	0	1	0	0	29439998	0	0	29439998	0	0	/blog/delete/18
1	4	0	0	4	29439768	0	29439768	29439753	0	29439750	160	/storage-link-public-html
1	0	0	0	1	0	0	29465125	0	0	29465125	0	/wp-includes/Text/network.php
1	0	0	1	0	0	29439998	0	0	29439998	0	0	/blog/delete/17
1	0	0	1	0	0	29439998	0	0	29439998	0	0	/blog/delete/16
1	1	0	1	0	29454724	29454724	0	29454724	29454724	0	46946	/favicon.ico?v=1767193476
1	0	0	1	0	0	29439998	0	0	29439998	0	0	/blog/delete/15
1	0	0	1	0	0	29439998	0	0	29439998	0	0	/blog/delete/14
1	0	0	4	2	0	29465124	29465124	0	29450593	29450593	0	/function/function.php
1	0	0	1	2	0	29453383	29453383	0	29453383	29453168	0	/wp-admin/about.php
1	0	0	1	2	0	29452727	29453526	0	29452727	29452727	0	/33.php
1	0	0	3	1	0	29470376	29470376	0	29459103	29470376	0	/z60.php?p=
1	0	0	4	0	0	29462705	0	0	29445414	0	0	/download-de-anydesk-e-gratuito-e-permite-acesso-remoto-ao-seu-pc/
1	0	0	9	5	0	29470062	29470062	0	29453021	29445748	0	/quer-aprender-a-montar-um-pc
1	0	0	3	2	0	29470380	29470380	0	29453384	29453384	0	/ave.php
1	0	0	2	0	0	29459100	0	0	29459100	0	0	/wp-freya.php
1	0	0	5	7	0	29470382	29470382	0	29450592	29450592	0	/atomlib.php
1	2	2	0	0	29438473	0	0	29438473	0	0	1402	/?rest_route=/wp/v2/users/
1	0	0	2	2	0	29463413	29463413	0	29453628	29453628	0	/shop.php
1	0	0	3	5	0	29470380	29470380	0	29452727	29452727	0	/class20.php
1	0	0	3	5	0	29470380	29470380	0	29452727	29452727	0	/class19.php
1	11	0	0	0	29471258	0	0	29465866	0	0	249840	/storage/blogs/1767861986_download.jfif
1	0	0	1	1	0	29453383	29453383	0	29453383	29453383	0	/plugins/Cache/footer.php
1	2	0	0	0	29441444	0	0	29441401	0	0	106894	/storage/blogs/1766394064_Tesla Phone.jpg
1	0	0	1	2	0	29452726	29453525	0	29452726	29452726	0	/test2.php
1	0	0	0	6	0	0	29439746	0	0	29439744	0	/storage/blogs/1766294681_1766080843_0a95f6c7-fcd8-4d67-8c3e-8e0aed1cd550.jpg
1	0	0	0	1	0	0	29465125	0	0	29465125	0	/wp-content/uploads/classwithtostring.php
1	0	0	1	2	0	29452726	29453525	0	29452726	29452726	0	/lib.php
1	1	1	1	0	29470456	29470456	0	29470456	29470456	0	11873	/?gclid=1399571773
1	0	0	2	2	0	29463414	29463414	0	29453629	29453629	0	/406.php
1	0	0	1	1	0	29470380	29470380	0	29470380	29470380	0	/ws34.php
1	7	0	1	0	29467304	29452803	0	29450024	29452803	0	100212	/blog/view/26/Health+%26+Wellness
1	0	0	4	0	0	29465124	0	0	29454742	0	0	/index.php/feed/atom/
1	0	0	2	0	0	29457024	0	0	29457024	0	0	/2.html
1	0	0	2	3	0	29470380	29470380	0	29453383	29453168	0	/wp-admin/network/wp-conflg.php?p=
1	0	0	4	0	0	29465124	0	0	29454741	0	0	/admin/controller/extension/extension/
1	0	0	1	2	0	29452726	29453525	0	29452726	29452726	0	/z.php
1	0	0	4	5	0	29470381	29470381	0	29452006	29452006	0	/wp-content/plugins/admin.php
1	1	1	1	0	29448344	29453223	0	29448344	29453223	0	38946	/?elementskit_template=header
1	0	0	1	2	0	29452727	29453526	0	29452727	29452727	0	/an7.php
1	0	0	0	1	0	0	29440100	0	0	29440100	0	/category/uncategorized
1	0	0	0	1	0	0	29439376	0	0	29439376	0	/wp-content/plugins/wpcf7-redirect/readme.txt
1	0	0	0	1	0	0	29440467	0	0	29440467	0	/aws.json
1	0	0	4	0	0	29463300	0	0	29453259	0	0	/wp-includes/ID3/license.txt
1	0	0	1	1	0	29453854	29453854	0	29453854	29453854	0	/wp-content/uploads/2018/08/motorola_one_power-android.jpeg
1	0	0	11	6	0	29467663	29467663	0	29457158	29440011	0	/category/redes
1	1	0	0	0	29461437	0	0	29461437	0	0	84736	/storage/blogs/1767596260_Screenshot_6.png
1	87	0	0	0	29471398	0	0	29461460	0	0	2400069	/storage/blogs/1767597649_vitalii-pavlyshynets-kcRFW-Hje8Y-unsplash-min (1).jpg
1	0	0	5	4	0	29470380	29470380	0	29459102	29453168	0	/ws28.php
1	0	0	1	1	0	29453654	29453654	0	29453654	29453654	0	/wp-includes/Text/Diff/Renderer/index.php
1	0	0	1	2	0	29452727	29453526	0	29452727	29452727	0	/666.php
1	2	0	2	0	29458985	29458985	0	29458985	29458985	0	97256	/favicon.ico?v=1767447599
1	0	0	0	1	0	0	29468004	0	0	29468004	0	/storage/blogs/1767597649_vitalii-pavlyshynets-kcRFW-Hje8Y-unsplash-min
1	0	0	2	0	0	29459101	0	0	29459101	0	0	/kcs.php
1	0	0	0	1	0	0	29439964	0	0	29439964	0	/old/wp-links-opml.php
1	0	0	0	1	0	0	29465125	0	0	29465125	0	/th/plugins/phpThumb/404.php
1	0	0	3	5	0	29470044	29470044	0	29452727	29439964	0	/wp-links-opml.php
1	0	0	0	1	0	0	29465124	0	0	29465124	0	/wp-content/themes/aahana/json.php
1	0	0	1	3	0	29462144	29470258	0	29462144	29453248	0	/simple-steps-to-delete-gmail-account?preview_id=651&preview_nonce=e1eb2d6888&post_format=standard&_thumbnail_id=10&preview=true
1	0	0	1	1	0	29453654	29453654	0	29453654	29453654	0	/wp-content/inputs.php
1	0	0	2	0	0	29470044	0	0	29469939	0	0	/cgi-bin/index.php
1	0	0	2	3	0	29470380	29470380	0	29452727	29452727	0	/cccc.php
1	62	0	1	0	29471330	29464330	0	29464313	29464330	0	1039435	/blog/view/41/the-complete-guide-to-power-banks-2026
1	0	0	1	0	0	29459297	0	0	29459297	0	0	/wp-json
1	0	0	8	5	0	29469321	29469321	0	29449885	29445414	0	/download-de-anydesk-e-gratuito-e-permite-acesso-remoto-ao-seu-pc
1	0	0	1	0	0	29461789	0	0	29461789	0	0	/assets/images/hehe.php
1	0	0	1	2	0	29452727	29453526	0	29452727	29452727	0	/wfile.php
1	0	0	3	3	0	29470044	29470044	0	29454741	29465124	0	/admin/controller/extension/extension
1	0	0	1	2	0	29452726	29453525	0	29452726	29452726	0	/p.php
1	0	0	4	0	0	29460117	0	0	29444792	0	0	/category/sem-categoria/
1	0	0	8	6	0	29471242	29471242	0	29461210	29462682	0	/category/news
1	0	0	1	0	0	29439089	0	0	29439089	0	0	/admin/put/key?otp=111111&email=ahmadfullstackdeveloper@gmail.com
1	0	0	1	0	0	29462085	0	0	29462085	0	0	/term/contact.html
1	0	0	0	1	0	0	29439991	0	0	29439991	0	/hforce-storage-link
1	0	0	2	2	0	29463413	29463413	0	29453628	29453628	0	/11.php
1	0	0	0	1	0	0	29467532	0	0	29467532	0	https://www.techblogs.site/terms-conditions
1	0	0	0	1	0	0	29439964	0	0	29439964	0	/store/xmlrpc.php?rsd=
1	0	0	0	2	0	0	29471151	0	0	29461709	0	/storage/blogs/1767596955_Screenshot_12
1	0	0	1	2	0	29454741	29465124	0	29454741	29452007	0	/.well-known
1	11	0	0	51	29439702	0	29439998	29439151	0	29439149	5981778	/storage/blogs/1766258970_hero_section.png
1	0	0	2	0	0	29459103	0	0	29459103	0	0	/xpass.php
1	0	0	0	2	0	0	29438472	0	0	29438472	0	/swagger/v1/swagger.json
1	0	0	2	4	0	29463942	29463942	0	29462870	29462870	0	/file-manager/fm-button
1	101	0	0	2	29470491	0	29454685	29451292	0	29454684	1393061	/blog/view/33/playstation-plus-in-january-2026-my-predictions-for-a-killer-start-to-the-year
1	1	0	1	0	29456238	29456238	0	29456238	29456238	0	46946	/favicon.ico?v=1767284293
1	0	0	7	8	0	29463414	29463414	0	29450593	29450593	0	/k.php
1	1	0	1	0	29456238	29456238	0	29456238	29456238	0	46946	/favicon.ico?v=1767284292
1	0	0	0	1	0	0	29440470	0	0	29440470	0	/wp-config.php
1	0	0	0	9	0	0	29439108	0	0	29439069	0	/storage/blogs/1766080876_a8a3d538-33cb-4230-b27d-93bf627adfd7 (4).jpg
1	0	0	2	1	0	29459101	29453168	0	29459101	29453168	0	/fz.php
1	0	0	3	2	0	29470382	29470382	0	29453383	29453383	0	/520.php
1	0	0	1	1	0	29470377	29470377	0	29470377	29470377	0	/TPR9lLbsVBS.php
1	0	0	2	0	0	29453654	0	0	29453654	0	0	/wp-content/languages/
1	0	0	0	1	0	0	29439964	0	0	29439964	0	/2025/xmlrpc.php?rsd=
1	0	0	2	2	0	29469741	29469741	0	29449867	29449867	0	/wp-content/uploads/2018/05/instagram-280x180.jpg
1	0	0	0	2	0	0	29438473	0	0	29438473	0	/config.json
1	0	0	1	1	0	29454742	29465124	0	29454742	29465124	0	/wp-admin/maint
1	0	0	0	1	0	0	29440327	0	0	29440327	0	/wp-content/uploads/2024/03/Blue-Modern-Space-Landscape-Illustration-Live-Streaming-Announcement-Video-1.gif
1	0	0	9	11	0	29470380	29470380	0	29452006	29438473	0	/info.php
1	0	0	3	1	0	29465124	29465124	0	29454742	29465124	0	/update/gely.php
1	0	0	1	2	0	29452726	29453525	0	29452726	29452726	0	/static/as.php
1	0	0	2	2	0	29463413	29463413	0	29453628	29453628	0	/cart.php
1	0	0	5	3	0	29470380	29470380	0	29453383	29453168	0	/f35.php
1	0	0	2	2	0	29463412	29463412	0	29453628	29453628	0	/rz.php
1	66	0	4	5	29470798	29464380	29439785	29439071	29459921	29439784	167526	/login
1	0	0	1	3	0	29458967	29463300	0	29458967	29453259	0	/wp-includes/id3/license.txt/site/wp-includes/wlwmanifest.xml
1	319	0	4	5	29470647	29461872	29446441	29439102	29440072	29439783	1838897	/manage_blogs
1	0	0	0	1	0	0	29465125	0	0	29465125	0	/wp-includes/block-supports/autoload_classmap.php
1	0	0	0	1	0	0	29439964	0	0	29439964	0	/xmlrpc.php?rsd=
1	0	0	0	4	0	0	29440298	0	0	29440295	0	/robort.txt
1	0	0	1	1	0	29453654	29453654	0	29453654	29453654	0	/function.php
1	0	0	2	2	0	29463413	29463413	0	29453628	29453628	0	/f.php
1	0	0	1	1	0	29450592	29450592	0	29450592	29450592	0	/config.php
1	0	0	0	1	0	0	29453654	0	0	29453654	0	/wp-content/et-cache
1	0	0	0	2	0	0	29438473	0	0	29438473	0	/server
1	0	0	2	0	0	29459297	0	0	29459297	0	0	/wp-json/wp/v2/users
1	0	0	0	1	0	0	29465124	0	0	29465124	0	/wp-content/themes/hideo/network.php
1	0	0	0	1	0	0	29440471	0	0	29440471	0	/wp-config.old
1	0	0	0	1	0	0	29440469	0	0	29440469	0	/docker-compose.prod.yml
1	0	0	0	1	0	0	29452108	0	0	29452108	0	https://www.techblogs.site/category/videos
1	0	0	5	3	0	29470380	29470380	0	29453384	29453168	0	/file48.php
1	0	0	4	5	0	29463413	29463413	0	29450592	29450592	0	/a.php
1	65	0	1	0	29470498	29461873	0	29439152	29461873	0	348567	/Comments
1	0	0	3	4	0	29461791	29453525	0	29452726	29452726	0	/gg.php
1	0	0	1	0	0	29456453	0	0	29456453	0	0	/Aboute-us","title":"TechBlogs.site %E2%80%93 Latest Tech News, AI, Mobiles 
1	0	0	3	1	0	29459101	29453384	0	29453384	29453384	0	/up4.php
1	0	0	2	1	0	29459102	29453168	0	29459102	29453168	0	/sang.php
1	0	0	1	0	0	29467532	0	0	29467532	0	0	https://www.techblogs.site/terms-conditions/
1	0	0	0	1	0	0	29440135	0	0	29440135	0	/category/technology
1	0	0	2	2	0	29463412	29463412	0	29453628	29453628	0	/anjay.php
1	4	0	0	0	29465594	0	0	29461511	0	0	857080	/storage/blogs/1767600655_hy-art-xWVXSfa8rcs-unsplash (1).jpg
1	1	0	7	8	29445540	29470663	29470663	29445540	29450971	29439567	0	/blog-verify
1	0	0	3	10	0	29457922	29468445	0	29457656	29440950	0	/cms/wp-includes/wlwmanifest.xml
1	0	0	6	0	0	29465124	0	0	29452007	0	0	/.well-known/
1	76	0	20	2	29470493	29452153	29444766	29444770	29444636	29444608	1168907	/blog/view/27/seo-tips-rank-website
1	0	0	2	0	0	29459102	0	0	29459102	0	0	/cafe.php
1	0	0	0	3	0	0	29451519	0	0	29440248	0	/{{ asset('storage/default.png') }}
1	0	0	3	1	0	29465124	29465124	0	29454742	29465124	0	/adminfuns.php/.well-known/acme-challenge/file.php
1	2	0	0	0	29450014	0	0	29450014	0	0	40	/cpanelwebcall/rdnvidwondlvitoktpuwlubnijmlqnmc
1	0	0	0	1	0	0	29439653	0	0	29439653	0	/staff
1	0	0	1	0	0	29470640	0	0	29470640	0	0	/manage_blogs_seo/update/45
1	0	0	1	0	0	29468513	0	0	29468513	0	0	/contato/?116.204.107.207
1	0	0	0	2	0	0	29438472	0	0	29438472	0	/v2/api-docs
1	0	0	1	0	0	29470474	0	0	29470474	0	0	/manage_blogs_seo/update/44
1	0	0	2	2	0	29470043	29470043	0	29469938	29469938	0	/wp-content/upgrade
1	0	0	0	2	0	0	29438472	0	0	29438472	0	/api/gql
1	0	0	1	0	0	29467783	0	0	29467783	0	0	/manage_blogs_seo/update/43
1	0	0	2	0	0	29465868	0	0	29465867	0	0	/manage_blogs_seo/update/42
1	0	0	1	0	0	29464327	0	0	29464327	0	0	/manage_blogs_seo/update/41
1	0	0	1	0	0	29461512	0	0	29461512	0	0	/manage_blogs_seo/update/39
1	0	0	2	0	0	29467670	0	0	29467669	0	0	/manage_blogs_seo/update/40
1	0	0	2	0	0	29461398	0	0	29461398	0	0	/manage_blogs_seo/update/36
1	0	0	2	0	0	29459952	0	0	29459943	0	0	/manage_blogs_seo/update/35
1	0	0	1	0	0	29454725	0	0	29454725	0	0	/manage_blogs_seo/update/34
1	0	0	1	0	0	29451298	0	0	29451298	0	0	/manage_blogs_seo/update/33
1	0	0	2	0	0	29449885	0	0	29449885	0	0	/manage_blogs_seo/update/32
1	0	0	2	0	0	29447532	0	0	29447532	0	0	/manage_blogs_seo/update/31
1	11	0	0	0	29465596	0	0	29447528	0	0	3809630	/storage/blogs/1766761714_Screenshot_2.png
1	0	0	0	2	0	0	29438472	0	0	29438472	0	/swagger.json
1	0	0	0	2	0	0	29438473	0	0	29438473	0	/api-docs/swagger.json
1	0	0	1	0	0	29444775	0	0	29444775	0	0	/manage_blogs_seo/update/27
1	0	0	1	0	0	29442707	0	0	29442707	0	0	/manage_blogs_seo/update/26
1	0	0	1	0	0	29441756	0	0	29441756	0	0	/manage_blogs_seo/update/25
1	0	0	5	5	0	29470381	29470381	0	29452727	29452727	0	/222.php
1	0	0	2	0	0	29440154	0	0	29440153	0	0	/manage_blogs_seo/update/23
1	8	0	1	0	29467304	29454310	0	29445205	29454310	0	98420	/blog/view/25/iphone+17+pro
1	356	0	0	1	29470872	0	29462124	29459939	0	29462124	4811262	/blog/view/35/berlin-blackout-the-anatomy-of-a-modern-metropolis-in-the-dark
1	0	0	0	1	0	0	29450004	0	0	29450004	0	/old/wp-admin/install.php?step=1&language=en_GB
1	0	0	1	1	0	29453383	29453383	0	29453383	29453383	0	/images/m.php
1	4	0	0	0	29440057	0	0	29440049	0	0	413396	/storage/blogs/1766312961_1766080843_0a95f6c7-fcd8-4d67-8c3e-8e0aed1cd550.jpg
1	0	0	1	1	0	29470377	29470377	0	29470377	29470377	0	/acxx.php
1	1	0	1	0	29452663	29452663	0	29452663	29452663	0	46946	/favicon.ico?v=1767069828
1	318	0	2	12	29471019	29458758	29466359	29439151	29452178	29440378	3269203	/Contect-us
1	0	0	1	3	0	29458967	29463300	0	29458967	29453259	0	/wp-includes/id3/license.txt/shop/wp-includes/wlwmanifest.xml
1	0	0	1	2	0	29452726	29453525	0	29452726	29452726	0	/jmfi2.php
1	0	0	6	8	0	29470380	29470380	0	29452726	29452726	0	/cong.php
1	0	0	2	3	0	29470380	29470380	0	29452727	29452727	0	/file32.php
1	0	0	0	1	0	0	29465124	0	0	29465124	0	/cpbrute.php
1	0	0	1	2	0	29452726	29453525	0	29452726	29452726	0	/update/f35.php
1	1	0	1	0	29452663	29452663	0	29452663	29452663	0	46946	/favicon.ico?v=1767069810
1	1	0	1	0	29452663	29452663	0	29452663	29452663	0	46946	/favicon.ico?v=1767069795
1	1	0	1	0	29452663	29452663	0	29452663	29452663	0	46946	/favicon.ico?v=1767069804
1	0	0	0	4	0	0	29446940	0	0	29439674	0	/cmd_sco
1	1	0	1	0	29452663	29452663	0	29452663	29452663	0	46946	/favicon.ico?v=1767069802
1	1	0	1	0	29452663	29452663	0	29452663	29452663	0	46946	/favicon.ico?v=1767069792
1	0	0	1	1	0	29450592	29450592	0	29450592	29450592	0	/96i.php
1	1	0	1	0	29452663	29452663	0	29452663	29452663	0	46946	/favicon.ico?v=1767069800
1	0	0	6	0	0	29465124	0	0	29452007	0	0	/wp-content/uploads/
1	1	0	1	0	29452663	29452663	0	29452663	29452663	0	46946	/favicon.ico?v=1767069787
1	0	0	2	2	0	29470043	29470043	0	29469938	29469938	0	/wp-admin/css/colors/blue/atomlib.php
1	3	0	0	0	29471404	0	0	29470647	0	0	1179450	/storage/blogs/1768148868_growtika-nGoCBxiaRO0-unsplash (1).jpg
1	0	0	0	1	0	0	29440467	0	0	29440467	0	/serverless.yml
1	0	0	1	0	0	29461790	0	0	29461790	0	0	/wp-content/plugins/wp-help/mini.php
1	0	0	2	1	0	29459102	29453169	0	29459102	29453169	0	/wakak.php
1	1	0	1	0	29452663	29452663	0	29452663	29452663	0	46946	/favicon.ico?v=1767069780
1	98	0	3	7	29462121	29462127	29464040	29439703	29451654	29440311	846682	/Services
1	0	0	1	0	0	29461344	0	0	29461344	0	0	/4d545594-43a2-4ef5-b78c-e39c6b7eb182
1	0	0	1	1	0	29453268	29453268	0	29453268	29453268	0	/wp-admin/txets.php
1	0	0	0	1	0	0	29440466	0	0	29440466	0	/.github/workflows/*.yaml
1	0	0	6	6	0	29470044	29470044	0	29453628	29453628	0	/api.php
1	0	0	2	0	0	29459101	0	0	29459101	0	0	/efsd.php
1	0	0	1	1	0	29463412	29463412	0	29463412	29463412	0	/windex.php
1	1	0	1	0	29452662	29452662	0	29452662	29452662	0	46946	/favicon.ico?v=1767069772
1	0	0	1	2	0	29452726	29453525	0	29452726	29452726	0	/r4f_1.php
1	0	0	0	2	0	0	29439653	0	0	29439653	0	/theme/metron/js/metron.js
1	1	0	1	0	29453884	29453884	0	29453884	29453884	0	46946	/favicon.ico?v=1767143039
1	1	0	1	0	29452662	29452662	0	29452662	29452662	0	46946	/favicon.ico?v=1767069767
1	0	0	2	2	0	29463412	29463412	0	29453628	29453628	0	/admin1.php
1	1	0	1	0	29453884	29453883	0	29453884	29453883	0	46946	/favicon.ico?v=1767143036
1	0	0	3	2	0	29462090	29453268	0	29453268	29444215	0	/wp-content/txets.php
1	1	0	1	0	29452662	29452662	0	29452662	29452662	0	46946	/favicon.ico?v=1767069761
1	1	0	1	0	29453884	29453883	0	29453884	29453883	0	46946	/favicon.ico?v=1767143031
1	0	0	1	11	0	29464686	29464686	0	29464686	29439053	0	/index
1	0	0	3	3	0	29470043	29470043	0	29450593	29450593	0	/ee.php
1	1	0	1	0	29452662	29452662	0	29452662	29452662	0	46946	/favicon.ico?v=1767069753
1	0	0	1	2	0	29470382	29470382	0	29470382	29453167	0	/classgoto24.php
1	0	0	1	2	0	29464216	29464216	0	29464216	29443890	0	/wp-content/uploads/2018/10/delete-Google-plus-account.jpg
1	0	0	0	1	0	0	29465125	0	0	29465125	0	/wp-admin/network/about.php
1	0	0	4	2	0	29470382	29470382	0	29453384	29453384	0	/pop.php
1	0	0	4	3	0	29463412	29463412	0	29453628	29453168	0	/pn.php
1	2	0	0	0	29454000	0	0	29449636	0	0	142	/robots.txt?37.19.223.115
1	0	0	0	10	0	0	29439744	0	0	29439710	0	/storage/blogs/1766292610_1766080921_image-from-rawpixel-id-17067408-png.png
1	0	0	418	2	0	29461748	29438472	0	29455490	29438472	0	/api
1	0	0	0	1	0	0	29439964	0	0	29439964	0	/new/xmlrpc.php?rsd=
1	0	0	2	1	0	29459102	29453169	0	29459102	29453169	0	/waq.php
1	1	0	1	0	29456509	29456509	0	29456509	29456509	0	46946	/favicon.ico?v=1767300542
1	1	0	1	0	29452662	29452662	0	29452662	29452662	0	46946	/favicon.ico?v=1767069724
1	1	0	0	0	29461394	0	0	29461394	0	0	61967	/storage/blogs/1767593659_Screenshot_13-removebg-preview.png
1	0	0	1	2	0	29452727	29453525	0	29452727	29452727	0	/file21.php
1	21	0	1	7	29441060	29439088	29439094	29439080	29439088	29439081	63299	/Registar
1	0	0	1	0	0	29455703	0	0	29455703	0	0	https://www.techblogs.site/privacy-policy
1	0	0	0	1	0	0	29465124	0	0	29465124	0	/wp-content/plugins/yyobang/mar.php
1	0	0	6	0	0	29465124	0	0	29452006	0	0	/wp-admin/js/
1	0	0	4	0	0	29465124	0	0	29454742	0	0	/wp-content/plugins/
1	0	0	295	0	0	29470341	0	0	29440529	0	0	/contato/
1	0	0	0	1	0	0	29453168	0	0	29453168	0	/berlin.php
1	1	0	1	0	29452661	29452661	0	29452661	29452661	0	46946	/favicon.ico?v=1767069701
1	0	0	4	3	0	29470380	29470380	0	29453384	29453168	0	/galex.php
1	0	0	1	2	0	29452727	29453525	0	29452727	29452727	0	/v3.php
1	0	0	2	0	0	29458522	0	0	29458522	0	0	/wp-content/plugins/easy-wp-smtp/
1	0	0	0	1	0	0	29465125	0	0	29465125	0	/wp-includes/block-patterns/vuln.php
1	0	0	65	0	0	29461402	0	0	29459918	0	0	/favicon-16x16.png
1	0	0	3	10	0	29457922	29468445	0	29457656	29440950	0	/website/wp-includes/wlwmanifest.xml
1	0	0	1	1	0	29470377	29470377	0	29470377	29470377	0	/data532.php
1	0	0	6	18	0	29459297	29470319	0	29454742	29440341	0	/wp-admin
1	1	0	1	0	29459470	29459470	0	29459470	29459470	0	46973	/favicon.ico?v=1767478228
1	0	0	1	2	0	29452727	29453525	0	29452727	29452727	0	/mds.php
1	1	0	1	0	29452661	29452661	0	29452661	29452661	0	46946	/favicon.ico?v=1767069670
1	3	0	2	0	29470380	29470380	0	29453168	29453383	0	5058	/wp-includes/images/wp-login.php
1	1	0	1	0	29452661	29452661	0	29452661	29452661	0	46946	/favicon.ico?v=1767069659
1	0	0	0	1	0	0	29465125	0	0	29465125	0	/ShellTon.php
1	0	0	1	2	0	29453383	29453383	0	29453383	29453168	0	/autoload_classmap.php?p=
1	0	0	1	1	0	29470382	29470382	0	29470382	29470382	0	/1100.php
1	0	0	1	0	0	29461789	0	0	29461789	0	0	/assets/uploads/alfacgiapi/404.php
1	0	0	4	2	0	29470377	29470377	0	29452006	29452006	0	/edit.php
1	0	0	1	1	0	29464579	29464579	0	29464579	29464579	0	/wp-content/plugins/waves/style.css
1	1	0	1	0	29456230	29456229	0	29456230	29456229	0	46946	/favicon.ico?v=1767283797
1	0	0	0	2	0	0	29438472	0	0	29438472	0	/swagger/
1	0	0	1	3	0	29464686	29464686	0	29464686	29464686	0	/home.php
1	1	0	1	0	29456229	29456229	0	29456229	29456229	0	46946	/favicon.ico?v=1767283788
1	0	0	2	2	0	29463412	29463412	0	29453628	29453628	0	/hugo.php
1	1	0	1	0	29452660	29452660	0	29452660	29452660	0	46946	/favicon.ico?v=1767069632
1	1	0	1	0	29456229	29456229	0	29456229	29456229	0	46946	/favicon.ico?v=1767283782
1	0	0	4	3	0	29470380	29470380	0	29453384	29453168	0	/az.php
1	0	0	0	1	0	0	29440182	0	0	29440182	0	/msbte-time-table-summer-2019-final-check-msbte-diploma-time-table-at-msbte-org-in
1	0	0	0	1	0	0	29441023	0	0	29441023	0	/https:/techblogs.site
1	1	0	1	0	29456229	29456229	0	29456229	29456229	0	46946	/favicon.ico?v=1767283769
1	0	0	2	0	0	29440376	0	0	29440374	0	0	/comment/store
1	0	0	0	2	0	0	29439654	0	0	29439654	0	/user/umi.min.js
1	1	0	1	0	29452660	29452660	0	29452660	29452660	0	46946	/favicon.ico?v=1767069610
1	0	0	2	0	0	29456358	0	0	29455563	0	0	https://www.techblogs.site/vps-virtual-position-system-vs-gps-visual-positioning-service/
1	0	0	2	3	0	29470044	29470044	0	29469939	29453654	0	/wp-includes/images/media
1	0	0	3	2	0	29459102	29453526	0	29452727	29452727	0	/sko.php
1	0	0	1	0	0	29469857	0	0	29469857	0	0	/phone-battery-life-is-getting-worse/?moderation-hash=9b1989665d0a7cb496e446cf666da0c7&unapproved=450
1	1	0	1	0	29456229	29456229	0	29456229	29456229	0	46946	/favicon.ico?v=1767283751
1	0	0	1	1	0	29453383	29453383	0	29453383	29453383	0	/wp-admin/network/plugins.php
1	1	0	1	0	29456229	29456229	0	29456229	29456229	0	46946	/favicon.ico?v=1767283746
1	1	1	0	0	29441037	0	0	29441037	0	0	34896	/?cache_refresh=s82gdb923ehv
1	0	0	2	2	0	29453654	29453654	0	29450593	29450593	0	/defaults.php
1	0	0	3	4	0	29463412	29463412	0	29452727	29452727	0	/cc.php
1	0	0	7	0	0	29457132	0	0	29444121	0	0	/category/tecnologia/
1	1	1	1	0	29470456	29470456	0	29470456	29470456	0	11872	/?gclid=860832851
1	0	0	2	0	0	29459103	0	0	29459103	0	0	/thxt.php
1	0	0	4	0	0	29465124	0	0	29454742	0	0	/wp-admin/maint/
1	111	0	0	3	29470872	0	29454687	29454219	0	29454684	2009478	/blog/view/34/new-years-eve
1	4	4	0	0	29455449	0	0	29446741	0	0	41263	/?37.19.223.115
1	0	0	0	1	0	0	29465124	0	0	29465124	0	/b374k.php
1	0	0	0	1	0	0	29446968	0	0	29446968	0	/wp-content/plugins/woocommerce-delivery-notes/assets/css/admin.css
1	0	0	2	0	0	29458728	0	0	29458728	0	0	/backend/backend/auth/signin
1	0	0	3	3	0	29463413	29463413	0	29450593	29450593	0	/rss.php
1	0	0	6	6	0	29469106	29469106	0	29459753	29463972	0	/page/2
1	0	0	1	1	0	29470376	29470376	0	29470376	29470376	0	/xxxl.php
1	1	0	1	0	29458745	29458745	0	29458745	29458745	0	46946	/favicon.ico?v=1767434700
1	0	0	4	2	0	29466407	29466407	0	29461398	29464180	0	/wp-includes/css/buttons.css
1	0	0	2	0	0	29459101	0	0	29459101	0	0	/9v6.php
1	0	0	1	0	0	29469321	0	0	29469321	0	0	/?utm_medium=openbacklink&utm_source=openbacklink.com
1	0	0	4	2	0	29461791	29453525	0	29452726	29452726	0	/mans.php
1	0	0	7	0	0	29469295	0	0	29444118	0	0	/category/hardware/
1	0	0	0	4	0	0	29439130	0	0	29439124	0	/storage/blogs/1766257460_hero_section.png
1	0	0	4	0	0	29465124	0	0	29454742	0	0	/wp-admin/images/
1	1	0	4	1	29461120	29463059	29463059	29461120	29461120	29463059	0	/990.php
1	0	0	0	3	0	0	29439654	0	0	29439653	0	/api/v1/guest/comm/config
1	0	0	4	4	0	29470044	29470044	0	29453628	29453628	0	/wp-info.php
1	0	0	4	0	0	29465124	0	0	29454742	0	0	/wp-content/themes/
1	0	0	0	1	0	0	29440122	0	0	29440122	0	/category/apps
1	0	0	0	1	0	0	29453167	0	0	29453167	0	/lites.php
1	1	0	1	0	29456227	29456227	0	29456227	29456227	0	46946	/favicon.ico?v=1767283668
1	0	0	4	15	0	29461344	29462985	0	29454618	29441347	0	/services
1	0	0	0	1	0	0	29439964	0	0	29439964	0	/cms/xmlrpc.php?rsd=
1	0	0	1	1	0	29466696	29466696	0	29466696	29466696	0	/wp-content/plugins/acf-frontend-form-element/readme.txt
1	0	0	1	2	0	29466768	29466768	0	29466768	29446496	0	/wp-content/uploads/2018/05/mi-8-280x180.png
1	0	0	2	2	0	29470044	29470044	0	29469939	29469939	0	/xleet.php
1	0	0	1	1	0	29465833	29465833	0	29465833	29465833	0	/wp-content/uploads/2018/12/xiaomi-redmi-note-5-pro.jpg
1	1	0	1	0	29456227	29456227	0	29456227	29456227	0	46946	/favicon.ico?v=1767283657
1	0	0	2	3	0	29470381	29470381	0	29452726	29452726	0	/file5.php
1	0	0	1	1	0	29470377	29470377	0	29470377	29470377	0	/k11dSQ.php
1	0	0	1	1	0	29462464	29462464	0	29462464	29462464	0	/wp-content/plugins/init-help/init.php
1	1	0	1	0	29456227	29456227	0	29456227	29456227	0	46946	/favicon.ico?v=1767283648
1	0	0	1	3	0	29458967	29463300	0	29458967	29453259	0	/wp-includes/id3/license.txt/wordpress/wp-includes/wlwmanifest.xml
1	0	0	1	1	0	29453654	29453654	0	29453654	29453654	0	/wp-content/wp.php
1	0	0	2	0	0	29457987	0	0	29457986	0	0	/administrator/components/com_jbusinessdirectory/assets/upload.php
1	5	0	0	0	29470976	0	0	29470472	0	0	4371020	/storage/blogs/1768138334_evgeni-tcherkasski-eALgIl0Cm-A-unsplash (1).jpg
1	0	0	1	2	0	29456589	29442519	0	29456589	29439533	0	/wp-content/plugins/wc-designer-pro/assets/css/wcdp-design.min.css
1	0	0	1	0	0	29453594	0	0	29453594	0	0	https://www.techblogs.site/page/2/
1	0	0	2	0	0	29445519	0	0	29445361	0	0	/manutencao-de-pcs-como-limpar-a-fonte/
1	0	0	1	1	0	29470588	29470588	0	29470588	29470588	0	/wp-content/uploads/2018/06/goole-CEO-280x180.jpg
1	0	0	0	1	0	0	29465125	0	0	29465125	0	/wp-content/plugins/seoplugins/index.php
1	0	0	2	0	0	29456359	0	0	29455563	0	0	https://www.techblogs.site/vps-virtual-position-system-vs-gps-visual-positioning-service
1	0	0	0	1	0	0	29470894	0	0	29470894	0	/storage/blogs/1768148750_igor-omilaev-eGGFZ5X2LnA-unsplash
1	1	1	1	0	29468615	29468615	0	29468615	29468615	0	11872	/?fbclid=IwZXh0bgNhZW0CMTEAc3J0YwZhcHBfaWQMMjU2MjgxMDQwNTU4AAEeuuaPh1736ADkF5olh96qaZ5amglvLO_QdP4RDpAR_FNTbssqZrL5USCo1nk_aem_a9l8PFcMeUAwSTyNMgM3fg
1	1	1	0	0	29445261	0	0	29445261	0	0	38380	/?id=TDlXRFZyemRGUXRMSXJFR1hBcEFGTjBmTE9pbnNIam1EazVLVjlxOWRMST0%3D
1	0	0	0	1	0	0	29438565	0	0	29438565	0	/registrat/?bid_id=e3d78914-a004-4a30-99f4-28a03091d487&clickid=1-27848&req_id=224163e0-3334-4d9d-8f86-8de16933f167&utm_campaign=popo3
1	0	0	1	1	0	29470382	29470382	0	29470382	29470382	0	/rrr.php
1	1	0	0	0	29461395	0	0	29461395	0	0	310369	/storage/blogs/1767593703_Screenshot_12.png
1	0	0	1	1	0	29454742	29465124	0	29454742	29465124	0	/wp-admin/images
1	0	0	2	0	0	29459101	0	0	29459101	0	0	/cro.php
1	0	0	1	2	0	29452726	29453525	0	29452726	29452726	0	/ext.php
1	0	0	0	1	0	0	29440470	0	0	29440470	0	/storage/logs/laravel.log
1	0	0	0	1	0	0	29439964	0	0	29439964	0	/wp/wp-links-opml.php
1	0	0	2	0	0	29453654	0	0	29453654	0	0	/wp-includes/js/tinymce/plugins/compat3x/
1	60	0	0	0	29470647	0	0	29460571	0	0	23641231	/storage/blogs/1767544301_sven-piper-z4El4WAsF8w-unsplash (1).jpg
1	1	0	0	0	29446460	0	0	29446460	0	0	351842	/storage/blogs/1766697648_analytics-plan-strategy-insight-concept (2).jpg
1	1	0	1	0	29456226	29456226	0	29456226	29456226	0	46946	/favicon.ico?v=1767283592
1	0	0	0	1	0	0	29444054	0	0	29444054	0	/wp-content/plugins/performance-lab/lisence.php
1	0	0	0	1	0	0	29465125	0	0	29465125	0	/WordPress/wp-admin/includes/zmFM.php
1	0	0	2	2	0	29463413	29463413	0	29453628	29453628	0	/222.php?p=
1	0	0	0	1	0	0	29453169	0	0	29453169	0	/class3.php
1	1	0	0	3	29439739	0	29439739	29439739	0	29439736	74	/storage-link-refresh
1	0	0	1	1	0	29470377	29470377	0	29470377	29470377	0	/yxr6m.php
1	0	0	1	2	0	29452727	29453526	0	29452727	29452727	0	/ouh.php
1	0	0	8	0	0	29465124	0	0	29452007	0	0	/wp-includes/ID3/
1	0	0	1	2	0	29452727	29453526	0	29452727	29452727	0	/lo.php
1	1	1	0	0	29447372	0	0	29447372	0	0	38380	/?id=TDlXRFZyemRGUXRMSXJFR1hBcEFGTjBmTE9pbnNIam1EazVLVjlxOWRMST0=
1	0	0	0	1	0	0	29453167	0	0	29453167	0	/bbn.php
1	0	0	2	3	0	29470382	29470382	0	29452726	29452726	0	/shell1.php
1	0	0	4	4	0	29463900	29463900	0	29453268	29453268	0	/postnews.php
1	1	0	1	0	29456226	29456226	0	29456226	29456226	0	46946	/favicon.ico?v=1767283563
1	41	0	0	0	29470872	0	0	29459940	0	0	16400160	/storage/blogs/1767506427_Screenshot_10.png
1	0	0	1	2	0	29452726	29453525	0	29452726	29452726	0	/shellalfa.php
1	0	0	1	2	0	29452726	29453525	0	29452726	29452726	0	/aa.php
1	0	0	1	1	0	29453268	29453268	0	29453268	29453268	0	/wp-content/postnews.php
1	0	0	3	3	0	29470382	29470382	0	29453629	29453629	0	/xo.php
1	0	0	8	4	0	29462000	29462670	0	29460162	29462196	0	/.well-known/traffic-advice
1	0	0	3	5	0	29470381	29470381	0	29452726	29452726	0	/bless5.php
1	0	0	0	1	0	0	29465125	0	0	29465125	0	/libraries/legacy/info.php
1	0	0	1	0	0	29451676	0	0	29451676	0	0	https://www.techblogs.site/category/news/
1	0	0	2	2	0	29463413	29463413	0	29453628	29453628	0	/cloud.php
1	0	0	8	2	0	29470381	29470381	0	29459101	29463059	0	/ma.php
1	1	1	0	0	29460565	0	0	29460565	0	0	11590	/?_cb=1767543903340
1	0	0	0	25	0	0	29440035	0	0	29439977	0	/storage/blogs/1766308678_1766080843_a8a3d538-33cb-4230-b27d-93bf627adfd7 (3).jpg
1	0	0	1	1	0	29470381	29470381	0	29470381	29470381	0	/die.php
1	0	0	2	0	0	29460469	0	0	29460469	0	0	/wp-content/uploads/2023/01/s-s-components-500x500-3-300x181.webp
1	0	0	2	2	0	29470043	29470043	0	29469939	29469939	0	/wp-configs.php
1	75	0	0	0	29471095	0	0	29449879	0	0	1165168	/blog/view/32/spacex-the-crazy-story-of-rockets-dreams-and-mars
1	0	0	2	0	0	29459103	0	0	29459103	0	0	/d12.php
1	0	0	4	16	0	29461344	29462985	0	29458664	29440725	0	/contact-us
1	0	0	3	1	0	29459103	29453383	0	29453383	29453383	0	/x56.php
1	0	0	0	1	0	0	29450004	0	0	29450004	0	/shop/wp-admin/install.php?step=1&language=en_GB
1	0	0	2	0	0	29457024	0	0	29457024	0	0	/4.html
1	1	0	1	0	29456224	29456224	0	29456224	29456224	0	46946	/favicon.ico?v=1767283485
1	0	0	1	3	0	29452727	29465124	0	29452727	29452727	0	/shell.php
1	0	0	0	1	0	0	29465125	0	0	29465125	0	/wp-includes/css/dist/preferences/index.php
1	0	0	2	0	0	29458522	0	0	29458522	0	0	/wp-content/themes/rockstar-theme/functions/upload-handler.php
1	1	0	1	0	29456224	29456224	0	29456224	29456224	0	46946	/favicon.ico?v=1767283465
1	0	0	2	3	0	29470380	29470380	0	29453383	29453168	0	/item.php
1	0	0	5	7	0	29470382	29470382	0	29452727	29452727	0	/lock360.php
1	0	0	0	2	0	0	29438473	0	0	29438473	0	/@vite/env
1	5	0	0	0	29461825	0	0	29439151	0	0	36146	/bogs/seach?query=
1	0	0	1	1	0	29467164	29467166	0	29467164	29467166	0	/public/assets/global/plugins/jquery-file-upload/server/php/index.php?file=tf2rghf.jpg
1	0	0	0	2	0	0	29441107	0	0	29441101	0	/BingSiteAuth.xml
1	0	0	6	5	0	29470381	29470381	0	29453629	29453629	0	/mini.php
1	0	0	2	0	0	29459100	0	0	29459100	0	0	/ixj.php
1	0	0	4	2	0	29465124	29465124	0	29450592	29450592	0	/autoload_classmap/function.php
1	0	0	1	1	0	29470376	29470376	0	29470376	29470376	0	/t.php?p=
1	0	0	2	10	0	29457922	29468445	0	29457741	29440950	0	/2019/wp-includes/wlwmanifest.xml
1	0	0	0	2	0	0	29464398	0	0	29443770	0	/2020/wp-includes/wlwmanifest.xml
1	0	0	1	2	0	29452727	29453526	0	29452727	29452727	0	/wp-admin/js/wp-conflg.php
1	0	0	1	2	0	29452006	29465125	0	29452006	29452006	0	/wp-includes/rest-api/fields/index.php
1	0	0	6	2	0	29470380	29470380	0	29461120	29463060	0	/amax.php
1	0	0	3	0	0	29461791	0	0	29459103	0	0	/wsz.php
1	0	0	4	0	0	29465124	0	0	29454742	0	0	/wp-includes/sodium_compat/
1	0	0	1	2	0	29452726	29453525	0	29452726	29452726	0	/luxe.php
1	1	0	1	0	29456223	29456223	0	29456223	29456223	0	46946	/favicon.ico?v=1767283423
1	0	0	1	1	0	29470377	29470377	0	29470377	29470377	0	/config596.php
1	0	0	1	1	0	29470380	29470380	0	29470380	29470380	0	/ws43.php
1	0	0	7	4	0	29466274	29466274	0	29449557	29443831	0	/images/images/cache.php
1	0	0	1	0	0	29451420	0	0	29451420	0	0	/apple-iphone-xs-iphone-10s-full-phone-specifications-price
1	0	0	0	2	0	0	29438473	0	0	29438473	0	/php-cgi/php-cgi.exe?%ADd+cgi.force_redirect%3D0+%ADd+disable_functions%3D\"\"+%ADd+allow_url_include%3D1+%ADd+auto_prepend_file%3Dphp://input
1	0	0	2	0	0	29459101	0	0	29459101	0	0	/lts.php
1	0	0	6	1	0	29461792	29453384	0	29453384	29453384	0	/ccou.php
1	0	0	1	1	0	29463060	29463060	0	29463060	29463060	0	/ADMIN.php
1	12	0	0	0	29465596	0	0	29449879	0	0	7362408	/storage/blogs/1766902751_spacex-OHOU-5UVIYQ-unsplash.jpg
1	1	0	1	0	29456223	29456223	0	29456223	29456223	0	46946	/favicon.ico?v=1767283385
1	2	0	0	7	29440044	0	29440049	29440032	0	29440031	19544	/storage/blogs/1766311873_1766080843_a8a3d538-33cb-4230-b27d-93bf627adfd7 (3).jpg
1	1	0	42	2	29461872	29470629	29461872	29461872	29439102	29447594	0	/admin/login/passcode
1	0	0	2	0	0	29459100	0	0	29459100	0	0	/fdd2.php
1	0	0	3	10	0	29457922	29468445	0	29457656	29440950	0	/wp-includes/wlwmanifest.xml
1	0	0	0	1	0	0	29440465	0	0	29440465	0	/.git/hooks/pre-commit
1	0	0	2	0	0	29457024	0	0	29457024	0	0	/p.php?s=3
1	0	0	2	0	0	29459103	0	0	29459103	0	0	/tajj.php
1	0	0	2	0	0	29457024	0	0	29457024	0	0	/p.php?s=2
1	0	0	2	0	0	29457024	0	0	29457024	0	0	/p.php?s=1
1	0	0	0	1	0	0	29453169	0	0	29453169	0	/wp-includes/widgets/index.php
1	0	0	1	2	0	29452727	29453526	0	29452727	29452727	0	/mws.php
1	0	0	2	0	0	29458522	0	0	29458522	0	0	/admin/index.php?route=common/login
1	0	0	0	3	0	0	29442216	0	0	29440474	0	/unpkg.com/sweetalert/dist/sweetalert.min.js
1	0	0	6	0	0	29465124	0	0	29452006	0	0	/wp-includes/Text/
1	0	0	4	0	0	29465124	0	0	29454742	0	0	/wp-admin/css/colors/blue/
1	0	0	4	2	0	29463412	29463412	0	29453628	29453628	0	/blurbs.php
1	1	0	0	0	29465125	0	0	29465125	0	0	1686	/wp-content/upgrade-temp-backup/wp-login.php
1	1	0	1	0	29457536	29457536	0	29457536	29457536	0	46946	/favicon.ico?v=1767362163
1	25	0	0	0	29471403	0	0	29470470	0	0	4845773	/storage/blogs/1768138230_mariia-shalabaieva-KoMixW2DmSs-unsplash.jpg
1	0	0	6	0	0	29458817	0	0	29445699	0	0	/quais-sao-os-tipos-de-redes-de-computadores-empresariais/
1	0	0	2	0	0	29453654	0	0	29453654	0	0	/wp-includes/customize/
1	0	0	1	1	0	29452006	29452006	0	29452006	29452006	0	/wp-includes/js/jquery/jquery.php
1	0	0	1	0	0	29461790	0	0	29461790	0	0	/phpformbuilder/plugins/filemanager/dialog.php
1	0	0	1	2	0	29452727	29453526	0	29452727	29452727	0	/noe.php
1	0	0	8	12	0	29470382	29470382	0	29450592	29450592	0	/404.php
1	21	0	0	0	29470570	0	0	29442606	0	0	54292600	/storage/blogs/1766466365_dose-juice-sTPy-oeA3h0-unsplash-min.jpg
1	0	0	0	1	0	0	29453168	0	0	29453168	0	/wft.php
1	0	0	2	0	0	29453654	0	0	29453654	0	0	/wp-content/et-cache/
1	0	0	3	0	0	29461844	0	0	29441328	0	0	/after-meeting-pichai-instead-of-the-trump-said-google-loyal-towards-america/feed/
1	0	0	2	4	0	29462714	29462714	0	29462713	29439936	0	/wp-content/uploads/2019/03/msbte-exam-form-summer-2019.jpg
1	0	0	5	15	0	29462136	29462985	0	29454710	29441347	0	/about-us
1	0	0	0	1	0	0	29453169	0	0	29453169	0	/wp-admin/includes/index.php
1	0	0	1	1	0	29464686	29464686	0	29464686	29464686	0	/cron.php
1	44	0	8	11	29470629	29449936	29461872	29439101	29440075	29439071	104788	/admin/login/post
1	0	0	4	5	0	29470381	29470381	0	29453384	29453168	0	/x.php
1	1	0	1	0	29456221	29456221	0	29456221	29456221	0	46946	/favicon.ico?v=1767283293
1	0	0	2	0	0	29459103	0	0	29459103	0	0	/xcre1.php
1	0	0	0	1	0	0	29471176	0	0	29471176	0	/jio-phone-exchange-offer-in-hindi
1	0	0	2	1	0	29461791	29453384	0	29453384	29453384	0	/wrt.php
1	0	0	0	1	0	0	29450004	0	0	29450004	0	/new/wp-admin/setup-config.php?step=1&language=en_GB
1	0	0	3	4	0	29463413	29463413	0	29452726	29452726	0	/123.php
1	0	0	1	1	0	29470380	29470380	0	29470380	29470380	0	/chosen.php?p=
1	0	0	8	4	0	29466662	29466662	0	29453359	29463114	0	/magna-ligula-suspendisse
1	0	0	1	3	0	29458967	29463300	0	29458967	29453259	0	/wp-includes/id3/license.txt/wp/wp-includes/wlwmanifest.xml
1	0	0	2	2	0	29470044	29470044	0	29469939	29469939	0	/wp-admin/radio.php
1	0	0	2	3	0	29470377	29470377	0	29452726	29452726	0	/raw.php
1	0	0	3	1	0	29470382	29470382	0	29459102	29470382	0	/wsheet1.php
1	0	0	2	1	0	29470381	29470381	0	29461790	29470381	0	/ths.php
1	1	0	0	0	29442716	0	0	29442716	0	0	5400	/admin/blogs/search?query=s
1	1	0	0	0	29461445	0	0	29461445	0	0	43175	/storage/blogs/1767596742_Screenshot_12 (1).jpg
1	0	0	2	1	0	29470382	29470382	0	29461789	29470382	0	/flower2.php
1	0	0	3	3	0	29463412	29463412	0	29450592	29450592	0	/cord.php
1	0	0	2	0	0	29453654	0	0	29453654	0	0	/wp-includes/Text/Diff/Renderer/
1	0	0	1	2	0	29453383	29453383	0	29453383	29453168	0	/wp-content/radio.php
1	0	0	0	1	0	0	29453167	0	0	29453167	0	/abouta.php
1	0	0	0	5	0	0	29440027	0	0	29440008	0	/storage/blogs/1766310485_1766080843_0a95f6c7-fcd8-4d67-8c3e-8e0aed1cd550.jpg
1	0	0	0	1	0	0	29465125	0	0	29465125	0	/wordpress/wp-includes/wp-config-sample.php
1	0	0	2	2	0	29470044	29470044	0	29469939	29469939	0	/s.php
1	0	0	1	1	0	29454742	29465124	0	29454742	29465124	0	/wp-admin/css
1	0	0	0	1	0	0	29465125	0	0	29465125	0	/r57.php 
1	0	0	2	3	0	29470380	29470380	0	29453383	29453168	0	/wp-admin/css/wp-conflg.php?p=
1	0	0	1	1	0	29453628	29453628	0	29453628	29453628	0	/lzyrj.php
1	1	0	1	0	29456220	29456220	0	29456220	29456220	0	46946	/favicon.ico?v=1767283245
1	0	0	0	1	0	0	29441023	0	0	29441023	0	/https:/techblogs.site/Services
1	0	0	2	2	0	29470044	29470044	0	29469939	29469939	0	/wp-includes/pomo
1	0	0	1	0	0	29455039	0	0	29455039	0	0	/wp-admin/admin-ajax.php
1	0	0	2	0	0	29459101	0	0	29459101	0	0	/xvent.php
1	42	0	42	0	29471020	29452929	0	29441705	29441429	0	423012	/blog/view/25/iphone-17-pro
1	0	0	1	1	0	29453268	29453268	0	29453268	29453268	0	/schallfuns.php
1	2	0	0	13	29440044	0	29440049	29440041	0	29440035	896028	/storage/blogs/1766312126_1766080876_image-from-rawpixel-id-12120615-png.png
1	0	0	0	42	0	0	29439998	0	0	29439769	0	/storage/blogs/1766296161_1766080843_0a95f6c7-fcd8-4d67-8c3e-8e0aed1cd550.jpg
1	0	0	3	1	0	29470376	29470376	0	29459101	29470376	0	/xsas.php
1	0	0	2	0	0	29459102	0	0	29459102	0	0	/x23.php
1	0	0	0	1	0	0	29465125	0	0	29465125	0	/Shellton.php
1	0	0	1	1	0	29450593	29450593	0	29450593	29450593	0	/network_xo.php
1	0	0	2	3	0	29470381	29470381	0	29452726	29452726	0	/fe5.php
1	0	0	3	4	0	29470380	29470380	0	29452006	29452006	0	/wp-content/index.php
1	1	0	1	0	29456220	29456220	0	29456220	29456220	0	46946	/favicon.ico?v=1767283225
1	0	0	1	3	0	29458967	29463300	0	29458967	29453259	0	/wp-includes/id3/license.txt/blog/wp-includes/wlwmanifest.xml
1	0	0	4	5	0	29470380	29470380	0	29453383	29453168	0	/manager.php?p=
1	0	0	1	0	0	29462082	0	0	29462082	0	0	/term/terms.html
1	0	0	1	2	0	29452726	29453525	0	29452726	29452726	0	/n.php
1	0	0	2	0	0	29459790	0	0	29455780	0	0	https://www.techblogs.site/category/technology/
1	0	0	2	3	0	29470381	29470381	0	29453382	29453168	0	/wp-admin/css/colors/blue/index.php
1	0	0	2	3	0	29470380	29470380	0	29452726	29452726	0	/hk.php
1	0	0	2	0	0	29449976	0	0	29449976	0	0	/my-account/
1	0	0	0	1	0	0	29440467	0	0	29440467	0	/credentials.json
1	0	0	2	2	0	29463413	29463413	0	29453628	29453628	0	/uana.php
1	1	0	1	0	29456219	29456219	0	29456219	29456219	0	46946	/favicon.ico?v=1767283192
1	0	0	1	1	0	29470376	29470376	0	29470376	29470376	0	/zoo.php
1	0	0	3	1	0	29465124	29465124	0	29454741	29465124	0	/.tresh/index.php
1	58	0	0	0	29470491	0	0	29461458	0	0	2005618	/storage/blogs/1767597479_sven-piper-z4El4WAsF8w-unsplash (1) (1).jpg
1	0	0	1	1	0	29470379	29470379	0	29470379	29470379	0	/dox.php
1	1	0	1	0	29459844	29459844	0	29459844	29459844	0	46946	/favicon.ico?v=1767500680
1	0	0	3	2	0	29470380	29470380	0	29459102	29453169	0	/wen.php
1	0	0	1	1	0	29470376	29470376	0	29470376	29470376	0	/data_5dc22ab3.php
1	0	0	25	11	0	29470105	29468002	0	29450610	29439680	0	/xmlrpc.php
1	0	0	0	1	0	0	29441344	0	0	29441344	0	/51193c0d-90d7-4944-a248-78bfa1a3181f
1	0	0	0	1	0	0	29439964	0	0	29439964	0	/portal/wp-links-opml.php
1	1	0	1	0	29456219	29456219	0	29456219	29456219	0	46946	/favicon.ico?v=1767283167
1	1	0	1	0	29454702	29454702	0	29454702	29454702	0	46946	/favicon.ico?v=1767192131
1	0	0	1	1	0	29450520	29450520	0	29450520	29450520	0	/wp-content/style.php
1	0	0	2	2	0	29463413	29463413	0	29453628	29453628	0	/go.php
1	0	0	1	1	0	29454742	29465124	0	29454742	29465124	0	/assets
1	0	0	1	1	0	29461038	29461038	0	29461038	29461038	0	/wp-content/plugins/wp-engine-module/mine.php
1	0	0	0	3	0	0	29439760	0	0	29439757	0	/storage/blogs/1766295420_1766080876_image-from-rawpixel-id-12120615-png.png
1	0	0	1	1	0	29454742	29465124	0	29454742	29465124	0	/wp-admin/network
1	0	0	0	1	0	0	29453167	0	0	29453167	0	/aqw.php
1	0	0	2	0	0	29459948	0	0	29442574	0	0	/Categoryadd
1	0	0	0	1	0	0	29439964	0	0	29439964	0	/backup/xmlrpc.php?rsd=
1	0	0	1	1	0	29469050	29469050	0	29469050	29469050	0	/wp-content/uploads/2018/10/best-chrome-extension.png
1	0	0	1	2	0	29453383	29453383	0	29453383	29453168	0	/wp-admin/maint/admin.php
1	0	0	3	4	0	29470381	29470381	0	29452727	29452727	0	/gmo.php
1	0	0	1	3	0	29464686	29464686	0	29464686	29464686	0	/home.htm
1	0	0	0	2	0	0	29438472	0	0	29438472	0	/swagger-ui.html
1	0	0	0	1	0	0	29451279	0	0	29451279	0	/80b31311-5f2a-4044-ad7d-81beb5a17129
1	0	0	1	2	0	29452727	29453525	0	29452727	29452727	0	/layout.php
1	0	0	1	2	0	29452726	29453525	0	29452726	29452726	0	/system.php
1	0	0	0	1	0	0	29440849	0	0	29440849	0	/sellers.json
1	0	0	3	0	0	29459790	0	0	29447087	0	0	https://techblogs.site/category/technology/
1	0	0	1	1	0	29463412	29463412	0	29463412	29463412	0	/rezor.php
1	0	0	5	3	0	29470380	29470380	0	29453383	29453168	0	/ha.php
1	0	0	1	2	0	29452726	29453525	0	29452726	29452726	0	/fs.php
1	0	0	1	2	0	29452726	29453525	0	29452726	29452726	0	/777.php
1	0	0	1	2	0	29453383	29453383	0	29453383	29453168	0	/wp-admin/maint/maint.php
1	0	0	2	0	0	29459102	0	0	29459102	0	0	/ww3.php
1	0	0	2	0	0	29467097	0	0	29467097	0	0	/vitamin-water-competition-scroll-free-for-a-yearthe-company-will-pay-a-total-of-70-lakhs-if-you-are-away-from-the-smartphone/
1	0	0	3	10	0	29457922	29468445	0	29457656	29440950	0	/xmlrpc.php?rsd
1	0	0	4	4	0	29470381	29470381	0	29452006	29452006	0	/goods.php
1	1	0	1	0	29458827	29458827	0	29458827	29458827	0	46946	/favicon.ico?v=1767439650
1	0	0	2	2	0	29453654	29453654	0	29452006	29452006	0	/wp-conflg/function.php
1	0	0	3	5	0	29463413	29463413	0	29452726	29452726	0	/chosen.php
1	1	0	0	1	29446460	0	29446460	29446460	0	29446460	6201	/blog/view/28/muhammad-abdul
1	7	0	0	0	29447611	0	0	29440077	0	0	13503	/error/Invalid Key
1	1	0	1	0	29456216	29456216	0	29456216	29456216	0	46946	/favicon.ico?v=1767282984
1	11	0	0	0	29471348	0	0	29461395	0	0	681637	/storage/blogs/1767593746_Screenshot_13-removebg-preview.png
1	67	0	94	1	29471020	29444759	29443420	29442606	29442833	29443420	759107	/blog/view/26/health-wellness
1	1	0	1	0	29456218	29456218	0	29456218	29456218	0	46946	/favicon.ico?v=1767283080
1	0	0	1	0	0	29452108	0	0	29452108	0	0	https://www.techblogs.site/category/videos/
1	0	0	0	1	0	0	29470925	0	0	29470925	0	/storage/blogs/1768148789_milad-fakurian-sin5WZzF1U0-unsplash
1	0	0	0	1	0	0	29439894	0	0	29439894	0	/registrat/?bid_id=b2c85d51-6ed0-4083-b3fd-463a90707b2d&clickid=295-60523&imp_id=e81894d9-dd85-11f0-b711-02420a0003fb&req_id=78987060-dc0b-442c-9fc5-0ffef9376171&rtb_uid=856295996&utm_campaign=dodo3
1	0	0	4	0	0	29459512	0	0	29456646	0	0	/.WordPress.php
1	0	0	1	0	0	29461790	0	0	29461790	0	0	/wp-includesmaps/file.php
1	0	0	1	1	0	29470377	29470377	0	29470377	29470377	0	/api137.php
1	0	0	0	1	0	0	29465124	0	0	29465124	0	/c100.php
1	0	0	0	1	0	0	29464167	0	0	29464167	0	/site.webmanifest?116.204.107.207
1	0	0	2	3	0	29470382	29470382	0	29453383	29453168	0	/wp-includes/style-engine/about.php
1	0	0	5	4	0	29470377	29470377	0	29452006	29452006	0	/adminfuns.php
1	0	0	7	8	0	29470762	29470762	0	29461447	29439632	0	/category/hardware
1	0	0	2	4	0	29463942	29463942	0	29462870	29462870	0	/public/file-manager/tinymce
1	0	0	14	10	0	29470552	29470378	0	29452725	29452725	0	/wp-content/plugins/hellopress/wp_filemanager.php
1	0	0	0	1	0	0	29439102	0	0	29439102	0	/storage/blogs/1766080921_image-from-rawpixel-id-17067408-png.png
1	1	0	1	0	29454698	29454698	0	29454698	29454698	0	46946	/favicon.ico?v=1767191907
1	0	0	2	1	0	29459103	29453169	0	29459103	29453169	0	/xse25.php
1	1	0	1	0	29454698	29454698	0	29454698	29454698	0	46946	/favicon.ico?v=1767191890
1	0	0	0	2	0	0	29469330	0	0	29439197	0	/sites/favicon.png
1	0	0	0	1	0	0	29450004	0	0	29450004	0	/blog/wp-admin/install.php?step=1&language=en_GB
1	0	0	2	0	0	29460015	0	0	29460015	0	0	/er.php
1	0	0	1	0	0	29449368	0	0	29449368	0	0	/whatsapp-status-video-download-trick-without-any-app/
1	0	0	1	1	0	29454742	29465124	0	29454742	29465124	0	/wp-admin/css/colors/blue
1	0	0	0	1	0	0	29439964	0	0	29439964	0	/news/xmlrpc.php?rsd=
1	52	0	0	0	29470570	0	0	29467713	0	0	1595026	/blog/view/43/nintendo-switch-online-gamecube-games-fire-emblem-path-of-radiance
1	0	0	0	3	0	0	29439787	0	0	29439756	0	/storage/blogs/1766295341_1766080843_a8a3d538-33cb-4230-b27d-93bf627adfd7 (3).jpg
1	0	0	0	1	0	0	29439964	0	0	29439964	0	/new/wp-links-opml.php
1	0	0	3	1	0	29465124	29465124	0	29454742	29465124	0	/css/admin.php
1	0	0	0	1	0	0	29453167	0	0	29453167	0	/xtride.php
1	0	0	2	3	0	29470044	29470044	0	29469939	29453654	0	/wp-includes/Text/Diff/Renderer
1	0	0	2	0	0	29457024	0	0	29457024	0	0	/down.php?data1=2001+yamaha+vz20hp+outboard+service+repair+manuals
1	0	0	0	1	0	0	29449976	0	0	29449976	0	/my-account
1	0	0	0	4	0	0	29439755	0	0	29439754	0	/storage/blogs/1766295259_1765903654_%E2%80%94Pngtree%E2%80%94vector realistic space rocket_5423387.png
1	0	0	1	1	0	29453654	29453654	0	29453654	29453654	0	/wp-includes/customize/chosen.php
1	0	0	0	1	0	0	29440469	0	0	29440469	0	/kubernetes/*.yml
1	3	0	0	0	29461447	0	0	29461447	0	0	60339	/storage/blogs/1767596828_Screenshot_12 (2).jpg
1	0	0	1	1	0	29453654	29453654	0	29453654	29453654	0	/wp-includes/certificates/chosen.php
1	0	0	1	0	0	29461789	0	0	29461789	0	0	/rasp.php
1	0	0	1	1	0	29470376	29470376	0	29470376	29470376	0	/mode.php
1	0	0	1	0	0	29453594	0	0	29453594	0	0	https://techblogs.site/page/2/
1	0	0	2	0	0	29456358	0	0	29455563	0	0	https://techblogs.site/vps-virtual-position-system-vs-gps-visual-positioning-service/
1	0	0	0	1	0	0	29441023	0	0	29441023	0	/https:/techblogs.site/bogs
1	0	0	3	2	0	29459103	29453383	0	29453383	29453168	0	/tx1.php
1	0	0	0	5	0	0	29439109	0	0	29439102	0	/storage/blogs/1766256166_%E2%80%94Pngtree%E2%80%94vector realistic space rocket_5423387.png
1	0	0	0	1	0	0	29440467	0	0	29440467	0	/.aws/credentials.backup
1	0	0	0	1	0	0	29465124	0	0	29465124	0	/wp-admin/js/widgets/about.php7
1	0	0	1	1	0	29470377	29470377	0	29470377	29470377	0	/wp-yasd5m7afq.php
1	0	0	4	5	0	29470379	29470379	0	29452727	29452727	0	/moon.php
1	0	0	11	9	0	29463412	29465125	0	29452006	29452006	0	/admin.php
1	0	0	10	6	0	29470211	29470211	0	29458401	29441480	0	/suspendisse-morbi-pretium
1	166	0	0	0	29470493	0	0	29444606	0	0	57129405	/storage/blogs/1766586368_analytics-plan-strategy-insight-concept (2).jpg
1	0	0	1	1	0	29462283	29462468	0	29462283	29462468	0	/category/times-of-india/technology
1	0	0	6	0	0	29459914	0	0	29459913	0	0	/assets/og-image.png
1	0	0	1	1	0	29453841	29453841	0	29453841	29453841	0	/wp-content/themes/.index.php
1	0	0	1	0	0	29461791	0	0	29461791	0	0	/Alex-Cross.php
1	0	0	2	0	0	29459102	0	0	29459102	0	0	/file30.php
1	0	0	2	4	0	29463942	29463942	0	29462870	29462870	0	/file-manager/dialog
1	0	0	0	1	0	0	29445288	0	0	29445288	0	/wp-content/uploads/2018/12/xiaomi-redmi-note-5-pro.jpg?44.218.6.122
1	0	0	1	0	0	29461791	0	0	29461791	0	0	/maint.php
1	0	0	2	1	0	29459102	29453169	0	29459102	29453169	0	/cwclass.php
1	0	0	1	2	0	29453383	29453383	0	29453383	29453168	0	/wp-includes/customize/about.php
1	0	0	1	2	0	29452727	29453526	0	29452727	29452727	0	/css/up.php
1	0	0	1	2	0	29452727	29453526	0	29452727	29452727	0	/acp.php
1	0	0	1	2	0	29452726	29453525	0	29452726	29452726	0	/hello.php
1	0	0	2	0	0	29459102	0	0	29459102	0	0	/sao.php
1	0	0	2	0	0	29459102	0	0	29459102	0	0	/dbc.php
1	0	0	0	7	0	0	29439998	0	0	29439977	0	/storage/blogs/1766308625_1766080843_0a95f6c7-fcd8-4d67-8c3e-8e0aed1cd550.jpg
1	0	0	2	2	0	29463413	29463413	0	29453628	29453628	0	/conflg.php?p=
1	0	0	5	1	0	29462143	29468913	0	29456387	29468913	0	/simple-steps-to-delete-gmail-account
1	4	0	4	0	29453174	29453174	0	29453174	29453174	0	194512	/favicon.ico?v=1767099743
1	0	0	0	1	0	0	29439138	0	0	29439138	0	/storage/blogs/1766256166_%E2%80%94Pngtree%E2%80%94spacex starship rocket launch_21118429.png
1	0	0	1	1	0	29470270	29470270	0	29470270	29470270	0	/wp-content/plugins/media-library-assistant/includes/mla-file-downloader.php?mla_download_type=text/html&mla_download_file=../../../../wp-config.php
1	1	0	1	0	29454178	29454178	0	29454178	29454178	0	46946	/favicon.ico?v=1767160685
1	0	0	0	1	0	0	29441023	0	0	29441023	0	/https:/techblogs.site/Contect-us
1	0	0	0	1	0	0	29439964	0	0	29439964	0	/news/wp-links-opml.php
1	0	0	3	4	0	29463414	29463414	0	29452727	29452727	0	/dlu.php
1	0	0	1	2	0	29454057	29469195	0	29454057	29449897	0	/category/software
1	0	0	0	1	0	0	29465124	0	0	29465124	0	/wp-admin/maint/upfile.php
1	0	0	4	3	0	29463413	29463413	0	29453629	29453168	0	/zxl.php
1	1	0	1	0	29458933	29458933	0	29458933	29458933	0	46946	/favicon.ico?v=1767445996
1	1	0	1	0	29454177	29454177	0	29454177	29454177	0	46946	/favicon.ico?v=1767160671
1	0	0	1	1	0	29463412	29463412	0	29463412	29463412	0	/ajq1s.php
1	0	0	1	2	0	29452726	29453525	0	29452726	29452726	0	/abt.php
1	0	0	1	1	0	29453654	29453654	0	29453654	29453654	0	/wp-content/a.php
1	1	0	1	0	29456213	29456213	0	29456213	29456213	0	46946	/favicon.ico?v=1767282782
1	0	0	0	2	0	0	29438473	0	0	29438473	0	/ecp/Current/exporttool/microsoft.exchange.ediscovery.exporttool.application
1	0	0	1	1	0	29470377	29470377	0	29470377	29470377	0	/sxx.php
1	0	0	2	2	0	29461791	29453384	0	29453384	29453168	0	/wp-admin/css/colors/midnight/about.php
1	0	0	1	2	0	29452727	29453526	0	29452727	29452727	0	/tox.php
1	0	0	2	4	0	29463942	29463942	0	29462870	29462870	0	/file-manager/tinymce
1	0	0	1	0	0	29440135	0	0	29440135	0	0	/category/technology/
1	0	0	1	0	0	29461791	0	0	29461791	0	0	/INFECTED.php
1	0	0	0	1	0	0	29440469	0	0	29440469	0	/config/*.yml
1	0	0	0	1	0	0	29467815	0	0	29467815	0	/storage/blogs/1767972759_Um
1	0	0	2	2	0	29463413	29463413	0	29453629	29453629	0	/akcc.php?p=
1	0	0	2	2	0	29470044	29470044	0	29469939	29469939	0	/wp-includes/blocks/gallery/index.php
1	0	0	0	1	0	0	29439964	0	0	29439964	0	/web/xmlrpc.php?rsd=
1	0	0	4	2	0	29463414	29463414	0	29453629	29453629	0	/ant.php
1	1	0	1	0	29454177	29454177	0	29454177	29454177	0	46946	/favicon.ico?v=1767160638
1	0	0	1	2	0	29453383	29453383	0	29453383	29453168	0	/htaccess.php
1	1	0	1	0	29456212	29456212	0	29456212	29456212	0	46946	/favicon.ico?v=1767282753
1	0	0	2	2	0	29463414	29463414	0	29453629	29453629	0	/karak.php
1	0	0	1	2	0	29452727	29453526	0	29452727	29452727	0	/file18.php
1	0	0	0	1	0	0	29453167	0	0	29453167	0	/cabs.php
1	1	0	1	0	29454695	29454695	0	29454695	29454695	0	46946	/favicon.ico?v=1767191716
1	0	0	6	5	0	29465723	29465723	0	29460496	29440875	0	/smartphone-battery-charging-tips-smartphones-battery-is-quickly-discharged-adopt-these-smart-steps-save-battery-android-app
1	1	0	1	0	29454177	29454177	0	29454177	29454177	0	46946	/favicon.ico?v=1767160624
1	0	0	0	1	0	0	29465124	0	0	29465124	0	/cp.php
1	0	0	2	0	0	29450128	0	0	29445068	0	0	/suspendisse-morbi-pretium/
1	1	0	1	0	29454176	29454176	0	29454176	29454176	0	46946	/favicon.ico?v=1767160598
1	0	0	1	2	0	29453654	29453654	0	29453654	29453169	0	/wp-signin.php
1	0	0	5	0	0	29464397	0	0	29440072	0	0	/admin/logout
1	1	0	1	0	29454694	29454694	0	29454694	29454694	0	46946	/favicon.ico?v=1767191680
1	0	0	3	3	0	29461791	29453525	0	29452727	29452727	0	/333.php
1	0	0	1	1	0	29463412	29463412	0	29463412	29463412	0	/geido.php
1	0	0	0	4	0	0	29468583	0	0	29444893	0	/storage/blogs/1766586368_analytics-plan-strategy-insight-concept
1	0	0	2	2	0	29463414	29463414	0	29453629	29453629	0	/v1.php
1	0	0	1	1	0	29453654	29453654	0	29453654	29453654	0	/wp-content/403.php
1	0	0	2	0	0	29459103	0	0	29459103	0	0	/0xs.php
1	0	0	0	1	0	0	29440134	0	0	29440134	0	/tag/msbte-result-winter-2018
1	1	0	0	0	29471258	0	0	29471258	0	0	585681	/storage/blogs/1768138836_pexels-lucanardone-3651581.jpg
1	0	0	2	2	0	29470379	29470379	0	29470377	29470377	0	/lufix.php
1	0	0	2	0	0	29453654	0	0	29453654	0	0	/wp-includes/style-engine/
1	0	0	1	1	0	29470382	29470382	0	29470382	29470382	0	/file13.php
1	1	0	1	0	29456211	29456211	0	29456211	29456211	0	46946	/favicon.ico?v=1767282698
1	0	0	2	2	0	29464180	29464180	0	29463061	29463406	0	/userfuns.php
1	115	0	0	0	29470491	0	0	29461456	0	0	2476985	/storage/blogs/1767597400_Screenshot_3.jpg
1	0	0	3	4	0	29463412	29463412	0	29452727	29452727	0	/db.php
1	1	0	1	0	29456211	29456211	0	29456211	29456211	0	46946	/favicon.ico?v=1767282693
1	12	12	9	0	29470226	29470226	0	29439456	29451369	0	541686	/?check_plugin
1	88	0	0	0	29471398	0	0	29461459	0	0	2738208	/storage/blogs/1767597538_analytics-plan-strategy-insight-concept (2) (1).jpg
1	0	0	0	2	0	0	29447003	0	0	29444107	0	/wp-content/uploads/2024/03/rede_de_computadores_destaque.webp
1	0	0	4	4	0	29470382	29470382	0	29452726	29452726	0	/ton.php
1	0	0	2	2	0	29463412	29463412	0	29453628	29453628	0	/minik.php
1	0	0	1	1	0	29470379	29470379	0	29470379	29470379	0	/user.php
1	1	0	1	0	29454694	29454694	0	29454694	29454694	0	46946	/favicon.ico?v=1767191644
1	0	0	1	1	0	29454742	29465124	0	29454742	29465124	0	/wp-includes/js
1	1	0	1	0	29456211	29456211	0	29456211	29456211	0	46946	/favicon.ico?v=1767282675
1	0	0	6	8	0	29470381	29470381	0	29452006	29452006	0	/ioxi-o.php
1	0	0	1	2	0	29452727	29453525	0	29452727	29452727	0	/ok.php
1	1	0	1	0	29454693	29454693	0	29454693	29454693	0	46946	/favicon.ico?v=1767191634
1	0	0	1	1	0	29470377	29470377	0	29470377	29470377	0	/lib854.php
1	0	0	1	1	0	29454741	29465124	0	29454741	29465124	0	/ALFA_DATA/alfacgiapi
1	1	0	1	0	29454693	29454693	0	29454693	29454693	0	46946	/favicon.ico?v=1767191629
1	1	0	1	0	29454693	29454693	0	29454693	29454693	0	46946	/favicon.ico?v=1767191625
1	2	0	2	0	29458931	29458931	0	29458931	29458931	0	93892	/favicon.ico?v=1767445865
1	1	0	1	0	29454693	29454693	0	29454693	29454693	0	46946	/favicon.ico?v=1767191621
1	0	0	2	2	0	29470044	29470044	0	29469939	29469939	0	/wp-content/themes/twentytwentyfour/index.php
1	1	0	1	0	29454693	29454693	0	29454693	29454693	0	46946	/favicon.ico?v=1767191618
1	0	0	0	1	0	0	29465124	0	0	29465124	0	/about.php7
1	0	0	2	2	0	29470043	29470043	0	29469939	29469939	0	/edit-tags.php
1	0	0	2	2	0	29463412	29463412	0	29453628	29453628	0	/abe.php
1	0	0	0	1	0	0	29453168	0	0	29453168	0	/thai.php
1	0	0	2	3	0	29470377	29470377	0	29452726	29452726	0	/wp-x7.php
1	0	0	0	2	0	0	29471141	0	0	29461699	0	/storage/blogs/1767600655_sadman-nafis-oz5mlCJUCTI-unsplash
1	0	0	1	0	0	29461790	0	0	29461790	0	0	/xde.php
1	0	0	2	1	0	29459100	29453169	0	29459100	29453169	0	/bipas.php
1	10	0	0	0	29439994	0	0	29439983	0	0	318	/heck_storage.php
1	0	0	1	2	0	29454742	29465124	0	29454742	29453654	0	/wp-includes/IXR
1	0	0	1	1	0	29470376	29470376	0	29470376	29470376	0	/admin-bar.php
1	0	0	1	1	0	29470377	29470377	0	29470377	29470377	0	/data243.php
1	0	0	2	2	0	29463413	29463413	0	29453628	29453628	0	/xmrlpc.php?p=
1	0	0	1	0	0	29461790	0	0	29461790	0	0	/unrubbish.php
1	0	0	6	9	0	29463412	29463412	0	29450592	29450592	0	/css.php
1	0	0	0	1	0	0	29440467	0	0	29440467	0	/aws-credentials.json
1	162	0	0	0	29471398	0	0	29461454	0	0	5454586	/storage/blogs/1767597284_Screenshot_9.jpg
1	0	0	0	1	0	0	29465124	0	0	29465124	0	/madspotshell.php
1	1	0	1	0	29454692	29454692	0	29454692	29454692	0	46946	/favicon.ico?v=1767191575
1	113	0	70	4	29471357	29471357	29440228	29440236	29450023	29439160	66876	/sitemap.xml
1	0	0	1	0	0	29439101	0	0	29439101	0	0	/admin/put/key?otp=993007&email=ahmadfullstackdeveloper@gmail.com
1	0	0	8	7	0	29470381	29470381	0	29453383	29453168	0	/as.php
1	1	0	1	0	29456210	29456210	0	29456210	29456210	0	46946	/favicon.ico?v=1767282608
1	1	0	1	0	29456210	29456210	0	29456210	29456210	0	46946	/favicon.ico?v=1767282603
1	0	0	2	2	0	29463413	29463413	0	29453628	29453628	0	/ws.php7
1	0	0	1	3	0	29458967	29463300	0	29458967	29453259	0	/wp-includes/id3/license.txt/2021/wp-includes/wlwmanifest.xml
1	1	0	1	0	29456209	29456209	0	29456209	29456209	0	46946	/favicon.ico?v=1767282582
1	1	0	1	0	29456209	29456209	0	29456209	29456209	0	46946	/favicon.ico?v=1767282579
1	0	0	0	1	0	0	29440470	0	0	29440470	0	/wp-config.php.bak
1	0	0	1	2	0	29453383	29453383	0	29453383	29453168	0	/wp-includes/fonts/index.php?p=
1	1	0	0	0	29440069	0	0	29440069	0	0	120281	/storage/blogs/1766314126_WhatsApp Image 2025-11-21 at 18.17.58.jpeg
1	0	0	3	0	0	29461791	0	0	29459101	0	0	/ctex1.php
1	1	0	1	0	29456209	29456209	0	29456209	29456209	0	46946	/favicon.ico?v=1767282565
1	0	0	3	4	0	29463413	29463413	0	29452727	29452727	0	/2.php
1	0	0	1	1	0	29453654	29453654	0	29453654	29453654	0	/wp-includes/customize/autoload_classmap.php
1	0	0	1	2	0	29452726	29453525	0	29452726	29452726	0	/an.php
1	0	0	37	9	0	29440370	29440374	0	29439152	29440272	0	/coment/store
1	1	0	1	0	29456209	29456209	0	29456209	29456209	0	46946	/favicon.ico?v=1767282554
1	0	0	0	1	0	0	29453169	0	0	29453169	0	/claa.php
1	0	0	0	1	0	0	29450004	0	0	29450004	0	/old/wp-admin/setup-config.php?step=1&language=en_GB
1	0	0	1	1	0	29450593	29450593	0	29450593	29450593	0	/images/nxc.php
1	0	0	2	0	0	29461199	0	0	29461199	0	0	/wp-content/plugins/branda-white-labeling/readme.txt
1	0	0	0	1	0	0	29440466	0	0	29440466	0	/.github/workflows/*.yml
1	0	0	4	2	0	29466407	29466407	0	29461398	29464180	0	/media/system/js/core.js
1	3	0	2	0	29458929	29458929	0	29458929	29458929	0	140838	/favicon.ico?v=1767445743
1	0	0	0	1	0	0	29453167	0	0	29453167	0	/dir.php
1	0	0	4	3	0	29463412	29463412	0	29453383	29453383	0	/we2.php
1	0	0	7	5	0	29469982	29469982	0	29454732	29445540	0	/low-code-o-que-e-vantagens-e-beneficios
1	0	0	1	0	0	29461791	0	0	29461791	0	0	/20ojy.php
1	0	0	2	3	0	29470382	29470382	0	29452726	29452726	0	/file3.php
1	0	0	1	0	0	29461789	0	0	29461789	0	0	/wp-adminmaintmailer.php
1	0	0	2	2	0	29463413	29463413	0	29453628	29453628	0	/max.php
1	0	0	3	1	0	29465124	29465124	0	29454741	29465124	0	/.well-known/error.php
1	0	0	2	0	0	29445549	0	0	29443965	0	0	/author/patrick-radaelli/page/2/
1	0	0	1	0	0	29462505	0	0	29462505	0	0	https://techblogs.site/
1	2	0	0	0	29441857	0	0	29441856	0	0	13196	/bogs/seach?query=iphone+17+pro
1	1	0	0	0	29446460	0	0	29446460	0	0	351842	/storage/blogs/1766697602_analytics-plan-strategy-insight-concept (2).jpg
1	0	0	2	8	0	29457922	29468445	0	29457741	29440950	0	/media/wp-includes/wlwmanifest.xml
1	0	0	1	0	0	29452245	0	0	29452245	0	0	/?id=eEpETE44ZU9ZdDNPWHVsM0F6RXpBV09STEdEbTNhR3ppaThTcEpqZTA2RT0%3D
1	0	0	1	0	0	29461792	0	0	29461792	0	0	/lufix1.php
1	0	0	1	1	0	29450592	29450592	0	29450592	29450592	0	/admin/upload/css.php
1	0	0	2	2	0	29463412	29463412	0	29453628	29453628	0	/arig.php
1	10	0	0	0	29470973	0	0	29470472	0	0	113777	/blog/view/44/how-starlink-and-elon-musk-redefined-connectivity-by-2026
1	0	0	8	5	0	29470744	29470744	0	29449416	29444792	0	/category/sem-categoria
1	1	0	1	0	29456207	29456207	0	29456207	29456207	0	46946	/favicon.ico?v=1767282450
1	0	0	2	1	0	29470380	29470380	0	29461789	29470380	0	/21x.php
1	0	0	0	3	0	0	29439131	0	0	29439130	0	/storage/blogs/1766257816_sitelogo.png
1	0	0	2	0	0	29460471	0	0	29460471	0	0	/assets/global/plugins/jquery-file-upload/server/php/index.php?file=tf2rghf.jpg
1	1	0	1	0	29454689	29454689	0	29454689	29454689	0	46946	/favicon.ico?v=1767191389
1	0	0	2	3	0	29452727	29453525	0	29450593	29450593	0	/system_log.php
1	0	0	2	0	0	29459103	0	0	29459103	0	0	/horeg.php
1	0	0	0	1	0	0	29470866	0	0	29470866	0	/storage/blogs/1768138334_evgeni-tcherkasski-eALgIl0Cm-A-unsplash
1	0	0	2	2	0	29463413	29463413	0	29453628	29453628	0	/compare.php
1	1	0	0	0	29470478	0	0	29470478	0	0	133722	/storage/blogs/1768138695_Untitled design (3).png
1	1	0	1	0	29454689	29454689	0	29454689	29454689	0	46946	/favicon.ico?v=1767191375
1	0	0	1	2	0	29452726	29453525	0	29452726	29452726	0	/wp1.php
1	1	0	0	0	29441709	0	0	29441709	0	0	55704	/storage/blogs/1766412541_339971-PAKLP7-712.webp
1	0	0	2	2	0	29458522	29458522	0	29458522	29458522	0	/plugins/editors/jckeditor/plugins/jtreelink/dialogs/links.php?extension=menu&view=menu&parent=" UNION SELECT NULL,NULL,'AxvInjection1337',NULL,NULL,NULL,NULL,NULL-- aa
1	1	0	1	0	29458927	29458927	0	29458927	29458927	0	46946	/favicon.ico?v=1767445622
1	1	0	1	0	29454689	29454689	0	29454689	29454689	0	46946	/favicon.ico?v=1767191367
1	1	0	1	0	29456207	29456206	0	29456207	29456206	0	46946	/favicon.ico?v=1767282411
1	1	0	1	0	29458926	29458926	0	29458926	29458926	0	46946	/favicon.ico?v=1767445616
1	218	0	1	0	29470460	29453234	0	29440094	29453234	0	15118082	/storage/blogs/1766315652_download (1).jpg
1	0	0	2	2	0	29463414	29463414	0	29453629	29453629	0	/wpc.php?p=
1	0	0	0	1	0	0	29440466	0	0	29440466	0	/.github/workflows/main.yml
1	0	0	0	1	0	0	29465125	0	0	29465125	0	/shop/lock.php
1	0	0	0	1	0	0	29442842	0	0	29442842	0	/security.txt
1	0	0	0	1	0	0	29439964	0	0	29439964	0	/backup/wp-links-opml.php
1	0	0	3	2	0	29470379	29470379	0	29453384	29453384	0	/2clas.php
1	1	0	1	0	29454689	29454689	0	29454689	29454689	0	46946	/favicon.ico?v=1767191352
1	1	0	1	0	29454689	29454689	0	29454689	29454689	0	46946	/favicon.ico?v=1767191349
1	0	0	1	1	0	29450593	29450593	0	29450593	29450593	0	/help.php
1	0	0	10	0	0	29469169	0	0	29456384	0	0	/simple-steps-to-delete-gmail-account/
1	0	0	1	3	0	29454742	29465124	0	29454742	29452007	0	/wp-includes/ID3
1	0	0	0	2	0	0	29438473	0	0	29438473	0	/v2/_catalog
1	0	0	0	1	0	0	29439624	0	0	29439624	0	/sitemap.xml.gz
1	0	0	4	1	0	29460813	29440463	0	29460536	29440463	0	/.env.example
1	1	0	1	0	29456206	29456206	0	29456206	29456206	0	46946	/favicon.ico?v=1767282375
1	0	0	1	1	0	29470380	29470380	0	29470380	29470380	0	/avtst.php
1	0	0	0	1	0	0	29451676	0	0	29451676	0	https://www.techblogs.site/category/news
1	0	0	3	2	0	29470381	29470381	0	29459101	29453168	0	/0o0.php
1	0	0	3	2	0	29459100	29453525	0	29452727	29452727	0	/sto.php
1	0	0	0	1	0	0	29440465	0	0	29440465	0	/.gitlab-ci.yml
1	0	0	1	1	0	29453654	29453654	0	29453654	29453654	0	/wp-includes/gelay.php
1	1	0	1	0	29454688	29454688	0	29454688	29454688	0	46946	/favicon.ico?v=1767191331
1	0	0	1	1	0	29450593	29450593	0	29450593	29450593	0	/upload/gpt-sh2.php
1	1	0	1	0	29454688	29454688	0	29454688	29454688	0	46946	/favicon.ico?v=1767191327
1	0	0	4	0	0	29463300	0	0	29453259	0	0	/wp-includes/id3/license.txt/feed/
1	1	0	0	1	29439107	0	29439107	29439107	0	29439107	6	/test-storage
1	0	0	1	2	0	29454742	29465124	0	29454742	29452006	0	/wp-includes/Text
1	0	0	2	2	0	29463414	29463414	0	29453629	29453629	0	/lc.php
1	0	0	2	2	0	29463413	29463413	0	29453628	29453628	0	/bak.php
1	0	0	4	4	0	29470382	29470382	0	29453383	29453383	0	/byp.php
1	1	0	1	0	29455780	29455780	0	29455780	29455780	0	46973	/favicon.ico?v=1767256816
1	0	0	0	1	0	0	29465124	0	0	29465124	0	/mad.php
1	0	0	0	4	0	0	29468494	0	0	29462489	0	/.well-known/apple-app-site-association
1	0	0	1	1	0	29470380	29470380	0	29470380	29470380	0	/ws46.php
1	0	0	0	2	0	0	29438473	0	0	29438473	0	/s/9383e26323e2539313e2935313/_/
1	0	0	2	0	0	29459100	0	0	29459100	0	0	/wl.php
1	0	0	0	1	0	0	29467097	0	0	29467097	0	/vitamin-water-competition-scroll-free-for-a-yearthe-company-will-pay-a-total-of-70-lakhs-if-you-are-away-from-the-smartphone
1	0	0	3	0	0	29461791	0	0	29459102	0	0	/ahy66.php
1	0	0	2	2	0	29463412	29463412	0	29453628	29453628	0	/wp-activate.php
1	0	0	0	1	0	0	29453167	0	0	29453167	0	/File.php
1	0	0	3	1	0	29470376	29470376	0	29459102	29470376	0	/blox.php
1	0	0	3	4	0	29463413	29463413	0	29452726	29452726	0	/jp.php
1	0	0	0	1	0	0	29439964	0	0	29439964	0	/blog/wp-links-opml.php
1	0	0	1	2	0	29452726	29453525	0	29452726	29452726	0	/build.php
1	0	0	1	2	0	29452726	29453525	0	29452726	29452726	0	/wp-the1me.php
1	0	0	0	1	0	0	29440466	0	0	29440466	0	/.gitlab/ci/*.yml
1	0	0	1	1	0	29453383	29453383	0	29453383	29453383	0	/.well-known/log.php
1	0	0	1	1	0	29470377	29470377	0	29470377	29470377	0	/asus.php
1	0	0	2	1	0	29459100	29453168	0	29459100	29453168	0	/lopst.php
1	0	0	0	1	0	0	29465125	0	0	29465125	0	/wp-content/themes/include.php
1	0	0	1	1	0	29462798	29462798	0	29462798	29462798	0	/js/filemanager/dialog.php
1	0	0	4	3	0	29470382	29470382	0	29453383	29453168	0	/atx.php
1	1	0	1	0	29456204	29456204	0	29456204	29456204	0	46946	/favicon.ico?v=1767282276
1	0	0	0	1	0	0	29439964	0	0	29439964	0	/2023/wp-links-opml.php
1	1	0	1	0	29456982	29456981	0	29456982	29456981	0	46946	/favicon.ico?v=1767328915
1	0	0	1	3	0	29464686	29464686	0	29464686	29464686	0	/home
1	163	0	0	0	29470570	0	0	29442605	0	0	249530399	/storage/blogs/1766466350_vitalii-pavlyshynets-kcRFW-Hje8Y-unsplash-min.jpg
1	1	0	1	0	29454687	29454687	0	29454687	29454687	0	46946	/favicon.ico?v=1767191232
1	1	0	1	0	29456982	29456981	0	29456982	29456981	0	46946	/favicon.ico?v=1767328912
1	0	0	0	8	0	0	29439108	0	0	29439069	0	/storage/blogs/1766080843_0a95f6c7-fcd8-4d67-8c3e-8e0aed1cd550.jpg
1	0	0	1	1	0	29453654	29453654	0	29453654	29453654	0	/wp-includes/sitemaps/wp-conflg.php
1	0	0	2	2	0	29463414	29463414	0	29453629	29453629	0	/dex.php
1	0	0	1	1	0	29470380	29470380	0	29470380	29470380	0	/vee.php
1	0	0	0	1	0	0	29450004	0	0	29450004	0	/new/wp-admin/install.php?step=1&language=en_GB
1	0	0	2	3	0	29452727	29453525	0	29452006	29452006	0	/yas.php
1	4	4	2	0	29467818	29467818	0	29440859	29458205	0	168793	/?ts=wixsso
1	0	0	1	1	0	29451298	29451298	0	29451298	29451298	0	/wp-content/plugins/wp-mail/modules/tags-contribute.php
1	0	0	2	3	0	29453383	29453383	0	29450592	29450592	0	/.well-known/index.php
1	0	0	6	1	0	29470380	29470380	0	29459103	29470380	0	/ws35.php
1	0	0	1	1	0	29470380	29470380	0	29470380	29470380	0	/ut.php
1	0	0	1	2	0	29452726	29453525	0	29452726	29452726	0	/wb.php
1	0	0	3	4	0	29463412	29463412	0	29452727	29452727	0	/ava.php
1	0	0	1	1	0	29451560	29451560	0	29451560	29451560	0	/sftp-config.json
1	0	0	2	1	0	29459102	29453169	0	29459102	29453169	0	/ah24.php
1	0	0	1	1	0	29470377	29470377	0	29470377	29470377	0	/general-template.php
1	4	0	0	0	29440156	0	0	29439151	0	0	25166	/bogs/seach?query=s
1	2	0	2	0	29454943	29454943	0	29453006	29453006	0	1980	/wp-login.php?wp_lang=en_US
1	0	0	0	1	0	0	29465124	0	0	29465124	0	/private.php
1	0	0	8	0	0	29469195	0	0	29447818	0	0	/category/software/
1	0	0	4	1	0	29470381	29470381	0	29461120	29470381	0	/an8.php
1	0	0	1	2	0	29452726	29453525	0	29452726	29452726	0	/wp-content/packed.php
1	0	0	1	1	0	29450593	29450593	0	29450593	29450593	0	/worksec.php
1	1	1	1	0	29459297	29459297	0	29459297	29459297	0	9564	/?author=5
1	0	0	1	0	0	29455703	0	0	29455703	0	0	https://techblogs.site/privacy-policy/
1	1	1	1	0	29459297	29459297	0	29459297	29459297	0	9564	/?author=4
1	0	0	2	2	0	29463414	29463414	0	29453629	29453629	0	/des.php
1	1	1	1	0	29459297	29459297	0	29459297	29459297	0	9564	/?author=3
1	1	1	1	0	29459297	29459297	0	29459297	29459297	0	9564	/?author=2
1	1	1	1	0	29459297	29459297	0	29459297	29459297	0	9564	/?author=1
1	26	0	0	0	29470646	0	0	29464312	0	0	15430585	/storage/blogs/1767768767_Power Bank 2026 (1).png
1	0	0	4	4	0	29470044	29470044	0	29452006	29452006	0	/wp-content/classwithtostring.php
1	0	0	2	2	0	29458218	29458218	0	29458217	29458217	0	/pictureproxy.php?url=file:///etc/passwd
1	0	0	0	1	0	0	29453167	0	0	29453167	0	/ws29.php
1	0	0	4	2	0	29465124	29465124	0	29450593	29450593	0	/images/install.php
1	0	0	2	2	0	29470381	29470381	0	29453383	29453383	0	/wp-includes/block-patterns/index.php
1	0	0	1	1	0	29470377	29470377	0	29470377	29470377	0	/mode.php?p=
1	0	0	2	1	0	29459102	29453168	0	29459102	29453168	0	/wsvvs.php
1	0	0	2	0	0	29459103	0	0	29459103	0	0	/1vbqo.php
1	0	0	4	2	0	29461791	29453383	0	29453383	29453168	0	/ioxi-o1.php
1	0	0	3	3	0	29470044	29470044	0	29452006	29452006	0	/xmrlpc.php
1	1	0	0	0	29461824	0	0	29461824	0	0	8714	/bogs/seach?query=xc
1	22	0	22	0	29453162	29453162	0	29453162	29453162	0	1069816	/favicon.ico?v=1767099094
1	0	0	3	4	0	29463413	29463413	0	29452726	29452726	0	/v.php
1	0	0	0	1	0	0	29453654	0	0	29453654	0	/wp-includes/js/dist/development
1	1	0	0	0	29442716	0	0	29442716	0	0	5262	/admin/blogs/search?query=soo
1	0	0	2	0	0	29459101	0	0	29459101	0	0	/kairolin.php
1	2	0	0	0	29452662	0	0	29452662	0	0	15123	/bogs/seach?query=F
1	0	0	1	1	0	29470377	29470377	0	29470377	29470377	0	/IMlikd8XOHn.php
1	0	0	1	0	0	29449116	0	0	29449116	0	0	/new-helpline-number-14422-complaint-registration-for-mobile-lost-or-stolen/
1	0	0	0	1	0	0	29465124	0	0	29465124	0	/wp-content/plugins/dummyyummy/wp-signup.php
1	0	0	1	0	0	29462141	0	0	29462141	0	0	/privacy-policy]
1	2	0	0	0	29441855	0	0	29439151	0	0	13010	/bogs/seach?query=ss
1	0	0	3	5	0	29470381	29470381	0	29452726	29452726	0	/class-t.api.php
1	0	0	5	7	0	29470382	29470382	0	29452726	29452726	0	/class.php
1	0	0	1	1	0	29453654	29453654	0	29453654	29453654	0	/wp-content/plugins/akismet/akismet.php
1	0	0	2	0	0	29457024	0	0	29457024	0	0	/1.html
1	1	0	1	0	29456202	29456202	0	29456202	29456202	0	46946	/favicon.ico?v=1767282135
1	0	0	1	2	0	29452726	29453525	0	29452726	29452726	0	/wp-admin/maint/wp-is.php
1	1	0	1	0	29456202	29456202	0	29456202	29456202	0	46946	/favicon.ico?v=1767282132
1	1	0	0	0	29440137	0	0	29440137	0	0	6060	/bogs/seach?query=sd
1	0	0	0	1	0	0	29441023	0	0	29441023	0	/tel:+923140699386
1	0	0	2	3	0	29470382	29470382	0	29453383	29453168	0	/wp-content/themes/twentytwentytwo/index.php?p=
1	0	0	4	0	0	29465124	0	0	29454742	0	0	/wp-includes/PHPMailer/
1	0	0	4	0	0	29469317	0	0	29469272	0	0	/pubg-india-2019-tournament-winner-will-get-1-crore-prize/
1	0	0	0	1	0	0	29440468	0	0	29440468	0	/.boto.cfg
1	0	0	0	3	0	0	29469330	0	0	29445069	0	/sites/favicon.ico
1	0	0	2	0	0	29459102	0	0	29459102	0	0	/wp-wlx.php
1	0	0	1	2	0	29453383	29453383	0	29453383	29453168	0	/wsd.php
1	0	0	1	1	0	29452006	29452006	0	29452006	29452006	0	/wp-includes/Text/index.php
1	0	0	1	2	0	29452727	29453526	0	29452727	29452727	0	/wp-content/themes/sketch/404.php
1	1	0	1	0	29456201	29456201	0	29456201	29456201	0	46946	/favicon.ico?v=1767282116
1	0	0	1	2	0	29452726	29453525	0	29452726	29452726	0	/12.php
1	0	0	1	0	0	29444197	0	0	29444197	0	0	/projects/
1	1	0	1	0	29458922	29458922	0	29458922	29458922	0	46946	/favicon.ico?v=1767445321
1	0	0	2	0	0	29459103	0	0	29459103	0	0	/f-401.php
1	1	0	1	0	29456201	29456201	0	29456201	29456201	0	46946	/favicon.ico?v=1767282110
1	0	0	3	0	0	29467813	0	0	29467813	0	0	/privacy-policy/
1	0	0	5	6	0	29470380	29470380	0	29452727	29452727	0	/mail.php
1	15	0	0	0	29468804	0	0	29467712	0	0	489576	/storage/blogs/1767972759_Um m%C3%AAs com o Switch 2.jfif
1	1	0	1	0	29454684	29454684	0	29454684	29454684	0	46946	/favicon.ico?v=1767191060
1	0	0	1	2	0	29452726	29453525	0	29452726	29452726	0	/wp-admin/css/colour.php
1	0	0	1	1	0	29452006	29452006	0	29452006	29452006	0	/wp-admin/includes/colour.php
1	0	0	2	4	0	29463942	29463942	0	29462870	29462870	0	/laravel-file-manager/tinymce
1	0	0	0	1	0	0	29440465	0	0	29440465	0	/.git/logs/HEAD
1	0	0	3	10	0	29457922	29468445	0	29457656	29440950	0	/site/wp-includes/wlwmanifest.xml
1	0	0	2	0	0	29459102	0	0	29459102	0	0	/7h.php
1	0	0	0	3	0	0	29439654	0	0	29439653	0	/auth/login
1	0	0	0	3	0	0	29442216	0	0	29440474	0	/cdn.js
1	0	0	1	2	0	29452726	29453525	0	29452726	29452726	0	/n3.php
1	1	0	1	0	29458922	29458922	0	29458922	29458922	0	46946	/favicon.ico?v=1767445282
1	0	0	0	1	0	0	29446052	0	0	29446052	0	/wp-content/uploads/2018/10/iphone-10s-max-or-iphone-XS-MAX.jpg
1	1	0	1	0	29456199	29456199	0	29456199	29456199	0	46946	/favicon.ico?v=1767281973
1	0	0	1	2	0	29453383	29453383	0	29453383	29453168	0	/wp-admin/wp-conflg.php?p=
1	1	0	1	0	29454665	29454665	0	29454665	29454665	0	46946	/favicon.ico?v=1767189935
1	0	0	1	1	0	29470197	29470197	0	29470197	29470197	0	/wp-content/plugins/acf-frontend-form-element/assets/js/admin.js
1	0	0	1	0	0	29461790	0	0	29461790	0	0	/1yade.php
1	6	0	0	2	29440046	0	29440044	29440034	0	29440036	404	/move-storage-files
1	0	0	5	21	0	29462138	29471095	0	29455230	29441347	0	/blogs
1	9	0	2	0	29467304	29452496	0	29445347	29441347	0	115714	/blog/view/23/Elon+Musk+and+the+Long+Pi+Mobile:+A+Revolution+in+Mobile+Technology
1	0	0	2	4	0	29463942	29463942	0	29462870	29462870	0	/vendor/file-manager/tinymce
1	0	0	2	4	0	29463942	29463942	0	29462870	29462870	0	/file-manager/tinymce5
1	0	0	1	1	0	29470377	29470377	0	29470377	29470377	0	/query.php
1	158	0	158	0	29455053	29455053	0	29455050	29455050	0	7683224	/favicon.ico?v=1767190909
1	0	0	7	10	0	29470382	29470382	0	29452006	29452006	0	/file.php
1	1	0	1	0	29456198	29456198	0	29456198	29456198	0	46946	/favicon.ico?v=1767281938
1	0	0	0	1	0	0	29453654	0	0	29453654	0	/wp-content/plugins/akismet
1	0	0	1	1	0	29453654	29453654	0	29453654	29453654	0	/wp-content/plugins/yanierin/akcc.php
1	0	0	3	5	0	29470382	29470382	0	29452727	29452727	0	/g.php
1	0	0	0	1	0	0	29439964	0	0	29439964	0	/blog/xmlrpc.php?rsd=
1	0	0	1	1	0	29470381	29470381	0	29470381	29470381	0	/gm.php
1	0	0	3	2	0	29459101	29453383	0	29453383	29453168	0	/fv.php
1	0	0	2	1	0	29455027	29444558	0	29451315	29444558	0	/o-que-as-redes-de-computadores-fazem
1	0	0	1	0	0	29461789	0	0	29461789	0	0	/nox.ph
1	0	0	2	2	0	29463413	29463413	0	29453629	29453629	0	/xx.php?p=
1	0	0	0	2	0	0	29438472	0	0	29438472	0	/webjars/swagger-ui/
1	0	0	2	3	0	29470380	29470380	0	29452727	29452727	0	/a2.php
1	2	0	0	0	29443103	0	0	29442429	0	0	20804	/index.php?rest_route=/wp/v2/users&per_page=100&page=1&orderby=id&order=asc
1	0	0	8	6	0	29469523	29469523	0	29456737	29444027	0	/category/comunicacao
1	2	0	0	1	29439044	0	29465125	29439043	0	29465125	30	/test.php
1	1	0	0	2	29439987	0	29439987	29439987	0	29439986	45	/create-storage-link
1	0	0	1	2	0	29449636	29449636	0	29449636	29447084	0	/wp-content/uploads/2018/06/Whatsapp-status-downloader.jpg
1	2	0	86	315	29467252	29461926	29471398	29464669	29459918	29462180	0	/site.webmanifest
1	1	0	0	0	29442716	0	0	29442716	0	0	4965	/admin/blogs/search?query=sad
1	0	0	7	3	0	29470423	29470423	0	29460022	29465804	0	/category/gadgets
1	0	0	0	4	0	0	29468014	0	0	29440549	0	/storage/blogs/1766315652_download
1	0	0	0	2	0	0	29438473	0	0	29438473	0	/server-status
1	0	0	2	2	0	29463412	29463412	0	29453628	29453628	0	/b.php
1	0	0	2	0	0	29459100	0	0	29459100	0	0	/nansa.php
1	0	0	4	3	0	29470381	29470381	0	29453383	29453168	0	/ww1.php
1	0	0	6	0	0	29467745	0	0	29446359	0	0	/blog/
1	0	0	1	4	0	29463626	29468029	0	29463626	29440128	0	/comments/feed
1	0	0	1	1	0	29454742	29465124	0	29454742	29465124	0	/wp-admin/css/colors/midnight
1	12	0	0	0	29470257	0	0	29463616	0	0	4296876	/storage/blogs/1767726978_Untitled design (2) (1).png
1	0	0	1	1	0	29463412	29463412	0	29463412	29463412	0	/world.php
1	14	0	1	167	29439674	29450119	29467767	29439123	29450119	29439069	2293480	/storage/sitelogo.png
1	0	0	2	2	0	29461791	29453525	0	29452727	29452727	0	/wp-is.php
1	0	0	0	1	0	0	29446544	0	0	29446544	0	/samsung900.jpg
1	0	0	1	1	0	29452006	29452006	0	29452006	29452006	0	/wp-includes/assets/autoload_classmap.php
1	0	0	0	1	0	0	29441347	0	0	29441347	0	/244eff81-0e42-4bfc-bb45-7d756134aa5b
1	0	0	1	1	0	29470379	29470379	0	29470379	29470379	0	/web.php
1	0	0	0	1	0	0	29452007	0	0	29452007	0	/.well-known/acme-challenge
1	0	0	3	4	0	29463414	29463414	0	29452727	29452727	0	/NewFile.php
1	0	0	2	0	0	29459101	0	0	29459101	0	0	/admiin.php
1	0	0	2	3	0	29470380	29470380	0	29453383	29453168	0	/wp-includes/ID3/about.php
1	0	0	4	0	0	29465124	0	0	29454742	0	0	/wp-admin/includes/
1	0	0	0	1	0	0	29465125	0	0	29465125	0	/Assets/item.php
1	1	0	1	0	29454663	29454663	0	29454663	29454663	0	46946	/favicon.ico?v=1767189805
1	1	0	1	0	29454663	29454663	0	29454663	29454663	0	46946	/favicon.ico?v=1767189804
1	2	0	1	0	29458919	29458919	0	29458919	29458919	0	93892	/favicon.ico?v=1767445144
1	0	0	1	1	0	29470377	29470377	0	29470377	29470377	0	/core990.php
1	1	0	1	0	29456197	29456197	0	29456197	29456197	0	46946	/favicon.ico?v=1767281831
1	0	0	1	1	0	29470376	29470376	0	29470376	29470376	0	/lib068.php
1	123	0	0	0	29470647	0	0	29454217	0	0	14953261	/storage/blogs/1767163050_boliviainteligente-tzIZZU395rk-unsplash (1).jpg
1	0	0	4	0	0	29458522	0	0	29458522	0	0	/js/tinymce/jscripts/tiny_mce/plugins/ajaxfilemanager/ajaxfilemanager.php
1	0	0	2	0	0	29459101	0	0	29459101	0	0	/w1w.php
1	0	0	1	0	0	29461790	0	0	29461790	0	0	/strubbly.php
1	0	0	0	1	0	0	29453167	0	0	29453167	0	/cheka.php
1	0	0	1	1	0	29470377	29470377	0	29470377	29470377	0	/wpc2.php
1	0	0	0	1	0	0	29468532	0	0	29468532	0	/storage/blogs/1767597538_analytics-plan-strategy-insight-concept
1	9	0	0	0	29464381	0	0	29439971	0	0	42135	/Categories
1	0	0	1	0	0	29449902	0	0	29449902	0	0	/admin/comments/35
1	0	0	2	10	0	29457922	29468445	0	29457741	29440950	0	/shop/wp-includes/wlwmanifest.xml
1	0	0	0	1	0	0	29440466	0	0	29440466	0	/.aws/config
1	86	0	0	0	29471398	0	0	29461463	0	0	1200732	/storage/blogs/1767597768_339971-PAKLP7-712 (1).jpg
1	0	0	3	10	0	29457922	29468445	0	29457656	29440950	0	/wp2/wp-includes/wlwmanifest.xml
1	1	0	1	0	29454662	29454662	0	29454662	29454662	0	46946	/favicon.ico?v=1767189753
1	0	0	4	0	0	29465124	0	0	29454742	0	0	/wp-admin/css/colors/
1	7	0	0	0	29470986	0	0	29441709	0	0	1228976	/storage/blogs/1766412570_close-up-modern-iphone-with-colorful-gradient-back-studio-shot.webp
1	0	0	1	1	0	29464686	29464686	0	29464686	29464686	0	/manager
1	0	0	0	17	0	0	29439787	0	0	29439760	0	/storage/blogs/1766295607_1766080843_0a95f6c7-fcd8-4d67-8c3e-8e0aed1cd550.jpg
1	0	0	2	4	0	29463942	29463942	0	29462870	29462870	0	/public/file-manager/content
1	86	0	0	0	29471398	0	0	29461463	0	0	2078534	/storage/blogs/1767597827_download (1) (1).jpg
1	187	0	3	3	29471404	29453900	29466307	29439151	29449115	29440127	1670766	/bogs
1	0	0	1	0	0	29462089	0	0	29462089	0	0	https://www.techblogs.site/vitamin-water-competition-scroll-free-for-a-yearthe-company-will-pay-a-total-of-70-lakhs-if-you-are-away-from-the-smartphone/
1	0	0	0	1	0	0	29450004	0	0	29450004	0	/wp-admin/setup-config.php?step=1&language=en_GB
1	0	0	0	2	0	0	29438472	0	0	29438472	0	/api/graphql
1	2	0	0	0	29452662	0	0	29452662	0	0	12954	/bogs/seach?query=Ffh
1	1	0	1	0	29458916	29458916	0	29458916	29458916	0	46946	/favicon.ico?v=1767444971
1	0	0	1	2	0	29452727	29453526	0	29452727	29452727	0	/ftp.php
1	1	0	1	0	29454678	29454678	0	29454678	29454678	0	46946	/favicon.ico?v=1767190726
1	40	0	0	0	29471258	0	0	29465866	0	0	848872	/blog/view/42/tesla-pi-phone-2026-the-definitive-guide-to-features-release-date-price-rumors
1	0	0	2	0	0	29459102	0	0	29459102	0	0	/f2r4.php
1	0	0	2	0	0	29453654	0	0	29453654	0	0	/wp-content/themes/twentyfifteen/
1	0	0	1	0	0	29454723	0	0	29454723	0	0	/ad
1	0	0	1	1	0	29454742	29465124	0	29454742	29465124	0	/wp-content/themes
1	0	0	0	1	0	0	29467807	0	0	29467807	0	/storage/blogs/1767972759_Nintendo
1	0	0	0	1	0	0	29440468	0	0	29440468	0	/.boto
1	0	0	1	0	0	29461791	0	0	29461791	0	0	/pt.php
1	0	0	8	4	0	29471372	29471372	0	29451911	29445520	0	/manutencao-de-pcs-como-limpar-a-fonte
1	0	0	3	4	0	29470377	29470377	0	29452006	29452006	0	/akcc.php
1	1	0	1	0	29454678	29454678	0	29454678	29454678	0	46946	/favicon.ico?v=1767190680
1	0	0	2	0	0	29459103	0	0	29459103	0	0	/waw.php
1	0	0	1	1	0	29453654	29453654	0	29453654	29453654	0	/wp-xml.php
1	2	0	2	0	29458951	29458951	0	29458951	29458951	0	97256	/favicon.ico?v=1767445025
1	2	0	2	0	29458917	29458917	0	29458917	29458917	0	93892	/favicon.ico?v=1767445022
1	0	0	2	3	0	29470381	29470381	0	29453383	29453168	0	/security.php
1	0	0	1	1	0	29470377	29470377	0	29470377	29470377	0	/TXL82e.php
1	0	0	1	2	0	29452727	29453526	0	29452727	29452727	0	/lol.php
1	1	0	1	0	29454677	29454677	0	29454677	29454677	0	46946	/favicon.ico?v=1767190668
1	0	0	0	1	0	0	29461670	0	0	29461670	0	/storage/blogs/1767597443_boliviainteligente-tzIZZU395rk-unsplash
1	9	0	0	0	29470916	0	0	29470646	0	0	2306628	/storage/blogs/1768148789_milad-fakurian-sin5WZzF1U0-unsplash (1).jpg
1	0	0	1	1	0	29470376	29470376	0	29470376	29470376	0	/mari.php
1	0	0	1	1	0	29470377	29470377	0	29470377	29470377	0	/cache795.php
1	0	0	0	1	0	0	29453654	0	0	29453654	0	/wp-includes/customize
1	1	0	1	0	29458914	29458914	0	29458914	29458914	0	46946	/favicon.ico?v=1767444892
1	0	0	3	4	0	29453654	29453654	0	29452006	29452006	0	/wp-includes/style-engine/index.php
1	0	0	1	0	0	29450592	0	0	29450592	0	0	/cgi-bin/wp-login.php
1	0	0	2	0	0	29443436	0	0	29443436	0	0	/blog/blogs/view/26/health-wellness
1	0	0	2	2	0	29463414	29463414	0	29453629	29453629	0	/fm.php?p=
1	0	0	0	1	0	0	29450004	0	0	29450004	0	/wp-admin/install.php?step=1&language=en_GB
1	0	0	2	0	0	29459102	0	0	29459102	0	0	/bge.php
1	0	0	0	1	0	0	29465124	0	0	29465124	0	/sh3ll.php
1	0	0	1	2	0	29466021	29466021	0	29466021	29445802	0	/wp-content/uploads/2018/06/pro-1-280x180.jpg
1	0	0	3	1	0	29470377	29470377	0	29459102	29470377	0	/l10n.php
1	0	0	5	4	0	29470380	29470380	0	29452006	29452006	0	/wp-admin/js/index.php
1	0	0	2	0	0	29459100	0	0	29459100	0	0	/fso.php
1	0	0	2	1	0	29470379	29470379	0	29461789	29470379	0	/acwfihfh.php
1	0	0	0	1	0	0	29440464	0	0	29440464	0	/.env.backup
1	0	0	0	1	0	0	29447088	0	0	29447088	0	https://techblogs.site/category/technology
1	0	0	1	3	0	29458967	29463300	0	29458967	29453259	0	/wp-includes/id3/license.txt/test/wp-includes/wlwmanifest.xml
1	0	0	0	2	0	0	29463487	0	0	29454288	0	/storage/blogs/1767163116_boliviainteligente-2PdUd-d6bvM-unsplash
1	0	0	2	1	0	29459101	29453169	0	29459101	29453169	0	/shoyo.php
1	0	0	2	3	0	29452727	29453526	0	29450593	29450593	0	/log.php
1	0	0	1	1	0	29470376	29470376	0	29470376	29470376	0	/lib182.php
1	0	0	1	1	0	29470379	29470379	0	29470379	29470379	0	/ea.php
1	0	0	0	1	0	0	29465125	0	0	29465125	0	/sym.php
1	0	0	0	1	0	0	29463770	0	0	29463770	0	/storage/blogs/1767726978_Untitled
1	0	0	1	1	0	29470381	29470381	0	29470381	29470381	0	/963e.php
1	0	0	419	1	0	29464686	29464686	0	29455490	29464686	0	/admin
1	0	0	0	1	0	0	29439792	0	0	29439792	0	/storage/1766297266_1766080843_0a95f6c7-fcd8-4d67-8c3e-8e0aed1cd550.jpg
1	0	0	1	1	0	29470377	29470377	0	29470377	29470377	0	/nav-menu.php
1	0	0	2	0	0	29459100	0	0	29459100	0	0	/18299.php
1	0	0	3	1	0	29465124	29465124	0	29454742	29465124	0	/mah/function.php
1	0	0	1	2	0	29452726	29453525	0	29452726	29452726	0	/v4.php
1	0	0	2	0	0	29455414	0	0	29455414	0	0	/asax.php?p=
1	0	0	1	1	0	29470381	29470381	0	29470381	29470381	0	/bbbb.php
1	0	0	0	1	0	0	29453654	0	0	29453654	0	/wp-includes/style-engine
1	0	0	2	0	0	29459101	0	0	29459101	0	0	/X7x.php
1	0	0	6	5	0	29470381	29470381	0	29450592	29450592	0	/admin/function.php
1	0	0	1	0	0	29447365	0	0	29447365	0	0	/apple-iphone-xs-iphone-10s-full-phone-specifications-price/
1	0	0	3	1	0	29470382	29470382	0	29461201	29470382	0	/87.php
1	0	0	2	4	0	29463942	29463942	0	29462870	29462870	0	/file-manager/content
1	0	0	1	2	0	29453383	29453383	0	29453383	29453168	0	/wp-trackback.php
1	0	0	1	1	0	29453654	29453654	0	29453654	29453654	0	/bypass.php
1	0	0	1	1	0	29470379	29470379	0	29470379	29470379	0	/xx.php/wp-cron.php
1	0	0	1	1	0	29470380	29470380	0	29470380	29470380	0	/0x0x.php
1	0	0	0	1	0	0	29439624	0	0	29439624	0	/sitemaps/sitemap-videos.xml
1	0	0	4	0	0	29465124	0	0	29454742	0	0	/wp-includes/Requests/
1	0	0	1	0	0	29461790	0	0	29461790	0	0	/yl10gohp.php
1	0	0	1	1	0	29462185	29462185	0	29462185	29462185	0	/wp-content/uploads/2018/04/17.jpg
1	0	0	1	1	0	29452006	29452006	0	29452006	29452006	0	/wp-includes/style-engine/autoload_classmap.php
1	0	0	1	1	0	29470377	29470377	0	29470377	29470377	0	/pu1.php
1	0	0	0	1	0	0	29465124	0	0	29465124	0	/priv8.php
1	1	0	1	0	29458913	29458913	0	29458913	29458913	0	46946	/favicon.ico?v=1767444782
1	0	0	2	2	0	29463413	29463413	0	29453628	29453628	0	/ios.php
1	0	0	2	2	0	29463413	29463413	0	29453628	29453629	0	/about.php?p=
1	0	0	2	0	0	29459102	0	0	29459102	0	0	/wp-gzone.php
1	0	0	1	1	0	29452006	29452006	0	29452006	29452006	0	/wp-includes/sitemaps/autoload_classmap.php
1	0	0	1	2	0	29452726	29453525	0	29452726	29452726	0	/mnkalo.php
1	1	0	1	0	29454675	29454675	0	29454675	29454675	0	46946	/favicon.ico?v=1767190529
1	0	0	3	1	0	29465124	29465124	0	29454742	29465124	0	/assets/vx.php
1	1	0	1	0	29454675	29454675	0	29454675	29454675	0	46946	/favicon.ico?v=1767190526
1	0	0	1	2	0	29452726	29453525	0	29452726	29452726	0	/usep.php
1	1	0	1	0	29452826	29452826	0	29452826	29452826	0	46946	/favicon.ico?v=1767079614
1	0	0	2	3	0	29470381	29470381	0	29452726	29452726	0	/lala.php
1	1	0	1	0	29454675	29454675	0	29454675	29454675	0	46946	/favicon.ico?v=1767190519
1	0	0	0	2	0	0	29448581	0	0	29446359	0	/blog
1	1	0	1	0	29454675	29454675	0	29454675	29454675	0	46946	/favicon.ico?v=1767190510
1	0	0	2	0	0	29459100	0	0	29459100	0	0	/smklh.php
1	3	0	0	1	29440025	0	29440026	29439991	0	29440026	117	/force-storage-link
1	0	0	1	1	0	29450593	29450593	0	29450593	29450593	0	/img/nxc.php
1	9	0	0	0	29438757	0	0	29438476	0	0	2997	/_autoindex/assets/icons/folder-fill.svg
1	0	0	0	1	0	0	29453654	0	0	29453654	0	/wp-content/themes/twentyfifteen
1	0	0	2	2	0	29463413	29463413	0	29453628	29453628	0	/ioxi-rex4.php7
1	0	0	2	0	0	29453654	0	0	29453654	0	0	/wp-includes/js/dist/development/
1	6	0	0	0	29467304	0	0	29450024	0	0	66109	/blog/view/31/H3N2+Influenza
1	0	0	0	1	0	0	29441023	0	0	29441023	0	/https:/techblogs.site/blog/view/23/elon-musk-and-the-long-pi-mobile-a-revolution-in-mobile-technology
1	1	0	1	0	29454360	29454360	0	29454360	29454360	0	46946	/favicon.ico?v=1767171618
1	0	0	4	3	0	29470377	29470377	0	29452726	29452726	0	/abc.php
1	0	0	1	1	0	29463412	29463412	0	29463412	29463412	0	/spip.php
1	1	0	1	0	29458912	29458912	0	29458912	29458912	0	46946	/favicon.ico?v=1767444727
1	63	0	0	0	29471349	0	0	29461456	0	0	1340509	/storage/blogs/1767597368_Screenshot_1.jpg
1	0	0	0	1	0	0	29465124	0	0	29465124	0	/userfiles/files/u.php7
1	1	0	1	0	29454360	29454360	0	29454360	29454360	0	46946	/favicon.ico?v=1767171607
1	0	0	2	3	0	29453383	29453383	0	29450593	29450593	0	/themes.php
1	0	0	2	2	0	29470044	29470044	0	29469939	29469939	0	/wp-content/themes/x/bypass.php
1	0	0	2	0	0	29459103	0	0	29459103	0	0	/lte7.php
1	1	0	1	0	29458911	29458911	0	29458911	29458911	0	46946	/favicon.ico?v=1767444717
1	4	0	0	0	29467304	0	0	29454345	0	0	46985	/blog/view/34/New+Year's+Eve
1	1	0	1	0	29456191	29456191	0	29456191	29456191	0	46946	/favicon.ico?v=1767281498
1	0	0	2	2	0	29463412	29463412	0	29453628	29453628	0	/wp-mail.php
1	0	0	0	1	0	0	29461748	0	0	29461748	0	/storage/blogs/1767597479_sven-piper-z4El4WAsF8w-unsplash
1	0	0	0	1	0	0	29452736	0	0	29452736	0	/license.txt
1	0	0	1	1	0	29453654	29453654	0	29453654	29453654	0	/server.php
1	0	0	1	1	0	29470381	29470381	0	29470381	29470381	0	/alpa.php
1	0	0	1	1	0	29470270	29470270	0	29470270	29470270	0	/wp-admin/admin-ajax.php?action=revslider_show_image&img=../wp-config.php
1	0	0	0	1	0	0	29465124	0	0	29465124	0	/wp-content/plugins/ango/sett.php
1	0	0	1	0	0	29469169	0	0	29469169	0	0	https://techblogs.site/whatsapp-status-video-download-trick-without-any-app/
1	0	0	0	1	0	0	29453654	0	0	29453654	0	/wp-includes/sitemaps
1	1	1	0	0	29464686	0	0	29464686	0	0	0	/?
1	0	0	2	2	0	29470044	29470044	0	29469939	29469939	0	/ynz.PhP7
1	0	0	0	1	0	0	29440464	0	0	29440464	0	/.env.old
1	0	0	1	2	0	29452726	29453525	0	29452726	29452726	0	/filemanager.php
1	0	0	0	2	0	0	29441596	0	0	29441439	0	/storage/blogs/1766394064_Tesla
1	0	0	1	1	0	29450592	29450592	0	29450592	29450592	0	/.well-known/server.php
1	0	0	1	2	0	29452727	29453526	0	29452727	29452727	0	/CLA.php
1	0	0	2	0	0	29459103	0	0	29459103	0	0	/x0x.php
1	35	0	0	0	29471348	0	0	29461395	0	0	9801565	/storage/blogs/1767593746_Screenshot_12.png
1	0	0	3	1	0	29465124	29465124	0	29454741	29465124	0	/admin/controller/extension/extension/ultra.php
1	0	0	1	1	0	29464686	29464686	0	29464686	29464686	0	/administrator
1	0	0	0	1	0	0	29439801	0	0	29439801	0	/blogs/1766296161_1766080843_0a95f6c7-fcd8-4d67-8e0aed1cd550.jpg
1	0	0	1	3	0	29464686	29464686	0	29464686	29464686	0	/*
1	1	0	1	0	29454673	29454673	0	29454673	29454673	0	46946	/favicon.ico?v=1767190422
1	0	0	4	5	0	29463413	29463413	0	29450593	29450593	0	/new.php
1	1	0	1	0	29454673	29454673	0	29454673	29454673	0	46946	/favicon.ico?v=1767190418
1	0	0	0	1	0	0	29441023	0	0	29441023	0	/#
1	0	0	0	1	0	0	29453167	0	0	29453167	0	/bby.php
1	0	0	0	1	0	0	29453167	0	0	29453167	0	/ca1.php
1	0	0	3	4	0	29453654	29453654	0	29452006	29452006	0	/wp-content/themes/admin.php
1	0	0	2	1	0	29470995	29470996	0	29451024	29470996	0	/wp-content/uploads/2018/07/Jio-recharfe-offer-549-280x180.jpg
1	0	0	1	0	0	29461790	0	0	29461790	0	0	/ierne.php
1	1	1	1	0	29464031	29464031	0	29464031	29464031	0	11073	/?fbclid=IwZXh0bgNhZW0CMTEAc3J0YwZhcHBfaWQMMjU2MjgxMDQwNTU4AAEeymMVyHYVFouCfoFHCaTMIkv2EU_Wiu0iGQEwX20AQbAo9Kajjvw5tf_G3zA_aem_AT0qlY2v8oed4NClu8mUzA
1	1	0	1	0	29454673	29454673	0	29454673	29454673	0	46946	/favicon.ico?v=1767190410
1	0	0	2	3	0	29470043	29470043	0	29469938	29465125	0	/wp-includes/Text/Diff/Engine/about.php
1	1	0	1	0	29454673	29454673	0	29454673	29454673	0	46946	/favicon.ico?v=1767190396
1	0	0	1	2	0	29452726	29453525	0	29452726	29452726	0	/sid3.php
1	1	0	1	0	29454673	29454673	0	29454673	29454673	0	46946	/favicon.ico?v=1767190393
1	0	0	2	2	0	29463414	29463414	0	29453629	29453629	0	/ty.php?p=
1	0	0	2	2	0	29463413	29463413	0	29453628	29453628	0	/0.php
1	0	0	2	2	0	29463413	29463413	0	29453629	29453629	0	/al.php
1	0	0	2	3	0	29470380	29470380	0	29452726	29452726	0	/444.php
1	0	0	0	1	0	0	29439964	0	0	29439964	0	/2025/wp-links-opml.php
1	0	0	0	2	0	0	29440048	0	0	29440027	0	/storage/blogs/1766310485_1766080843_a8a3d538-33cb-4230-b27d-93bf627adfd7 (3).jpg
1	1	0	1	0	29451992	29451992	0	29451992	29451992	0	46946	/favicon.ico?v=1767029526
1	1	0	1	0	29456190	29456190	0	29456190	29456190	0	46946	/favicon.ico?v=1767281422
1	0	0	4	2	0	29461792	29453384	0	29453384	29453168	0	/class9.php
1	0	0	0	1	0	0	29439964	0	0	29439964	0	/wordpress/xmlrpc.php?rsd=
1	0	0	1	2	0	29452726	29453525	0	29452726	29452726	0	/nc.php
1	79	0	0	0	29470645	0	0	29467712	0	0	2302674	/storage/blogs/1767972759_Nintendo Switch 2 _ voici tous les jeux GameCube qui rejoignent le Switch Online.jfif
1	1	0	1	0	29454672	29454672	0	29454672	29454672	0	46946	/favicon.ico?v=1767190364
1	0	0	0	1	0	0	29440465	0	0	29440465	0	/.git-credentials
1	0	0	1	0	0	29461790	0	0	29461790	0	0	/wp-content/cloud.php
1	1	0	1	0	29454672	29454672	0	29454672	29454672	0	46946	/favicon.ico?v=1767190358
1	0	0	2	1	0	29470380	29470380	0	29461789	29470380	0	/family.php
1	0	0	4	5	0	29470380	29470380	0	29452727	29452727	0	/file1.php
1	0	0	2	0	0	29459101	0	0	29459101	0	0	/Zeiss.php
1	1	0	1	0	29454672	29454672	0	29454672	29454672	0	46946	/favicon.ico?v=1767190352
1	0	0	2	0	0	29459101	0	0	29459101	0	0	/mcd.php
1	0	0	0	1	0	0	29452006	0	0	29452006	0	/wp-includes/block-bindings
1	0	0	0	1	0	0	29465124	0	0	29465124	0	/wp-content/plugins/fix/up.php
1	0	0	1	1	0	29470380	29470380	0	29470380	29470380	0	/cjfuns.php
1	29	0	0	0	29471403	0	0	29470645	0	0	18336700	/storage/blogs/1768148750_igor-omilaev-eGGFZ5X2LnA-unsplash (1).jpg
1	0	0	7	5	0	29470382	29470382	0	29453384	29453384	0	/elp.php
1	0	0	3	2	0	29459103	29453383	0	29453383	29453168	0	/gtc.php
1	1	0	0	0	29439151	0	0	29439151	0	0	6051	/bogs/seach?query=sss
1	0	0	8	0	0	29464381	0	0	29449905	0	0	/admin/comments/delete-all?
1	0	0	5	0	0	29463059	0	0	29461121	0	0	/s1.php
1	22	0	0	0	29470492	0	0	29451294	0	0	18851467	/storage/blogs/1766987640_Screenshot_4.png
1	0	0	2	2	0	29463413	29463413	0	29453628	29453628	0	/inc.php
1	1	0	1	0	29449885	29449885	0	29449885	29449885	0	9936	/blog/view/32/spacex-the-crazy-story-of-rockets-dreams-and-mars??
1	0	0	0	1	0	0	29448656	0	0	29448656	0	/wp-json/custom/v1
1	0	0	0	1	0	0	29439964	0	0	29439964	0	/site/xmlrpc.php?rsd=
1	0	0	1	1	0	29453654	29453654	0	29453654	29453654	0	/wp-includes/js/crop/cropper.php
1	0	0	5	4	0	29470381	29470043	0	29453383	29453383	0	/filemanager/dialog.php
1	139	0	0	0	29471324	0	0	29461457	0	0	2425967	/storage/blogs/1767597443_boliviainteligente-tzIZZU395rk-unsplash (1) (1).jpg
1	0	0	1	1	0	29470377	29470377	0	29470377	29470377	0	/core928.php
1	0	0	2	2	0	29463413	29463413	0	29453628	29453628	0	/pekok.php
1	0	0	1	2	0	29452726	29453525	0	29452726	29452726	0	/nope.php
1	4	0	0	0	29452663	0	0	29452663	0	0	27422	/bogs/seach?query=Bat
1	0	0	1	1	0	29470380	29470380	0	29470380	29470380	0	/hexx.php
1	0	0	0	1	0	0	29441347	0	0	29441347	0	/e86bb8b9-8090-42d6-ac27-0c499b54728a
1	0	0	0	1	0	0	29439964	0	0	29439964	0	/portal/xmlrpc.php?rsd=
1	0	0	1	1	0	29452006	29452006	0	29452006	29452006	0	/wp-includes/PHPMailer/index.php
1	1	0	1	0	29451990	29451990	0	29451990	29451990	0	46946	/favicon.ico?v=1767029420
1	0	0	2	0	0	29459100	0	0	29459100	0	0	/aQw.php
1	0	0	1	2	0	29452727	29453525	0	29452727	29452727	0	/wp-content/uploads/wp.php
1	0	0	2	0	0	29453654	0	0	29453654	0	0	/wp-includes/js/thickbox/
1	0	0	0	1	0	0	29440465	0	0	29440465	0	/.git/hooks/post-commit
1	0	0	0	1	0	0	29453167	0	0	29453167	0	/get.php
1	1	1	0	0	29440305	0	0	29440305	0	0	7769	/??
1	0	0	0	1	0	0	29465125	0	0	29465125	0	/js/fm.php
1	1	0	0	0	29440237	0	0	29440237	0	0	8275	/blog/view/23/Elon Musk and the Long Pi Mobile: A Revolution in Mobile Technology
1	0	0	2	0	0	29453654	0	0	29453654	0	0	/wp-includes/sitemaps/
1	1	0	0	0	29454184	0	0	29454184	0	0	5382	/admin/blogs/search?query=Perfect+New+Year's+Eve
1	0	0	1	2	0	29452726	29453525	0	29452726	29452726	0	/asd67.php
1	0	0	5	5	0	29467015	29469962	0	29451818	29444424	0	/inceptos-penatibus-habitasse
1	0	0	1	1	0	29470382	29470382	0	29470382	29470382	0	/win.php
1	0	0	0	1	0	0	29469169	0	0	29469169	0	https://www.techblogs.site/whatsapp-status-video-download-trick-without-any-app
1	0	0	1	2	0	29452727	29453525	0	29452727	29452727	0	/wp-content/uploads/wp-conflg.php
1	0	0	2	0	0	29459102	0	0	29459102	0	0	/priv.php
1	0	0	1	2	0	29453383	29453383	0	29453383	29453168	0	/wp-content/plugins/index.php
1	0	0	3	10	0	29457922	29468445	0	29457656	29440950	0	/wordpress/wp-includes/wlwmanifest.xml
1	0	0	2	1	0	29459100	29453169	0	29459100	29453169	0	/conte.php
1	0	0	0	1	0	0	29453167	0	0	29453167	0	/s11.php
1	0	0	0	1	0	0	29440469	0	0	29440469	0	/docker-compose.yml
1	2	2	1	0	29468615	29468615	0	29468615	29468615	0	65037	/?fbclid=IwZXh0bgNhZW0CMTEAc3J0YwZhcHBfaWQMMjU2MjgxMDQwNTU4AAEezAzqoUq0Ep35gew9vGmsb-YxaWRVDyCcEKLuK3n9mgwhDkAnUC1lt2VOIEQ_aem_pWgETfVukbMW_rWmY21uxA
1	0	0	2	2	0	29463414	29463414	0	29453629	29453629	0	/rk2.php
1	0	0	3	2	0	29459103	29453384	0	29453384	29453168	0	/vx.php
1	0	0	2	0	0	29459101	0	0	29459101	0	0	/wo.php
1	0	0	1	1	0	29454742	29465124	0	29454742	29465124	0	/index.php/feed/atom
1	0	0	0	1	0	0	29440144	0	0	29440144	0	/be-careful-of-chrome-browser-users-hack-may-be-your-saved-chrome-password
1	0	0	1	2	0	29453383	29453383	0	29453383	29453168	0	/wp-admin/maint/about.php
1	8	0	0	0	29467304	0	0	29450024	0	0	94452	/blog/view/32/SpaceX:+The+Crazy+Story+of+Rockets,+Dreams+and+Mars
1	0	0	4	2	0	29461792	29453384	0	29453384	29453168	0	/la.php
1	0	0	3	4	0	29463413	29463413	0	29452727	29452727	0	/js.php
1	1	0	1	0	29455132	29455132	0	29455132	29455132	0	46946	/favicon.ico?v=1767217952
1	1	0	0	4	29439144	0	29439131	29439144	0	29439120	1046059	/storage/blogs/1766256720_%E2%80%94Pngtree%E2%80%94spacex starship rocket launch_21118429.png
1	1	0	0	0	29463614	0	0	29463614	0	0	2605308	/storage/blogs/1767726846_Untitled design (2).png
1	0	0	2	2	0	29461853	29461853	0	29453411	29448527	0	/wp-content/uploads/2018/05/techblogs.site_.jpg
1	1	0	1	0	29452412	29452412	0	29452412	29452412	0	46946	/favicon.ico?v=1767054736
1	59	0	25	0	29470435	29454672	0	29440127	29440152	0	579799	/blog/view/23/elon-musk-and-the-long-pi-mobile-a-revolution-in-mobile-technology
1	0	0	1	1	0	29450277	29450277	0	29450277	29450277	0	/wp-content/plugins/style.php
1	1	0	1	0	29455557	29455557	0	29455557	29455557	0	46946	/favicon.ico?v=1767243463
1	28	0	0	1	29471330	0	29461515	29461511	0	29461515	480847	/blog/view/39/toyota-brand
1	0	0	0	1	0	0	29450004	0	0	29450004	0	/test/wp-admin/install.php?step=1&language=en_GB
1	1	0	0	0	29440137	0	0	29440137	0	0	6059	/bogs/seach?query=sds
1	0	0	8	10	0	29463413	29465124	0	29450593	29448169	0	/inputs.php
1	0	0	6	2	0	29470381	29470381	0	29459103	29463059	0	/xa.php
1	0	0	1	2	0	29454742	29465124	0	29454742	29452007	0	/wp-content/uploads
1	0	0	14	7	0	29459918	29465432	0	29459470	29438492	0	/favicon.png
1	0	0	2	0	0	29457024	0	0	29457024	0	0	/3.html
1	0	0	0	1	0	0	29450004	0	0	29450004	0	/wordpress/wp-admin/install.php?step=1&language=en_GB
1	0	0	2	2	0	29463412	29463412	0	29453628	29453628	0	/nck.php
1	0	0	2	0	0	29459102	0	0	29459102	0	0	/adin.php
1	109	0	0	0	29471403	0	0	29465866	0	0	4010688	/storage/blogs/1767861986_Tesla Pi Phone.jfif
1	0	0	1	1	0	29462798	29462798	0	29462798	29462798	0	/assets/administrator/filemanager/dialog.php
1	0	0	8	5	0	29470392	29470392	0	29457132	29444121	0	/category/tecnologia
1	0	0	1	2	0	29452726	29453525	0	29452726	29452726	0	/gdn.php
1	0	0	4	0	0	29465124	0	0	29454742	0	0	/wp-content/
1	0	0	0	2	0	0	29438472	0	0	29438472	0	/swagger/swagger-ui.html
1	7	7	2	0	29467253	29467253	0	29440248	29467253	0	65984	/?gtm_latency=1
1	0	0	4	0	0	29464686	0	0	29464686	0	0	/index/
1	0	0	0	1	0	0	29453654	0	0	29453654	0	/wp-includes/js/tinymce/plugins/compat3x
1	1	0	1	0	29453214	29453082	0	29453214	29453082	0	46946	/favicon.ico?v=1767073550
1	0	0	4	4	0	29470382	29470382	0	29450593	29450593	0	/we.php
1	0	0	1	2	0	29468517	29468517	0	29468517	29448615	0	/wp-content/uploads/2024/03/capa-comunics.png
1	0	0	0	4	0	0	29468482	0	0	29462474	0	/apple-app-site-association
1	0	0	5	6	0	29470381	29470381	0	29452006	29452006	0	/abcd.php
1	0	0	2	0	0	29459100	0	0	29459100	0	0	/qvaaq.php
1	0	0	1	1	0	29454742	29465124	0	29454742	29465124	0	/wp-includes/sodium_compat
1	0	0	3	3	0	29470380	29470380	0	29452727	29452727	0	/000.php
1	0	0	3	4	0	29470381	29470381	0	29452727	29452727	0	/new4.php
1	0	0	0	1	0	0	29465124	0	0	29465124	0	/wp-content/themes/seotheme/mar.php
1	0	0	5	0	0	29466345	0	0	29466259	0	0	/sitting/media/post
1	0	0	1	2	0	29452726	29453525	0	29452726	29452726	0	/wpls.php
1	0	0	1	1	0	29453654	29453654	0	29453654	29453654	0	/wp-includes/js/thickbox/thickbox.php
1	1	0	1	0	29455556	29455556	0	29455556	29455556	0	46946	/favicon.ico?v=1767243378
1	0	0	2	0	0	29449530	0	0	29444444	0	0	/blog/page/2/
1	2	0	2	0	29457485	29457485	0	29457485	29457485	0	97256	/favicon.ico?v=1767358841
1	0	0	1	2	0	29452006	29465125	0	29452006	29452006	0	/wp-includes/html-api/index.php
1	0	0	1	2	0	29453383	29453383	0	29453383	29453168	0	/wp-content/upgrade/about.php
1	0	0	1	1	0	29470376	29470376	0	29470376	29470376	0	/class-wpdb.php
1	0	0	7	9	0	29470381	29470381	0	29450592	29450592	0	/classwithtostring.php
1	0	0	1	2	0	29463033	29463033	0	29463033	29444117	0	/about.php?520
1	0	0	0	1	0	0	29465124	0	0	29465124	0	/wp-admin/js/widgets/admin.php
1	0	0	0	1	0	0	29460656	0	0	29460656	0	/storage/blogs/1767544301_sven-piper-z4El4WAsF8w-unsplash
1	0	0	1	1	0	29470541	29470541	0	29470541	29470541	0	/wp-content/uploads/2018/07/Jio-recharfe-offer-549.jpg
1	0	0	0	2	0	0	29441987	0	0	29441402	0	/apps
1	0	0	2	0	0	29459102	0	0	29459102	0	0	/zoz.php
1	0	0	1	1	0	29462798	29462798	0	29462798	29462798	0	/admin/filemanager/dialog.php
1	19	0	0	2	29470499	0	29466255	29440333	0	29466254	89842	/sitting
1	0	0	7	9	0	29457252	29470044	0	29450592	29450592	0	/about.php
1	0	0	1	4	0	29458665	29467304	0	29458665	29450023	0	/test_error_page_url
1	0	0	2	0	0	29459101	0	0	29459101	0	0	/fh26.php
1	0	0	1	1	0	29470377	29470377	0	29470377	29470377	0	/core885.php
1	0	0	1	1	0	29464686	29464686	0	29464686	29464686	0	/textpattern
1	0	0	1	1	0	29450592	29450592	0	29450592	29450592	0	/core.php
1	0	0	0	18	0	0	29467718	0	0	29438473	0	/.git/config
1	1	0	0	0	29439151	0	0	29439151	0	0	6043	/bogs/seach?query=sssss
1	0	0	0	1	0	0	29465125	0	0	29465125	0	/hacked.php
1	0	0	2	2	0	29470044	29470044	0	29469939	29469939	0	/t.php
1	0	0	2	0	0	29459102	0	0	29459102	0	0	/hq.php
1	0	0	4	0	0	29465124	0	0	29454742	0	0	/wp-includes/js/
1	0	0	3	10	0	29457922	29468445	0	29457656	29440950	0	/blog/wp-includes/wlwmanifest.xml
1	0	0	2	2	0	29463413	29463413	0	29453628	29453628	0	/wp-aa.php
1	0	0	2	2	0	29470044	29470044	0	29469939	29469939	0	/mini
1	0	0	0	1	0	0	29440011	0	0	29440011	0	/registrat/?bid_id=de01eb15-6b28-49b0-98ca-a3d78dac204f&clickid=1-27848&req_id=9be08848-965f-48d4-a6b1-5b8a5a28fa2c&utm_campaign=popo3
1	1	0	0	0	29451298	0	0	29451298	0	0	9190	/blog/view/33/playstation-plus-in-january-2026-my-predictions-for-a-killer-start-to-the-year?gtm_latency=1
1	0	0	0	2	0	0	29441987	0	0	29441402	0	/_next/data
1	0	0	5	3	0	29470043	29470043	0	29454742	29465124	0	/wp-includes/block-bindings/index.php
1	0	0	0	2	0	0	29469317	0	0	29469272	0	/pubg-india-2019-tournament-winner-will-get-1-crore-prize
1	0	0	1	2	0	29452727	29453526	0	29452727	29452727	0	/o.php
1	0	0	2	2	0	29470044	29470044	0	29469939	29469939	0	/files
1	0	0	0	1	0	0	29442842	0	0	29442842	0	/.well-known/security.txt
1	0	0	2	2	0	29470044	29470044	0	29469939	29469939	0	/wp-content/autoload_classmap.php
1	0	0	3	2	0	29469197	29469197	0	29461787	29446963	0	/ss.php?c_c
1	0	0	1	2	0	29452727	29453525	0	29452727	29452727	0	/miansha.php
1	0	0	3	3	0	29470379	29470379	0	29453629	29453629	0	/buy.php
1	102	0	4	0	29471019	29461387	0	29439703	29449823	0	788876	/Aboute-us
1	0	0	0	1	0	0	29465124	0	0	29465124	0	/anon.php
1	0	0	2	0	0	29459104	0	0	29459104	0	0	/thoms.php
1	1	0	0	0	29461441	0	0	29461441	0	0	346330	/storage/blogs/1767596488_Screenshot_2.png
1	0	0	1	0	0	29461789	0	0	29461789	0	0	/wp-conter.php
1	0	0	1	0	0	29462089	0	0	29462089	0	0	https://www.techblogs.site/vitamin-water-competition-scroll-free-for-a-yearthe-company-will-pay-a-total-of-70-lakhs-if-you-are-away-from-the-smartphone
1	0	0	2	1	0	29470381	29470381	0	29461789	29470381	0	/lisa.php
1	0	0	1	0	0	29461790	0	0	29461790	0	0	/wp-includes/Text/Diff/defaults.php
1	0	0	1	2	0	29452726	29453525	0	29452726	29452726	0	/xtt.php
1	0	0	0	2	0	0	29438473	0	0	29438473	0	/login.action
1	0	0	1	2	0	29453383	29453383	0	29453383	29453168	0	/uploads/autoload_classmap.php
1	0	0	3	2	0	29459103	29453383	0	29453383	29453168	0	/lsd.php
1	0	0	0	1	0	0	29439964	0	0	29439964	0	/wp/xmlrpc.php?rsd=
1	0	0	2	2	0	29463414	29463414	0	29453629	29453629	0	/angelV2.php
1	0	0	1	1	0	29470377	29470377	0	29470377	29470377	0	/k.php?p=
1	0	0	2	0	0	29459103	0	0	29459103	0	0	/see.php
1	0	0	0	2	0	0	29463498	0	0	29454256	0	/storage/blogs/1767163050_boliviainteligente-tzIZZU395rk-unsplash
1	8427	8427	1178	119	29471405	29471398	29471178	29438472	29448969	29438763	118969727	/
1	0	0	2	0	0	29459101	0	0	29459101	0	0	/congab.php
1	0	0	3	1	0	29465124	29465124	0	29454741	29465124	0	/.well-known/gecko-litespeed.php
1	0	0	2	1	0	29470380	29470380	0	29461789	29470380	0	/esp.php
1	0	0	2	1	0	29470380	29470380	0	29461789	29470380	0	/lanz.php
1	0	0	2	1	0	29461791	29453383	0	29453383	29453383	0	/04.php
1	0	0	104	0	0	29461402	0	0	29459918	0	0	/favicon-32x32.png
1	0	0	1	1	0	29452006	29452006	0	29452006	29452006	0	/wp-admin/classwithtostring.php
1	0	0	2	2	0	29463414	29463414	0	29453629	29453629	0	/mariju.php
1	0	0	4	0	0	29465124	0	0	29454741	0	0	/ALFA_DATA/alfacgiapi/
1	0	0	3	0	0	29461791	0	0	29459103	0	0	/O-Simple.php
1	0	0	0	1	0	0	29453654	0	0	29453654	0	/wp-includes/js/thickbox
1	0	0	0	1	0	0	29439996	0	0	29439996	0	/chek.php
1	0	0	1	1	0	29470064	29470066	0	29470064	29470066	0	/bitrix/css/main/themes/0x1.php
1	0	0	2	1	0	29470382	29470382	0	29461789	29470382	0	/asf.php
1	0	0	0	1	0	0	29439964	0	0	29439964	0	/web/wp-links-opml.php
1	0	0	4	2	0	29465124	29465124	0	29450593	29450593	0	/images/index.php
1	0	0	2	0	0	29459103	0	0	29459103	0	0	/13ede.php
1	0	0	0	1	0	0	29465125	0	0	29465125	0	/wso404.php
1	8	0	0	0	29470762	0	0	29440100	0	0	427576	/storage/blogs/1766315652_Tesla Phone.jpg
1	0	0	2	8	0	29457922	29468445	0	29457741	29440950	0	/2018/wp-includes/wlwmanifest.xml
1	0	0	0	2	0	0	29439756	0	0	29439755	0	/storage/blogs/1766295341_1766080876_a8a3d538-33cb-4230-b27d-93bf627adfd7 (4).jpg
1	0	0	0	1	0	0	29444444	0	0	29444444	0	/blog/page/2
1	0	0	0	1	0	0	29444914	0	0	29444914	0	/wp-content/uploads/2024/03/tipos-de-redes-de-computadores-3.webp
1	1	0	1	0	29455552	29455552	0	29455552	29455552	0	46946	/favicon.ico?v=1767243154
1	0	0	2	0	0	29452007	0	0	29452007	0	0	/wp-includes/theme-compat/
1	0	0	2	2	0	29463413	29463413	0	29453628	29453628	0	/case.php
3	1	0	0	1	29461112	0	29453268	29461112	0	29453268	0	https://techblogs.site/txets.php
3	0	0	0	2	0	0	29459221	0	0	29441158	0	https://autodiscover.techblogs.site/
3	1	1	0	0	29464669	0	0	29464669	0	0	11088	https://techblogsinfolatesttechnewsaimobilesd.quora.com/
3	17	0	10	1	29470499	29464397	29449945	29449946	29449951	29449945	81325	https://www.techblogs.site/emailsS
3	150	150	0	0	29471250	0	0	29440496	0	0	1753294	http://www.techblogs.site/
3	1	0	1	0	29448407	29449147	0	29448407	29449147	0	46973	http://techblogs.site/favicon.ico
3	4	0	0	0	29463596	0	0	29461522	0	0	135655	https://pagespeed.web.dev/
3	7	6	69	43	29454742	29470044	29470044	29454742	29450592	29450592	288956	https://www.google.fr/
3	19	7	0	2	29471020	0	29470487	29461511	0	29464670	782440	https://www.techblogs.site/blog/view/39/toyota-brand
3	1	1	0	0	29460188	0	0	29460188	0	0	43398	https://www.techblogs.site/apple-touch-icon.png
3	65	52	134	1	29470565	29471215	29439884	29440199	29449142	29439884	1309451	http://techblogs.site/
3	0	0	0	1	0	0	29467057	0	0	29467057	0	https://www.techblogs.site/wordpress/
3	149	55	18	9	29470491	29461707	29470490	29459939	29460170	29462180	35775505	https://www.techblogs.site/blog/view/35/berlin-blackout-the-anatomy-of-a-modern-metropolis-in-the-dark
3	1	0	0	0	29441236	0	0	29441236	0	0	4619	https://techblogs.site/emailsS
3	1	0	0	0	29442429	0	0	29442429	0	0	10400	http://techblogs.site/index.php?rest_route=/wp/v2/users&per_page=100&page=1&orderby=id&order=asc
3	376	137	1	41	29471404	29454672	29470800	29444087	29454672	29462132	14049254	https://www.techblogs.site/bogs
3	2	0	0	0	29439700	0	0	29439697	0	0	0	https://techblogs.site/storage/sitelogo.png
3	0	0	0	1	0	0	29438735	0	0	29438735	0	https://www.linkedin.com/
3	1	0	0	0	29452662	0	0	29452662	0	0	7563	https://www.techblogs.site/bogs/seach?query=Ffh
3	0	0	1	0	0	29453268	0	0	29453268	0	0	http://techblogs.site/postnews.php
3	209	209	0	0	29461748	0	0	29455490	0	0	2394153	https://www.techblogs.site/admin
3	1	1	0	0	29465832	0	0	29465832	0	0	11083	https://medium.com/@ahmadfullstackdeveloper/introduction-why-mobile-power-banks-matter-more-than-ever-fb622b65104d?postPublishedType=repub
3	0	0	1	0	0	29467057	0	0	29467057	0	0	https://techblogs.site/wordpress/
3	187	1	25	5	29470647	29470640	29461508	29449878	29449878	29461409	19843109	https://www.techblogs.site/manage_blogs
3	0	0	0	1	0	0	29464448	0	0	29464448	0	https://www.techblogs.site/blog/view/35
3	130	0	0	0	29468622	0	0	29439140	0	0	9042	http://ghost-rider/
3	207	0	0	0	29461748	0	0	29455490	0	0	2380646	https://techblogs.site/index.php
3	1	0	0	0	29440137	0	0	29440137	0	0	6060	https://techblogs.site/bogs/seach?query=sds
3	1	0	0	0	29442716	0	0	29442716	0	0	5393	https://techblogs.site/admin/blogs/search?query=soo
3	13	0	5	0	29466369	29466345	0	29449977	29466259	0	60976	https://www.techblogs.site/sitting
3	0	0	0	1	0	0	29453268	0	0	29453268	0	https://techblogs.site/wp-content/txets.php
3	4336	1119	893	204	29471404	29471398	29471398	29442776	29444086	29454684	642624427	https://www.techblogs.site/
3	42	20	0	5	29470509	0	29470491	29464314	0	29464675	3724270	https://www.techblogs.site/blog/view/41/the-complete-guide-to-power-banks-2026
3	0	0	0	1	0	0	29440122	0	0	29440122	0	https://techblogs.site/category/apps
3	2	0	0	0	29462063	0	0	29462063	0	0	142	https://www.techblogs.site/robots.txt
3	11	1	0	0	29450029	0	0	29450029	0	0	111914	https://www.siteliner.com/www.techblogs.site
3	7	1	2	2	29461533	29461533	29461533	29461533	29461533	29461533	2812178	https://www.siteliner.com/
3	6	6	68	44	29454742	29470044	29470044	29454741	29450592	29450592	247368	https://www.google.co.uk/
3	0	0	0	1	0	0	29469195	0	0	29469195	0	https://www.techblogs.site/category/software
3	0	0	1	0	0	29469295	0	0	29469295	0	0	https://techblogs.site/category/hardware/
3	2	0	0	0	29440334	0	0	29440333	0	0	6826	https://techblogs.site/sitting
3	2	0	0	0	29441856	0	0	29439151	0	0	14856	https://techblogs.site/bogs/seach?query=
3	27	7	0	0	29470399	0	0	29449035	0	0	3828469	https://www.techblogs.site/blog/view/31/h3n2-influenza
3	0	0	2	0	0	29458145	0	0	29457332	0	0	https://www.techblogs.site/sobre/
3	0	0	1	0	0	29460188	0	0	29460188	0	0	https://techblogs.site/apple-touch-icon.png
3	1	1	1	0	29450029	29450029	0	29450029	29450029	0	10953	https://www.siteliner.com/techblogs.site
3	2	0	2	0	29465879	29465879	0	29449622	29449622	0	1942	https://t.co/
3	0	0	1	0	0	29453268	0	0	29453268	0	0	http://techblogs.site/wp-content/postnews.php
3	2	0	2	0	29464330	29464330	0	29459915	29459914	0	93892	https://dnschecker.org/
3	1	0	0	0	29442716	0	0	29442716	0	0	5404	https://techblogs.site/admin/blogs/search?query=s
3	3	0	2	0	29447533	29447532	0	29447532	29447532	0	12115	https://techblogs.site/manage_blogs_seo/31
3	82	54	3	4	29462136	29462128	29464040	29447615	29462092	29462076	937151	https://www.techblogs.site/Services
3	25	0	2	0	29470232	29462063	0	29447569	29462063	0	1775	https://techblogs.site/robots.txt
3	1	0	0	0	29439151	0	0	29439151	0	0	6368	https://techblogs.site/bogs/seach?query=sssss
3	1	1	0	0	29459913	0	0	29459913	0	0	42189	https://www.techblogs.site/assets/og-image.png
3	2	0	1	0	29444776	29444775	0	29444775	29444775	0	8544	https://techblogs.site/manage_blogs_seo/27
3	1	0	0	0	29441885	0	0	29441885	0	0	8786	https://mail.techblogs.site/Services
3	0	0	0	1	0	0	29462705	0	0	29462705	0	https://www.techblogs.site/download-de-anydesk-e-gratuito-e-permite-acesso-remoto-ao-seu-pc
3	2	0	1	0	29442713	29442707	0	29442707	29442707	0	6526	https://techblogs.site/manage_blogs_seo/26
3	1	0	1	0	29441756	29441756	0	29441756	29441756	0	3099	https://techblogs.site/manage_blogs_seo/25
3	15	0	15	0	29459299	29459299	0	29442402	29453006	0	15318	https://techblogs.site/wp-login.php
3	2	2	0	0	29459057	0	0	29457330	0	0	21003	https://159.195.26.89/
3	5	0	2	0	29440156	29440154	0	29440153	29440153	0	19972	https://techblogs.site/manage_blogs_seo/23
3	0	0	0	1	0	0	29439793	0	0	29439793	0	https://techblogs.site/manage_blogs_seo/17
3	0	0	0	3	0	0	29468029	0	0	29463626	0	https://www.techblogs.site/comments/feed
3	1	0	0	0	29453593	0	0	29453593	0	0	46973	https://techblogs.site/favicon.ico?v=1767125579
3	0	0	1	0	0	29458817	0	0	29458817	0	0	https://techblogs.site/quais-sao-os-tipos-de-redes-de-computadores-empresariais/
3	0	0	1	0	0	29469295	0	0	29469295	0	0	https://www.techblogs.site/category/hardware/
3	15	8	24	0	29444794	29442315	0	29441429	29441574	0	359830	https://techblogs.site/blog/view/25/iphone-17-pro
3	7	0	0	2	29470475	0	29470474	29470472	0	29470472	3271675	https://www.techblogs.site/blog/view/44/how-starlink-and-elon-musk-redefined-connectivity-by-2026
3	55	16	0	0	29469512	0	0	29449879	0	0	12341314	https://www.techblogs.site/blog/view/32/spacex-the-crazy-story-of-rockets-dreams-and-mars
3	2	0	0	0	29444774	0	0	29444302	0	0	93946	http://techblogs.site:443/
3	77	39	38	24	29471019	29470939	29470496	29444086	29444086	29449932	884683	https://www.techblogs.site/Contect-us
3	0	0	0	1	0	0	29440134	0	0	29440134	0	https://techblogs.site/tag/msbte-result-winter-2018
3	1	0	0	0	29454184	0	0	29454184	0	0	6026	https://www.techblogs.site/admin/blogs/search?query=Perfect+New+Year's+Eve
3	2	1	0	0	29461825	0	0	29461825	0	0	20695	https://www.techblogs.site/bogs/seach?query=xc
3	1	1	0	0	29440343	0	0	29440343	0	0	7751	https://techblogs.site/bogs/seach?query=nnnmbnm
3	37	8	0	2	29468806	0	29465868	29465866	0	29465866	861763	https://www.techblogs.site/blog/view/42/tesla-pi-phone-2026-the-definitive-guide-to-features-release-date-price-rumors
3	8	0	0	0	29440396	0	0	29440329	0	0	38349	https://techblogs.site/Comments
3	0	0	1	0	0	29457132	0	0	29457132	0	0	https://www.techblogs.site/category/tecnologia/
3	0	0	1	0	0	29455027	0	0	29455027	0	0	https://www.techblogs.site/o-que-as-redes-de-computadores-fazem/
3	2	1	0	0	29461825	0	0	29461825	0	0	22703	https://www.techblogs.site/bogs/seach?query=
3	0	0	2	0	0	29458145	0	0	29457332	0	0	https://techblogs.site/sobre/
3	30	14	1	2	29470417	29461926	29470417	29461394	29461926	29470417	2721162	https://www.techblogs.site/blog/view/36/samsung-galaxy-galaxy-s26-ultra
3	0	0	0	1	0	0	29453268	0	0	29453268	0	https://techblogs.site/wp-content/postnews.php
3	9	1	2	3	29470939	29471019	29471019	29452372	29471019	29458806	94901	https://www.techblogs.site/message/store
3	24	0	12	0	29447135	29444765	0	29444770	29444636	0	1691377	https://techblogs.site/blog/view/27/seo-tips-rank-website
3	0	0	0	1	0	0	29449976	0	0	29449976	0	https://www.techblogs.site/my-account/
3	7	2	3	1	29444794	29440707	29440127	29440146	29440707	29440127	82826	https://techblogs.site/blog/view/23/elon-musk-and-the-long-pi-mobile-a-revolution-in-mobile-technology
3	174	62	76	7	29448326	29448326	29447587	29439152	29439152	29440135	4084339	https://techblogs.site/Contect-us
3	8	0	0	0	29440154	0	0	29439151	0	0	60035	https://techblogs.site/bogs/seach?query=s
3	0	0	209	0	0	29461748	0	0	29455490	0	0	https://techblogs.site/api
3	0	0	127	4	0	29470150	29470341	0	29449035	29450577	0	https://www.techblogs.site/contato/
3	0	0	0	1	0	0	29453268	0	0	29453268	0	https://techblogs.site/postnews.php
3	2	0	0	0	29451299	0	0	29451299	0	0	1455555	https://www.techblogs.site/blog/view/33/playstation-plus-in-january-2026-my-predictions-for-a-killer-start-to-the-year?gtm_latency=1
3	0	0	1	0	0	29469195	0	0	29469195	0	0	https://techblogs.site/category/software/
3	0	0	1	0	0	29455027	0	0	29455027	0	0	https://techblogs.site/o-que-as-redes-de-computadores-fazem/
3	0	0	2	0	0	29458145	0	0	29457332	0	0	https://www.techblogs.site/sobre
3	0	0	1	0	0	29453268	0	0	29453268	0	0	http://techblogs.site/wp-includes/txets.php
3	1	1	0	0	29442402	0	0	29442402	0	0	10377	https://google.com/
3	36	18	0	5	29471019	0	29467892	29444086	0	29462296	397305	https://www.techblogs.site/Aboute-us
3	1	0	0	0	29439054	0	0	29439054	0	0	0	https://techblogs.site/index
3	1	1	0	0	29439653	0	0	29439653	0	0	7782	https://www.baidu.com/
3	167	0	39	270	29447588	29447527	29442714	29439102	29439111	29439102	8612889	https://techblogs.site/manage_blogs
3	27	5	0	2	29461387	0	29440128	29439703	0	29439703	683192	https://techblogs.site/Aboute-us
3	3	0	1	0	29464381	29459948	0	29459948	29459948	0	16117	https://www.techblogs.site/Categories
3	2	0	0	0	29453593	0	0	29451855	0	0	93946	https://techblogs.site//favicon.ico
3	1	0	0	0	29442716	0	0	29442716	0	0	5400	https://techblogs.site/admin/blogs/search?query=sad
3	2	0	1	0	29447528	29447528	0	29447527	29447528	0	574325	https://techblogs.site/manage_eid/31
3	1	0	1	0	29446461	29446461	0	29446461	29446461	0	5969	https://techblogs.site/manage_eid/29
3	8	0	0	0	29448791	0	0	29447528	0	0	791994	https://techblogs.site/blog/view/31/h3n2-influenza
3	2	0	2	0	29444776	29444776	0	29444608	29444608	0	10965	https://techblogs.site/manage_eid/27
3	1	0	0	0	29440100	0	0	29440100	0	0	53447	https://techblogs.site/blog/view/23
3	0	0	1	0	0	29469195	0	0	29469195	0	0	https://www.techblogs.site/category/software/
3	8	0	4	0	29444776	29444776	0	29442603	29442603	0	2820337	https://techblogs.site/manage_eid/26
3	18	11	0	2	29468605	0	29460581	29440539	0	29460581	471770	https://www.techblogs.site/blog/view/23/elon-musk-and-the-long-pi-mobile-a-revolution-in-mobile-technology
3	1	0	0	0	29440069	0	0	29440069	0	0	120281	https://techblogs.site/blog/view/22
3	25	1	14	1	29444777	29444777	29441750	29441398	29441397	29441750	130628	https://techblogs.site/manage_eid/25
3	1	0	0	0	29441885	0	0	29441885	0	0	6762	https://mail.techblogs.site/Aboute-us
3	4	0	4	0	29444777	29444777	0	29440139	29440139	0	21404	https://techblogs.site/manage_eid/23
3	6	0	4	7	29440071	29440068	29440068	29440061	29440061	29440061	60559	https://techblogs.site/manage_eid/22
3	22	0	1	2	29470629	29449936	29461872	29449869	29449936	29461872	50125	https://www.techblogs.site/login
3	1	0	1	6	29440027	29440027	29440048	29440027	29440027	29440027	5404	https://techblogs.site/manage_eid/21
3	2	0	1	2	29440032	29440031	29440031	29440031	29440031	29440031	10708	https://techblogs.site/manage_eid/20
3	9	0	1	3	29440044	29440035	29440035	29440035	29440035	29440035	48307	https://techblogs.site/manage_eid/19
3	1	0	0	0	29459057	0	0	29459057	0	0	48628	https://159.195.26.89/favicon.ico
3	20	0	8	17	29439830	29439787	29439788	29439710	29439710	29439744	107233	https://techblogs.site/manage_eid/17
3	1	0	1	3	29439769	29439769	29439783	29439769	29439769	29439769	5394	https://techblogs.site/manage_eid/16
3	0	0	1	0	0	29453268	0	0	29453268	0	0	http://techblogs.site/wp-admin/txets.php
3	15	0	5	10	29439144	29439144	29439148	29439121	29439120	29439120	1119302	https://techblogs.site/manage_eid/14
3	4	0	1	3	29439111	29439102	29439102	29439102	29439102	29439102	21767	https://techblogs.site/manage_eid/13
3	1	1	1	0	29461501	29461501	0	29461501	29461501	0	11252	https://leads.orbeen.com/
3	0	0	1	0	0	29457132	0	0	29457132	0	0	https://techblogs.site/category/tecnologia/
3	6	0	2	1	29442574	29442574	29439971	29439971	29440333	29439971	28749	https://techblogs.site/Categories
3	1	0	0	0	29439043	0	0	29439043	0	0	0	https://techblogs.site/test.php
3	9	3	0	0	29471020	0	0	29441607	0	0	537272	https://www.techblogs.site/blog/view/25/iphone-17-pro
3	2	2	2	0	29441886	29441886	0	29441885	29441885	0	17200	https://mail.techblogs.site/bogs
3	0	0	1	0	0	29453268	0	0	29453268	0	0	http://techblogs.site/wp-admin/postnews.php
3	2	0	0	0	29441856	0	0	29441856	0	0	13466	https://techblogs.site/bogs/seach?query=iphone+17+pro
3	0	0	1	13	0	29450119	29450120	0	29450119	29440384	0	http://localhost/
3	42	23	6	11	29447612	29444762	29440311	29439151	29443416	29440103	351523	https://techblogs.site/bogs
3	13	0	0	2	29468615	0	29468615	29468615	0	29468615	585266	https://www.techblogs.site/?fbclid=IwZXh0bgNhZW0CMTEAc3J0YwZhcHBfaWQMMjU2MjgxMDQwNTU4AAEeuuaPh1736ADkF5olh96qaZ5amglvLO_QdP4RDpAR_FNTbssqZrL5USCo1nk_aem_a9l8PFcMeUAwSTyNMgM3fg
3	3	0	0	0	29461784	0	0	29460918	0	0	140919	https://www.techblogs.site/favicon.ico
3	13	2	0	5	29470117	0	29440374	29440253	0	29440295	6305427	https://chatgpt.com/
3	1	0	0	0	29452663	0	0	29452663	0	0	6856	https://www.techblogs.site/bogs/seach?query=F
3	2	2	2	0	29469958	29469312	0	29459116	29460122	0	95517	http://159.195.26.89/
3	2	0	2	0	29464685	29464685	0	29464685	29464685	0	3354	https://www.google.ru/search
3	18	15	111	59	29470319	29470319	29470044	29454741	29450283	29439654	399685	https://duckduckgo.com/
3	1	1	0	0	29458728	0	0	29458728	0	0	11436	https://www.techblogs.site/backend/backend/auth/signin
3	6	2	5	0	29468615	29468615	0	29444081	29450283	0	27627	https://www.facebook.com/
3	1	0	0	0	29461593	0	0	29461593	0	0	11741	https://www.perplexity.ai/
3	1	1	0	0	29461398	0	0	29461398	0	0	11679	https://www.techblogs.site/wp-includes/css/buttons.css
3	0	0	1	1	0	29463735	29463735	0	29463735	29463735	0	https://twitter.com/
3	11	11	0	21	29441873	0	29439029	29438476	0	29438763	31420	https://ttbbhost.online:2083/
3	57	11	0	0	29461387	0	0	29439703	0	0	946901	https://techblogs.site/Services
3	0	0	1	0	0	29459913	0	0	29459913	0	0	https://techblogs.site/assets/og-image.png
3	5	0	0	0	29470799	0	0	29453600	0	0	1340	https://techblogs.site/sitemap.xml
3	0	0	2	2	0	29462714	29462714	0	29462713	29462714	0	https://examform11.blogspot.com/
3	56	47	3	0	29471403	29461871	0	29440286	29452659	0	457827	android-app://com.google.android.googlequicksearchbox/
3	10	8	83	53	29470044	29470044	29470044	29454741	29450592	29450592	437096	https://www.google.de/
3	1	0	0	0	29441885	0	0	29441885	0	0	6728	https://mail.techblogs.site/Contect-us
3	14	7	0	14	29471019	0	29467894	29462133	0	29466339	191868	https://www.techblogs.site/privacy-policy
3	0	0	3	0	0	29466407	0	0	29461398	0	0	http://techblogs.site/wp-includes/css/buttons.css
3	2	1	0	0	29465843	0	0	29465843	0	0	13680	http://www.example.com/index.php
3	8	0	0	2	29464031	0	29464031	29464031	0	29464031	612130	https://www.techblogs.site/?fbclid=IwZXh0bgNhZW0CMTEAc3J0YwZhcHBfaWQMMjU2MjgxMDQwNTU4AAEeymMVyHYVFouCfoFHCaTMIkv2EU_Wiu0iGQEwX20AQbAo9Kajjvw5tf_G3zA_aem_AT0qlY2v8oed4NClu8mUzA
3	1516	599	365	278	29471215	29471372	29471372	29438476	29439070	29438476	173431557	https://techblogs.site/
3	1	0	0	0	29442716	0	0	29442716	0	0	5262	https://techblogs.site/admin/blogs/search?query=so
3	0	0	0	1	0	0	29442402	0	0	29442402	0	https://techblogs.site/xmlrpc.php
3	0	0	0	1	0	0	29440875	0	0	29440875	0	https://techblogs.site/know-how-the-google-company-was-started-google-will-pay-billions-of-dollars-to-keep-apples-default-search-engine/
3	11	8	85	57	29469542	29470044	29470044	29442749	29441860	29439653	332737	https://www.bing.com/
3	0	0	0	2	0	0	29439654	0	0	29439654	0	https://github.com/
3	0	0	1	0	0	29468319	0	0	29468319	0	0	https://www.techblogs.site/category/comunicacao/
3	23	1	0	8	29470928	0	29470803	29470648	0	29470648	4410498	https://www.techblogs.site/blog/view/45/difference-between-agentic-ai-and-generative-ai
3	17	6	0	1	29470495	0	29470493	29458806	0	29470493	2989286	https://www.techblogs.site/blog/view/27/seo-tips-rank-website
3	8	8	62	38	29454742	29470044	29470044	29454742	29450592	29450592	329824	https://www.yahoo.com/
3	6	5	7	0	29459915	29459914	0	29459908	29459908	0	94765	https://www.opengraph.xyz/
3	18	0	4	21	29441061	29441061	29439100	29439087	29439088	29439080	52901	https://techblogs.site/Registar
3	0	0	3	0	0	29466407	0	0	29461398	0	0	http://techblogs.site/media/system/js/core.js
3	0	0	1	0	0	29469679	0	0	29469679	0	0	http://techblogs.site/sitemap.xml
3	12	0	0	0	29440262	0	0	29440248	0	0	1579828	https://techblogs.site/?gtm_latency=1
3	11	11	9	0	29471398	29471398	0	29441128	29455552	0	112120	https://abdulportfolio-pi.vercel.app/
3	0	0	209	0	0	29461748	0	0	29455490	0	0	https://techblogs.site/admin
3	27	0	0	0	29467253	0	0	29467253	0	0	1465326	https://www.techblogs.site/?gtm_latency=1
3	6	0	156	3	29470341	29470341	29447378	29440529	29442315	29440529	56539	https://techblogs.site/contato/
3	0	0	0	1	0	0	29440182	0	0	29440182	0	https://techblogs.site/msbte-time-table-summer-2019-final-check-msbte-diploma-time-table-at-msbte-org-in
3	0	0	0	1	0	0	29453268	0	0	29453268	0	https://techblogs.site/wp-includes/postnews.php
3	0	0	1	1	0	29463626	29440128	0	29463626	29440128	0	https://techblogs.site/comments/feed
3	93	38	0	0	29470288	0	0	29454221	0	0	3022184	https://www.techblogs.site/blog/view/34/new-years-eve
3	2	0	0	0	29441856	0	0	29439151	0	0	12486	https://techblogs.site/bogs/seach?query=ss
3	0	0	1	0	0	29467755	0	0	29467755	0	0	https://techblogs.site/empresas-de-ti-a-importancia-da-comunicacao
3	0	0	0	1	0	0	29453268	0	0	29453268	0	https://techblogs.site/schallfuns.php
3	0	0	0	1	0	0	29453268	0	0	29453268	0	https://techblogs.site/wp-includes/txets.php
3	3	0	0	0	29440156	0	0	29440137	0	0	18798	https://techblogs.site/bogs/seach?query=sd
3	0	0	0	1	0	0	29467755	0	0	29467755	0	https://www.techblogs.site/empresas-de-ti-a-importancia-da-comunicacao
3	0	0	1	0	0	29457132	0	0	29457132	0	0	https://www.techblogs.site/category/tecnologia
3	0	0	48	79	0	29461939	29470150	0	29455423	29449035	0	https://www.techblogs.site/contato
3	21	0	19	1	29470629	29470629	29461872	29449870	29449870	29461872	71392	https://www.techblogs.site/admin/login/post
3	1	1	4	1	29459297	29459297	29440341	29459297	29440341	29440341	9564	https://www.reddit.com/
3	208	208	0	0	29461748	0	0	29455490	0	0	2382727	https://www.techblogs.site/api
3	24	13	8	1	29470257	29470258	29470258	29442776	29462143	29470258	238968	https://search.google.com/
3	0	0	1	0	0	29453268	0	0	29453268	0	0	http://techblogs.site/wp-includes/postnews.php
3	0	0	1	0	0	29458728	0	0	29458728	0	0	https://techblogs.site/backend/backend/auth/signin
3	51	14	0	2	29470492	0	29470491	29451294	0	29465840	15253763	https://www.techblogs.site/blog/view/33/playstation-plus-in-january-2026-my-predictions-for-a-killer-start-to-the-year
3	0	0	1	2	0	29461398	29466407	0	29461398	29464180	0	https://techblogs.site/media/system/js/core.js
3	7	7	2	0	29447378	29444794	0	29440529	29444794	0	118761	https://techblogs.site/message/store
3	4	0	0	0	29447611	0	0	29440077	0	0	10379	https://techblogs.site/error/Invalid Key
3	30	23	3	2	29462122	29462127	29462127	29462077	29462082	29462127	331299	https://www.techblogs.site/term/condition
3	0	0	0	25	0	0	29448791	0	0	29442315	0	https://techblogs.site/contato
3	0	0	1	2	0	29461398	29466407	0	29461398	29464180	0	https://techblogs.site/wp-includes/css/buttons.css
3	0	0	0	1	0	0	29453268	0	0	29453268	0	https://techblogs.site/wp-admin/txets.php
3	0	0	0	1	0	0	29440135	0	0	29440135	0	https://techblogs.site/category/technology
3	0	0	1	0	0	29453268	0	0	29453268	0	0	http://techblogs.site/wp-content/txets.php
3	0	0	0	1	0	0	29453268	0	0	29453268	0	https://techblogs.site/wp-admin/postnews.php
3	1	0	3	2	29465841	29465841	29446828	29465841	29440803	29440803	971	https://www.google.com/search?q=wordpress
3	3	1	0	0	29452663	0	0	29452663	0	0	22470	https://www.techblogs.site/bogs/seach?query=Bat
3	2	1	5	1	29459297	29469542	29469542	29446827	29459297	29469542	10534	https://wordpress.org/
3	0	0	1	0	0	29440135	0	0	29440135	0	0	https://techblogs.site/category/technology/
3	0	0	0	2	0	0	29471178	0	0	29451319	0	https://cpcontacts.techblogs.site/
3	1	0	0	0	29452663	0	0	29452663	0	0	6856	https://www.techblogs.site/bogs/seach?query=Batn
3	0	0	1	0	0	29449976	0	0	29449976	0	0	https://techblogs.site/my-account/
3	0	0	1	0	0	29462705	0	0	29462705	0	0	https://www.techblogs.site/download-de-anydesk-e-gratuito-e-permite-acesso-remoto-ao-seu-pc/
3	37	11	0	1	29471020	0	29470492	29442842	0	29470492	46558981	https://www.techblogs.site/blog/view/26/health-wellness
3	1	0	0	0	29439808	0	0	29439808	0	0	162804	https://techblogs.site/storage/blogs/1766297266_1766080843_0a95f6c7-fcd8-4d67-8c3e-8e0aed1cd550.jpg
3	0	0	1	0	0	29455027	0	0	29455027	0	0	https://www.techblogs.site/o-que-as-redes-de-computadores-fazem
3	2	0	1	0	29470640	29470640	0	29470640	29470640	0	9763	https://www.techblogs.site/manage_blogs_seo/45
3	2	0	1	0	29470474	29470474	0	29470474	29470474	0	9721	https://www.techblogs.site/manage_blogs_seo/44
3	2	0	1	0	29467783	29467783	0	29467783	29467783	0	9655	https://www.techblogs.site/manage_blogs_seo/43
3	3	0	2	0	29465868	29465868	0	29465867	29465867	0	12750	https://www.techblogs.site/manage_blogs_seo/42
3	23	2	66	0	29444794	29444501	0	29442606	29442833	0	16764236	https://techblogs.site/blog/view/26/health-wellness
3	2	0	1	0	29464327	29464327	0	29464327	29464327	0	9525	https://www.techblogs.site/manage_blogs_seo/41
3	4	0	2	0	29467699	29467670	0	29467669	29467669	0	12629	https://www.techblogs.site/manage_blogs_seo/40
3	2	0	1	0	29461512	29461512	0	29461512	29461512	0	9392	https://www.techblogs.site/manage_blogs_seo/39
3	4	0	2	0	29461409	29461398	0	29461398	29461398	0	15537	https://www.techblogs.site/manage_blogs_seo/36
3	67	1	2	11	29447499	29441391	29446441	29439102	29440411	29439102	423574	https://techblogs.site/admin_dashboard
3	0	0	2	0	0	29460995	0	0	29460918	0	0	https://techblogs.site/favicon-32x32.png
3	135	36	67	46	29470490	29470044	29470044	29440327	29444082	29439054	7823353	https://www.google.com/
3	4	0	2	0	29459952	29459952	0	29459943	29459943	0	18638	https://www.techblogs.site/manage_blogs_seo/35
3	2	0	1	0	29454725	29454725	0	29454725	29454725	0	9189	https://www.techblogs.site/manage_blogs_seo/34
3	2	0	1	0	29451299	29451298	0	29451298	29451298	0	6704	https://www.techblogs.site/manage_blogs_seo/33
3	1	1	0	0	29460608	0	0	29460608	0	0	11992	https://www.techblogs.site/emailsS_store
3	3	0	2	0	29449896	29449885	0	29449885	29449885	0	9857	https://www.techblogs.site/manage_blogs_seo/32
3	0	0	0	1	0	0	29468319	0	0	29468319	0	https://www.techblogs.site/category/comunicacao
3	2	0	0	0	29466246	0	0	29462352	0	0	1143464	https://grok.com/
3	1	0	0	0	29439151	0	0	29439151	0	0	6379	https://techblogs.site/bogs/seach?query=sss
3	59	4	0	5	29470156	0	29467799	29467713	0	29467713	2101338	https://www.techblogs.site/blog/view/43/nintendo-switch-online-gamecube-games-fire-emblem-path-of-radiance
3	0	0	1	0	0	29449976	0	0	29449976	0	0	http://techblogs.site/my-account/
3	0	0	2	0	0	29461112	0	0	29453268	0	0	http://techblogs.site/txets.php
3	1	1	1	0	29464031	29464031	0	29464031	29464031	0	11073	http://m.facebook.com/
3	0	0	1	0	0	29467057	0	0	29467057	0	0	http://techblogs.site/wordpress/
3	2	0	0	0	29460657	0	0	29460230	0	0	93892	https://www.techblogs.site/storage/blogs/1767506337_Screenshot_9.png
3	8	2	2	0	29442433	29441886	0	29441868	29441886	0	249431	https://mail.techblogs.site/
3	0	0	1	0	0	29464448	0	0	29464448	0	0	https://www.techblogs.site/blog/view/35/
3	13	0	0	2	29468615	0	29468615	29468615	0	29468615	585266	https://www.techblogs.site/?fbclid=IwZXh0bgNhZW0CMTEAc3J0YwZhcHBfaWQMMjU2MjgxMDQwNTU4AAEezAzqoUq0Ep35gew9vGmsb-YxaWRVDyCcEKLuK3n9mgwhDkAnUC1lt2VOIEQ_aem_pWgETfVukbMW_rWmY21uxA
3	0	0	1	0	0	29453268	0	0	29453268	0	0	http://techblogs.site/schallfuns.php
3	18	9	0	3	29471019	0	29467893	29462133	0	29466338	234046	https://www.techblogs.site/terms-condition
3	0	0	1	0	0	29462705	0	0	29462705	0	0	https://techblogs.site/download-de-anydesk-e-gratuito-e-permite-acesso-remoto-ao-seu-pc/
3	0	0	0	1	0	0	29469295	0	0	29469295	0	https://www.techblogs.site/category/hardware
3	0	0	1	0	0	29468319	0	0	29468319	0	0	https://techblogs.site/category/comunicacao/
3	22	3	25	3	29447611	29447611	29447594	29439102	29439102	29439101	85695	https://techblogs.site/admin/login/post
3	6	0	3	0	29470647	29470647	0	29470644	29470645	0	669245	https://www.techblogs.site/manage_eid/45
3	6	0	3	0	29470472	29470471	0	29470468	29470469	0	214154	https://www.techblogs.site/manage_eid/44
3	4	0	2	0	29467713	29467713	0	29467712	29467712	0	53858	https://www.techblogs.site/manage_eid/43
3	29	0	0	2	29470629	0	29466255	29449871	0	29466254	172388	https://www.techblogs.site/admin_dashboard
3	11	0	2	0	29465937	29465866	0	29465865	29465865	0	55042	https://www.techblogs.site/manage_eid/42
3	5	0	5	0	29464337	29464337	0	29464310	29464310	0	33098	https://www.techblogs.site/manage_eid/41
3	10	0	7	0	29470498	29470480	0	29463613	29463613	0	2790684	https://www.techblogs.site/manage_eid/40
3	1	0	0	0	29461512	0	0	29461512	0	0	6296	https://www.techblogs.site/manage_eid/39
3	0	0	2	0	0	29468029	0	0	29464883	0	0	https://techblogs.site/comments/feed/
3	18	7	0	5	29471020	0	29470257	29463617	0	29467668	1322348	https://www.techblogs.site/blog/view/40/xbox-game-pass
3	11	0	1	0	29469679	29461784	0	29449147	29461784	0	521668	https://techblogs.site/favicon.ico
3	0	0	0	2	0	0	29469263	0	0	29448903	0	https://cpcalendars.techblogs.site/
3	9	0	6	0	29461449	29461449	0	29461395	29461395	0	433108	https://www.techblogs.site/manage_eid/36
3	8	0	4	0	29461454	29461454	0	29459940	29459940	0	443415	https://www.techblogs.site/manage_eid/35
3	0	0	2	0	0	29468029	0	0	29464883	0	0	https://www.techblogs.site/comments/feed/
3	3	0	2	0	29461457	29461457	0	29454218	29454218	0	18548	https://www.techblogs.site/manage_eid/34
3	3	0	2	0	29461456	29461456	0	29451294	29451293	0	878778	https://www.techblogs.site/manage_eid/33
3	6	0	3	0	29461457	29461457	0	29449879	29449879	0	644270	https://www.techblogs.site/manage_eid/32
3	43	0	11	1	29470499	29464381	29449904	29449902	29449902	29449904	243809	https://www.techblogs.site/Comments
3	2	0	1	0	29461456	29461456	0	29461455	29461456	0	352559	https://www.techblogs.site/manage_eid/31
3	0	0	0	2	0	0	29468811	0	0	29448631	0	https://webdisk.techblogs.site/
3	1	1	0	0	29461398	0	0	29461398	0	0	11683	https://www.techblogs.site/media/system/js/core.js
3	2	0	1	0	29461458	29461458	0	29461458	29461458	0	370888	https://www.techblogs.site/manage_eid/27
3	2	0	1	0	29461460	29461460	0	29461460	29461460	0	2788754	https://www.techblogs.site/manage_eid/26
3	0	0	2	0	0	29460995	0	0	29460918	0	0	https://www.techblogs.site/favicon-32x32.png
3	1	0	0	0	29439915	0	0	29439915	0	0	162804	https://techblogs.site/storage/favicon.ico
3	2	0	1	0	29461463	29461462	0	29461461	29461462	0	181797	https://www.techblogs.site/manage_eid/25
3	1	0	1	0	29461463	29461463	0	29461463	29461463	0	6229	https://www.techblogs.site/manage_eid/23
3	0	0	1	0	0	29449976	0	0	29449976	0	0	http://techblogs.site/wp-login.php
3	41	0	7	18	29447611	29441695	29447594	29439080	29440075	29439071	373518	https://techblogs.site/login
3	1	0	0	0	29440137	0	0	29440137	0	0	6059	https://techblogs.site/bogs/seach?query=sdsada
3	0	0	2	0	0	29457192	0	0	29457158	0	0	https://techblogs.site/category/redes
3	0	0	0	1	0	0	29440144	0	0	29440144	0	https://techblogs.site/be-careful-of-chrome-browser-users-hack-may-be-your-saved-chrome-password
3	0	0	4	0	0	29469679	0	0	29449636	0	0	http://techblogs.site/robots.txt
3	1	0	0	0	29441856	0	0	29441856	0	0	6733	https://techblogs.site/bogs/seach?query=+iphone+17+pro+Apple+iPhone+
3	0	0	2	0	0	29457192	0	0	29457158	0	0	https://www.techblogs.site/category/redes
4	1	0	1	0	29459298	29459298	0	29459298	29459298	0	971	Mozilla/5.0 (Macintosh; Intel Mac OS X 10_15_7) AppleWebKit/605.1.15 (KHTML, like Gecko) Version/17.2.1 Safari/605.1.15
4	0	0	0	1	0	0	29438976	0	0	29438976	0	Mozilla/5.0 (Linux; Android 9; MI 8 Lite Build/PKQ1.181007.001; wv) AppleWebKit/537.36 (KHTML, like Gecko) Version/4.0 Chrome/76.0.3809.89 Mobile Safari/537.36 T7/11.19 SP-engine/2.15.0 baiduboxapp/11.19.5.10 (Baidu; P1 9)
4	3	3	29	19	29454742	29470044	29470044	29454741	29450592	29450592	123684	Mozilla/5.0 (Linux; Android 10; LM-Q720) AppleWebKit/537.36 (KHTML, like Gecko) Chrome/116.0.0.0 Mobile Safari/537.36
4	91	59	119	27	29471164	29471164	29470074	29442898	29442898	29442898	3823289	Mozilla/5.0 (Windows NT 10.0; Win64; x64) AppleWebKit/537.36 (KHTML, like Gecko) Chrome/129.0.0.0 Safari/537.36
4	58	39	81	12	29469655	29469655	29468925	29441574	29441574	29442896	2410206	Mozilla/5.0 (Windows NT 10.0; Win64; x64) AppleWebKit/537.36 (KHTML, like Gecko) Chrome/130.0.0.0 Safari/537.36
4	4	1	4	0	29452412	29452412	0	29452412	29452412	0	149967	Mozilla/5.0 (X11; Linux x86_64) AppleWebKit/537.36 (KHTML, like Gecko) Chrome/80.0.3987.116 Safari/537.36
4	1	1	0	0	29445866	0	0	29445866	0	0	10567	Mozilla/5.0 (Macintosh; Intel Mac OS X 10.15; rv:122.0) Gecko/20100101 Firefox/122.0
4	0	0	0	1	0	0	29440474	0	0	29440474	0	Mozilla/3.01Gold (Win95; I)
4	0	0	1	0	0	29468395	0	0	29468395	0	0	Opera/8.98.(X11; Linux x86_64; az-IN) Presto/2.9.183 Version/11.00
4	0	0	0	1	0	0	29439830	0	0	29439830	0	Mozilla/5.0 (iPhone; CPU iPhone OS 18_0 like Mac OS X) AppleWebKit/605.1.15 (KHTML, like Gecko) Mobile/15E148 YaBrowser/25.10.5.773.10 YaApp_iOS/2510.5 YaApp_iOS_Browser/2510.5 Safari/604.1 SA/3
4	1	1	0	0	29440393	0	0	29440393	0	0	7751	Mozilla/5.0 (X11; Linux x86_64) AppleWebKit/537.36 (KHTML, like Gecko) Chrome/122.0.0.0 Safari/537.36
4	21	2	4	0	29470802	29470802	0	29470798	29470798	0	1493203	Mozilla/5.0 (Linux; Android 6.0.1; Nexus 5X Build/MMB29P) AppleWebKit/537.36 (KHTML, like Gecko) Chrome/86.0.0.0 Mobile Safari/537.36 (compatible; Googlebot/2.1; +http://www.google.com/bot.html)
4	10	8	0	0	29439600	0	0	29439572	0	0	111234	curl/8.7.1
4	73	3	46	31	29463593	29463593	29463593	29443965	29443965	29443965	279956	Mozilla/5.0 (compatible; SemrushBot/7~bl; +http://www.semrush.com/bot.html)
4	52	8	9	1	29465432	29465432	29438492	29438492	29451029	29438492	16104875	Mozilla/5.0 (X11; Linux x86_64) AppleWebKit/537.36 (KHTML, like Gecko) HeadlessChrome/138.0.7204.23 Safari/537.36
4	0	0	0	1	0	0	29439964	0	0	29439964	0	Mozilla/5.0 (Macintosh; Intel Mac OS X 14_6_1) AppleWebKit/537.36 (KHTML, like Gecko) Chrome/123.0.5961.454 Safari/537.36
4	2	2	2	0	29457219	29457219	0	29457219	29457219	0	22871	Mozilla/4.0(compatible;MSIE8.0;WindowsNT5.1;Trident/4.0;.NETCLR1.1.4322;InfoPath.1;.NETCLR2.0.50727;.NETCLR3.0.4506.2152;.NETCLR3.5.30729)
4	30	30	15	0	29470930	29470930	0	29438656	29448991	0	329341	Mozilla/5.0 (X11; Ubuntu; Linux x86_64; rv:115.0) Gecko/20100101 Chrome/115.0.0.0 Safari/537.36
4	0	0	21	39	0	29463300	29463300	0	29453259	29453259	0	Mozilla/5.0 (Windows NT 10.0; Win64; x64) AppleWebKit/537.36 (KHTML, like Gecko) Chrome/95.0.4638.69 Safari/537.36
4	0	0	0	1	0	0	29439964	0	0	29439964	0	Mozilla/5.0 (Macintosh; Intel Mac OS X 10_15_7) AppleWebKit/537.36 (KHTML, like Gecko) Chrome/131.0.7970.481 Safari/537.36
4	60	4	43	2	29470781	29470688	29441107	29441101	29449216	29441101	49917	Mozilla/5.0 AppleWebKit/537.36 (KHTML, like Gecko; compatible; bingbot/2.0; +http://www.bing.com/bingbot.htm) Chrome/116.0.1938.76 Safari/537.36
4	2	2	11	5	29461038	29469820	29463407	29461038	29449060	29461038	23592	Mozlila/5.0 (Linux; Android 7.0; SM-G892A Bulid/NRD90M; wv) AppleWebKit/537.36 (KHTML, like Gecko) Version/4.0 Chrome/60.0.3112.107 Moblie Safari/537.36
4	2	1	0	0	29470800	0	0	29470800	0	0	14600	Mozilla/5.0 (Device; OS_version) AppleWebKit/WebKit_version (KHTML, like Gecko)Version/Safari_version [Mobile/Mobile_version] Safari/WebKit_version (Applebot/Applebot_version; +http://www.apple.com/go/applebot)
4	100	59	126	22	29470150	29470150	29470150	29442315	29442315	29442315	4115369	Mozilla/5.0 (Windows NT 10.0; Win64; x64) AppleWebKit/537.36 (KHTML, like Gecko) Chrome/131.0.0.0 Safari/537.36 Avast/131.0.0.0
4	11	1	5	4	29462188	29463626	29463626	29447569	29440135	29440134	67878	Mozilla/5.0 (Windows NT 10.0; Win64; x64) AppleWebKit/537.36 (KHTML, like Gecko) Chrome/101.0.4951.64 Safari/537.36 Edg/101.0.1210.47
4	2	2	31	23	29454742	29470044	29470044	29454742	29450592	29450592	82456	Mozilla/5.0 (Linux; Android 10; K) AppleWebKit/537.36 (KHTML, like Gecko) Chrome/117.0.0.0 Mobile Safari/537.36
4	11	0	9	0	29470372	29470372	0	29442934	29452135	0	781	Mozilla/5.0 (compatible;PetalBot;+https://webmaster.petalsearch.com/site/petalbot)
4	0	0	1	1	0	29469523	29469523	0	29469523	29469523	0	Mozilla/5.0 (Macintosh; Intel Mac OS X 10_15_7) AppleWebKit/537.36 (KHTML, like Gecko) Chrome/133.0.0.0 Safari/537.36
4	2	0	2	0	29464685	29464685	0	29464685	29464685	0	3354	Mozilla/5.0 (Windows NT 10.0; Win64; x64) AppleWebKit/537.36 (KHTML, like Gecko) Chrome/88.0.4324.190 Safari/537.36
4	8	2	2	0	29465638	29465638	0	29457266	29457266	0	102962	Mozilla/5.0 (Windows NT 10.0; Win64; x64) AppleWebKit/537.36 (KHTML, like Gecko) Chrome/122.0.0.0 Safari/537.3
4	8	4	8	0	29460623	29460619	0	29460619	29460619	0	1069956	Mozilla/5.0 (Linux; Android 10; K) AppleWebKit/537.36 (KHTML, like Gecko) SamsungBrowser/26.0 Chrome/122.0.0.0 Mobile Safari/537.36
4	1	1	0	0	29444580	0	0	29444580	0	0	10381	Mozilla/5.0 (compatible; CMS-Checker/1.0; +https://example.com)
4	3	1	0	0	29438481	0	0	29438481	0	0	3014	Mozilla/5.0 (X11; Linux x86_64) AppleWebKit/537.36 (KHTML, like Gecko) HeadlessChrome/143.0.7499.4 Safari/537.36
4	1	0	2	1	29439158	29469542	29469542	29439158	29469542	29469542	971	Mozilla/5.0 (Macintosh; Intel Mac OS X 13_6_1) AppleWebKit/605.1.15 (KHTML, like Gecko) Version/17.0 Safari/605.1.15
4	0	0	0	3	0	0	29439654	0	0	29439653	0	Mozilla/5.0 (X11; Linux x86_64) AppleWebKit/537.36 (KHTML, like Gecko) Chrome/121.0.0.0 Safari/537.36
4	23	8	2	2	29440153	29440152	29440152	29440152	29440152	29440152	679045	Mozilla/5.0 (compatible; SiteAuditBot/0.97; +http://www.semrush.com/bot.html)
4	1	0	0	0	29467519	0	0	29467519	0	0	571732	ChatGPT/1.2025.357 (iOS 18.5; iPad14,3; build 20542305910)
4	17	10	9	2	29443835	29443607	29440725	29439677	29439677	29439743	169788	Mozilla/5.0 (Linux; Android 6.0.1; Nexus 5X Build/MMB29P) AppleWebKit/537.36 (KHTML, like Gecko) Chrome/141.0.7390.122 Mobile Safari/537.36 (compatible; GoogleOther)
4	6	6	7	0	29459297	29459297	0	29459297	29459297	0	57384	Mozilla/5.0 (Macintosh; Intel Mac OS X 13_6_2) AppleWebKit/537.36 (KHTML, like Gecko) Chrome/120.0.6099.130 Safari/537.36
4	2	1	2	0	29464330	29464330	0	29459914	29459914	0	84127	Mozilla/5.0 (Windows NT 10.0; WOW64) AppleWebKit/537.36 (KHTML, like Gecko) Chrome/81.0.4044.138 Safari/537.36
4	13	10	0	0	29454723	0	0	29454714	0	0	145813	Linux / Firefox 29: Mozilla/5.0 (X11; Linux x86_64; rv:29.0) Gecko/20100101 Firefox/29.0
4	1	0	1	0	29470471	29470471	0	29470471	29470471	0	46946	Mozilla/5.0 (Windows NT 10.0; Win64; x64) AppleWebKit/537.36 (KHTML, like Gecko) Chrome/99.0.4844.84 Safari/537.36
4	23	6	15	0	29456836	29456836	0	29446755	29451075	0	67032	Mozilla/5.0 (Windows NT 10.0; Win64; x64) AppleWebKit/537.36 (KHTML, like Gecko) Chrome/139.0.0.0 Safari/537.36/Nutch-1.21-SNAPSHOT
4	15	1	2	1	29471395	29471395	29471395	29471395	29471395	29471395	1478530	Mozilla/5.0 (Macintosh; Intel Mac OS X 15_7_2) AppleWebKit/537.36 (KHTML, like Gecko) Chrome/142.0.0.0 Safari/537.36
4	126	11	18	10	29466274	29466274	29466274	29461495	29466270	29466270	5108483	Mozilla/5.0 (iPhone; CPU iPhone OS 18_5 like Mac OS X) AppleWebKit/605.1.15 (KHTML, like Gecko) Version/18.5 Mobile/15E148 Safari/604.1
4	8	0	0	2	29466206	0	29438474	29460136	0	29438474	92174	Mozilla/5.0 (iPhone; CPU iPhone OS 18_0 like Mac OS X) AppleWebKit/605.1.15 (KHTML, like Gecko) Version/18.0 Mobile/15E148 Safari/604.1
4	10	2	3	0	29457381	29457381	0	29439307	29457381	0	5159662	Mozilla/5.0 (Windows NT 10.0; Win64; x64; rv:109.0) Gecko/20100101 Firefox/109.0
4	2	1	2	0	29459715	29459715	0	29459715	29459715	0	11504	Mozilla/5.0 (compatible; SaaSBrowserBot/1.0; +https://saasbrowser.com/bot)
4	2	2	4	0	29462505	29462505	0	29455703	29455703	0	20194	Mozilla/5.0 (Macintosh; Intel Mac OS X 10_15_7) AppleWebKit/537.36 (KHTML, like Gecko) Chrome/132.0.0.0 Safari/537.36
4	0	0	0	1	0	0	29438735	0	0	29438735	0	Mozilla/5.0 (Windows NT 10.0; Win64; x64) Gecko/20100101 Firefox/119.0.1
4	0	0	8	4	0	29462000	29462670	0	29460162	29462196	0	Chrome Privacy Preserving Prefetch Proxy
4	21	20	53	37	29470226	29470663	29470663	29439456	29448656	29439567	898909	Mozilla/5.0 (Windows NT 10.0; Win64; x64) AppleWebKit/537.36 (KHTML, like Gecko) Chrome/127.0.0.0 Safari/537.36
4	2	2	2	0	29464769	29464769	0	29454392	29454392	0	24603	Mozilla/5.0 (Windows NT 10.0) AppleWebKit/537.36 (KHTML, like Gecko) Chrome/106.0.0.0 Safari/537.36
4	1	0	0	0	29461185	0	0	29461185	0	0	11758	DefaultLangchainUserAgent
4	7	4	8	0	29460170	29460170	0	29460170	29460170	0	674742	Mozilla/5.0 (iPhone; CPU iPhone OS 18_6_2 like Mac OS X) AppleWebKit/605.1.15 (KHTML, like Gecko) CriOS/143.0.7499.151 Mobile/15E148 Safari/604.1
4	2	2	7	3	29460472	29470064	29470066	29457988	29457986	29464802	85749	ALittle Client
4	17	6	21	13	29466407	29466407	29466407	29439492	29453268	29453268	7717498	Go-http-client/2.0
4	180	27	21	1	29470934	29470934	29438657	29438657	29448992	29438657	50720825	Mozilla/5.0 (X11; Linux x86_64) AppleWebKit/537.36 (KHTML, like Gecko) HeadlessChrome/128.0.0.0 Safari/537.36
4	0	0	1	8	0	29446828	29446828	0	29446828	29440464	0	Mozilla/5.0 (X11; Linux x86_64) AppleWebKit/537.36 (KHTML, like Gecko) Chrome/120.0.0.0 Safari/537.36
4	1	0	1	0	29469542	29469542	0	29469542	29469542	0	971	Mozilla/5.0 (X11; Linux x86_64) AppleWebKit/537.36 (KHTML, like Gecko) Chrome/119.0.0.0 Safari/537.36
4	8	2	0	0	29444759	0	0	29439090	0	0	2296442	Mozilla/5.0 (iPhone; CPU iPhone OS 10_3 like Mac OS X) AppleWebKit/602.1.50 (KHTML, like Gecko) CriOS/56.0.2924.75 Mobile/14E5239e Safari/602.1
4	0	0	0	8	0	0	29440469	0	0	29440463	0	Mozilla/5.0 (X11; Ubuntu; Linux x86_64; rv:109.0) Gecko/20100101 Firefox/121.0
4	2	2	1	0	29459112	29459112	0	29444496	29459112	0	21819	Mozilla/5.0 (Windows NT 10.0; Win64; x64) AppleWebKit/537.36 (KHTML, like Gecko) Chrome/91.0.4472.114 Safari/537.36 Edg/91.0.864.54
4	6	4	3	1	29442473	29442473	29442473	29441320	29441320	29442473	50705	Mozilla/5.0 (X11; Fedora; Linux x86_64; rv:114.0) Gecko/20100101 Firefox/114.0
4	1	1	1	0	29455523	29455523	0	29455523	29455523	0	10970	Mozilla/5.0 (Windows NT 10.0; Win64; x64) AppleWebKit/537.36 (KHTML, like Gecko) Chrome/131.0.0.0 Safari/537.36 Edg/131.0.0.
4	0	0	7	7	0	29462799	29462799	0	29462798	29462798	0	Mozilla/5.0 (Windows NT 10.0; Win64; x64) AppleWebKit/537.36 (KHTML, like Gecko) Chrome/85.0.4183.121 Safari/537.36
4	692	341	138	10	29471404	29468800	29468615	29438474	29440263	29438591	49641350	Mozilla/5.0 (Linux; Android 10; K) AppleWebKit/537.36 (KHTML, like Gecko) Chrome/143.0.0.0 Mobile Safari/537.36
4	13	7	11	3	29469623	29468029	29468029	29444550	29444550	29440128	113333	Mozilla/5.0 (Macintosh; Intel Mac OS X 10_15_7) AppleWebKit/537.36 (KHTML, like Gecko) Chrome/131.0.0.0 Safari/537.36
4	1	0	1	0	29452732	29452732	0	29452732	29452732	0	971	Mozilla/5.0 (X11; Linux x86_64) Gecko/20100101 Firefox/119.0.1
4	1	1	4	1	29462089	29462089	29447088	29462089	29447087	29447088	11149	Mozilla/5.0 (Windows NT 5.1; rv:5.0) Gecko/20100101 Firefox/5.0
4	2	1	3	0	29460956	29460956	0	29460956	29460956	0	85058	Mozilla/5.0 (Windows NT 10.0; Win64; x64) AppleWebKit/537.36 (KHTML, like Gecko) Chrome/103.0.5060.66 Safari/537.36
4	1	0	1	0	29451085	29451085	0	29451085	29451085	0	46973	Mozilla/5.0 (Windows NT 10.0; Win64; x64; rv:123.0) Gecko/20100101 Firefox/123.0 OpenWave/94.4.4504.39
4	1	0	1	0	29462587	29462587	0	29462587	29462587	0	11636	Mozilla/5.0 (Windows NT 10.0; Win64; x64) AppleWebKit/537.36 (KHTML, like Gecko) Chrome/126.0.0.0 Safari/537.36
4	1	1	2	0	29455067	29454801	0	29455067	29450559	0	9135	axios/1.7.2
4	1	0	0	0	29466495	0	0	29466495	0	0	571732	ChatGPT/1.2025.350 (Android 15; SM-X800; build 2535707)
4	2	1	0	0	29470800	0	0	29470800	0	0	14604	Gemini-Deep-Research
4	0	0	2	1	0	29465879	29465879	0	29465879	29465879	0	Mozilla/5.0 (X11; Linux x86_64) AppleWebKit/537.36 (KHTML, like Gecko) Chrome/118.0.0.0 Safari/537.36
4	21	11	8	0	29464696	29464680	0	29464669	29464669	0	234083	Mozilla/5.0 (Macintosh; Intel Mac OS X 10_11_6) AppleWebKit/537.36 (KHTML, like Gecko) Chrome/53.0.2785.143 Safari/537.36
4	4	2	0	0	29470799	0	0	29470799	0	0	29206	omgili
4	2	1	3	1	29467308	29467308	29467308	29467308	29467308	29467308	89568	Mozilla/5.0 (Windows NT 10.0; WOW64) AppleWebKit/537.36 (KHTML, like Gecko) Chrome/103.0.0.0 Safari/537.36
4	1	1	0	0	29440561	0	0	29440561	0	0	9659	Mozilla/5.0 (Windows NT 10.0; WOW64) AppleWebKit/537.36 (KHTML, like Gecko) Chrome/53.0.2785.90 Safari/537.36 Vivaldi/1.4.589.11
4	4	1	1	0	29464680	29464680	0	29464667	29464680	0	88931	Quora-Bot/1.0 (http://www.quora.com)
4	0	0	0	1	0	0	29439964	0	0	29439964	0	Mozilla/5.0 (Macintosh; Intel Mac OS X 14_6_1) AppleWebKit/537.36 (KHTML, like Gecko) Chrome/125.0.9638.781 Safari/537.36
4	9	6	0	0	29459915	0	0	29459908	0	0	88238	Mozilla/5.0 (Windows NT 10.0; Win64; x64) AppleWebKit/537.36 (KHTML, like Gecko) Chrome/101.0.4951.67 Safari/537.36 OpenGraphXYZBot/1.0
4	0	0	0	1	0	0	29439964	0	0	29439964	0	Mozilla/5.0 (Macintosh; Intel Mac OS X 14_6_1) AppleWebKit/537.36 (KHTML, like Gecko) Chrome/123.0.8696.809 Safari/537.36
4	1	1	0	0	29441271	0	0	29441271	0	0	9718	Mozilla/5.0 (X11; Linux i686; rv:124.0) Gecko/20100101 Firefox/124.0
4	10	1	5	0	29456213	29456213	0	29456206	29456206	0	283584	Mozilla/5.0 (Linux; Android 8.0.0; Nexus 6P Build/OPP3.170518.006) AppleWebKit/537.36 (KHTML, like Gecko) Chrome/143.0.0.0 Mobile Safari/537.36
4	2	2	2	0	29458659	29458659	0	29458659	29458659	0	22872	Mozilla/5.0 (Linux; Android 8.0.0; SM-G9650 Build/R16NW; wv) AppleWebKit/537.36 (KHTML, like Gecko) Version/4.0 Chrome/63.0.3239.83 Mobile Safari/537.36 T7/10.13 baiduboxapp/10.13.0.11 (Baidu; P1 8.0.0)
4	2	1	0	0	29470799	0	0	29470799	0	0	14606	claude-user
4	3085	2839	88	72	29471405	29467305	29467305	29450021	29450021	29450023	57799507	SiteCheckerBotCrawler/1.0 (+http://sitechecker.pro)
4	1	1	0	0	29441405	0	0	29441405	0	0	8176	GoogleBot/2.1
4	1	0	2	1	29456913	29456913	29443732	29456913	29443732	29443732	971	Mozilla/5.0 (Macintosh; Intel Mac OS X 13_6_1; rv:119.0) Gecko/20100101 Firefox/119.0
4	23	6	5	2	29471020	29471019	29471019	29444794	29444794	29471019	885435	Mozilla/5.0 (Windows NT 10.0; Win64; x64) AppleWebKit/537.36 (KHTML, like Gecko) Chrome/125.0.0.0 Safari/537.36
4	1	1	1	0	29469906	29469906	0	29469906	29469906	0	14532	Mozilla/5.0 (Linux; Android 7.1.2; Redmi Note 5A) AppleWebKit/537.36 (KHTML, like Gecko) Chrome/85.0.4183.101 Mobile Safari/537.36
4	2	2	1	0	29456509	29456509	0	29456509	29456509	0	9566	Mozilla/5.0 (Linux; Android 13; Pixel 4a (5G) Build/TQ2A.230505.002; wv) AppleWebKit/537.36 (KHTML, like Gecko) Version/4.0 Chrome/112.0.5615.136 Mobile Safari/537.36 GoogleApp/14.16.27.29.arm64 AppEngine-Google; (+http://code.google.com/appengine; appid: s~virustotalcloud)
4	1	1	0	0	29441729	0	0	29441729	0	0	10260	Mozilla/5.0 (Windows NT 10.0; Win64; x64) AppleWebKit/537.36 Chrome/116.0 Safari/537.36
4	1	1	0	0	29441022	0	0	29441022	0	0	7982	Mozilla/5.0 (X11; Linux x86_64) AppleWebKit/537.36 (KHTML, like Gecko) Chrome/117.0.0.0 Safari/537.36
4	0	0	1	0	0	29467745	0	0	29467745	0	0	Opera/8.21.(X11; Linux x86_64; an-ES) Presto/2.9.188 Version/10.00
4	6	0	4	2	29462826	29462826	29462826	29462180	29462180	29462180	1088796	Mozilla/5.0 (Android 16; Mobile; rv:146.0) Gecko/146.0 Firefox/146.0
4	18	1	1	2	29470800	29462563	29462563	29460610	29462563	29462124	237007	DuckAssistBot/1.2; (+http://duckduckgo.com/duckassistbot.html)
4	0	0	1	0	0	29470755	0	0	29470755	0	0	Mozilla/5.0 (X11; Linux x86_64) AppleWebKit/531.0 (KHTML, like Gecko) Chrome/56.0.885.0 Safari/531.0
4	4	1	0	0	29461387	0	0	29461387	0	0	35973	Mozilla/5.0 (Macintosh; Intel Mac OS X 14_7) AppleWebKit/605.1.15 (KHTML, like Gecko) Version/17.6 Safari/605.1.15
4	13	4	7	4	29458728	29458728	29438472	29438472	29450004	29438472	166540	Go-http-client/1.1
4	7	4	8	0	29460940	29460940	0	29460940	29460940	0	675588	Mozilla/5.0 (iPhone; CPU iPhone OS 18_6_2 like Mac OS X) AppleWebKit/605.1.15 (KHTML, like Gecko) CriOS/143.0.7499.92 Mobile/15E148 Safari/604.1
4	0	0	0	1	0	0	29453647	0	0	29453647	0	Mozilla/5.0 (Linux; U; Android 2.3.4; en-us; BNTV250 Build/GINGERBREAD) AppleWebKit/533.1 (KHTML, like Gecko) Version/4.0 Safari/533.1
4	53	10	13	14	29461345	29461344	29461344	29441344	29441347	29441344	382982	Mozilla/5.0 (compatible; RSiteAuditor)
4	0	0	1	1	0	29458522	29458522	0	29458522	29458522	0	Mozilla/5.0 (Macintosh; Intel Mac OS X 10_15_7) AppleWebKit/537.36 (KHTML, like Gecko) Chrome/128.0.0.0 Safari/537.36
4	1	0	0	0	29462019	0	0	29462019	0	0	571732	ChatGPT/1.2025.350 (iOS 26.1; iPhone16,1; build 20387701780)
4	92	25	31	11	29467635	29470233	29464169	29439934	29439934	29439934	14552363	Mozilla/5.0 AppleWebKit/537.36 (KHTML, like Gecko; compatible; GPTBot/1.3; +https://openai.com/gptbot)
4	42	6	3	6	29461873	29461873	29452661	29440262	29441236	29452661	311136	Mozilla/5.0 (Linux; Android 10; K) AppleWebKit/537.36 (KHTML, like Gecko) Chrome/138.0.0.0 Mobile Safari/537.36 (compatible; Google-Read-Aloud; +https://support.google.com/webmasters/answer/1061943)
4	11	6	4	0	29466053	29466053	0	29443779	29443779	0	666912	Mozilla/5.0 (Windows NT 10.0; Win64; x64) AppleWebKit/537.36 (KHTML, like Gecko) Chrome/124.0.0.0 Safari/537.36
4	0	0	0	1	0	0	29439884	0	0	29439884	0	Mozilla/5.0 (X11; Linux x86_64) AppleWebKit/537.36 (KHTML, like Gecko) HeadlessChrome/125.0.6422.60 Safari/537.36
4	22	8	22	2	29462203	29462464	29462464	29456646	29456646	29439108	3191026	Mozilla/5.0 (Windows NT 10.0; Win64; x64; rv:146.0) Gecko/20100101 Firefox/146.0
4	7	2	0	0	29460967	0	0	29440277	0	0	62861	Mozilla/5.0 (X11; Linux x86_64) AppleWebKit/537.36 (KHTML, like Gecko) Chrome/116.0.0.0 Safari/537.36
4	47	21	6	0	29449991	29449991	0	29448954	29449980	0	7552606	SeobilityBot (SEO Tool; https://www.seobility.net/sites/bot.html)
4	0	0	0	1	0	0	29465323	0	0	29465323	0	curl/8.5.0
4	0	0	0	1	0	0	29439964	0	0	29439964	0	Mozilla/5.0 (Windows NT 11.0; Win64; x64) AppleWebKit/537.36 (KHTML, like Gecko) Chrome/126.0.5020.921 Safari/537.36
4	2	2	1	0	29456509	29456509	0	29456509	29456509	0	9562	Mozilla/5.0 (X11; Linux x86_64) AppleWebKit/537.36 (KHTML, like Gecko) Chrome/112.0.0.0 Safari/537.36 AppEngine-Google; (+http://code.google.com/appengine; appid: s~virustotalcloud)
4	0	0	3	0	0	29468031	0	0	29456752	0	0	Hello from Palo Alto Networks, find out more about our scans in https://docs-cortex.paloaltonetworks.com/r/1/Cortex-Xpanse/Scanning-activity
4	1	1	1	0	29460697	29460697	0	29460697	29460697	0	9758	Mozilla/5.0 (Windows NT 10.0; Win64; x64) AppleWebKit/537.36 (KHTML, like Gecko) Chrome/115.0.5790.171 Safari/537.36
4	102	10	20	12	29468002	29468002	29468002	29450023	29450023	29462995	32152531	Mozilla/5.0 (Linux; Android 11; moto g power (2022)) AppleWebKit/537.36 (KHTML, like Gecko) Chrome/119.0.0.0 Mobile Safari/537.36
4	5	2	5	0	29460144	29460075	0	29460075	29460075	0	1002841	Mozilla/5.0 (Macintosh; Intel Mac OS X 10_15_7) AppleWebKit/537.36 (KHTML, like Gecko) Chrome/131.0.0.0 Safari/537.36; compatible; OAI-SearchBot/1.3; +https://openai.com/searchbot
4	3	2	2	2	29445609	29452694	29469263	29442433	29452694	29469263	69889	Mozilla/5.0 (X11; Linux x86_64; rv:139.0) Gecko/20100101 Firefox/139.0
4	1	1	2	0	29460926	29460926	0	29460926	29460926	0	44259	Mozilla/5.0 (X11; Ubuntu; Linux x86_64; arm64) AppleWebKit/537.36 (KHTML, like Gecko) Safari/14.0.0.0 Safari/537.36
4	1	1	1	0	29465551	29465551	0	29465551	29465551	0	13609	Mozilla/5.0 (compatible; Thinkbot/0.5.8; +In_the_test_phase,_if_the_Thinkbot_brings_you_trouble,_please_block_its_IP_address._Thank_you.)
4	2	0	1	0	29462469	29462469	0	29462469	29462469	0	21239	Mozilla/5.0 (Macintosh; Intel Mac OS X 12_5) AppleWebKit/605.1.15 (KHTML, like Gecko) Version/15.4 Safari/605.1.15
4	1	1	0	0	29440557	0	0	29440557	0	0	9656	Mozilla/5.0 (iPhone; CPU iPhone OS 17_2 like Mac OS X) AppleWebKit/605.1.15 (KHTML, like Gecko) EdgiOS/120.0.2210.105 Version/17.0 Mobile/15E148 Safari/604.1
4	1	0	0	0	29460090	0	0	29460090	0	0	571732	ChatGPT/1.2025.350 (iOS 26.1; iPhone14,7; build 20387701780)
4	0	0	0	1	0	0	29438893	0	0	29438893	0	Mozilla/5.0 (iPhone; CPU iPhone OS 17_6_1 like Mac OS X) AppleWebKit/605.1.15 (KHTML, like Gecko) CriOS/131.0.6778.73 Mobile/15E148 Safari/604.1
4	2	0	12	4	29467813	29471176	29471176	29467097	29464196	29464196	14449	Mozilla/5.0 (Windows NT 10.0; WOW64) AppleWebKit/537.36 (KHTML, like Gecko) Chrome/48.0.2564.116 Safari/537.36
4	1	1	1	0	29468758	29468758	0	29468758	29468758	0	14536	Mozilla/5.0 (iPhone; CPU iPhone OS 14_0_1 like Mac OS X) AppleWebKit/605.1.15 (KHTML, like Gecko) Version/14.0 Mobile/15E148 Safari/604.1
4	0	0	0	1	0	0	29439964	0	0	29439964	0	Mozilla/5.0 (Macintosh; Intel Mac OS X 14_6_1) AppleWebKit/537.36 (KHTML, like Gecko) Chrome/127.0.6107.341 Safari/537.36
4	1	1	1	2	29459582	29459582	29448421	29459582	29459582	29442519	9565	Mozilla/5.0 (Windows NT 10.0; Win64; x64) AppleWebKit/537.36 (KHTML, like Gecko) Chrome/123.0.0.0 Safari/537.36
4	24	4	3	0	29448993	29448993	0	29440991	29448993	0	7437040	Mozilla/5.0 (Windows NT 10.0; Win64; x64) AppleWebKit/537.36 (KHTML, like Gecko) Chrome/79.0.3945.79 Safari/537.36
4	2	2	1	0	29463692	29463692	0	29443528	29463692	0	24000	Mozilla/5.0 (Linux; arm_64; Android 12; CPH2205) AppleWebKit/537.36 (KHTML, like Gecko) Chrome/110.0.0.0 YaBrowser/23.3.3.86.00 SA/3 Mobile Safari/537.36
4	2	2	27	19	29454742	29470044	29470044	29454742	29450592	29450592	82456	Mozilla/5.0 (Linux; Android 13; SM-G991U) AppleWebKit/537.36 (KHTML, like Gecko) Chrome/117.0.0.0 Mobile Safari/537.36
4	2	2	2	0	29470457	29470457	0	29470457	29470457	0	23750	Google-Adwords-Instant (+http://www.google.com/adsbot.html)
4	0	0	2	3	0	29463503	29463503	0	29453151	29448441	0	Mozilla/5.0 (Linux; Android 5.0) AppleWebKit/537.36 (KHTML, like Gecko) Mobile Safari/537.36 (compatible; Bytespider; https://zhanzhang.toutiao.com/)
4	736	236	99	11	29470802	29470802	29470802	29439140	29454714	29439140	102700651	Mozilla/5.0 (Macintosh; Intel Mac OS X 10_15_7) AppleWebKit/537.36 (KHTML, like Gecko) Chrome/136.0.0.0 Safari/537.36 Chrome-Lighthouse
4	0	0	0	2	0	0	29450004	0	0	29450004	0	Mozilla/5.0 (X11; Linux x86_64) AppleWebKit/537.36 (KHTML, like Gecko) Chrome/115.0.0.0 Safari/537.36
4	0	0	0	1	0	0	29439964	0	0	29439964	0	Mozilla/5.0 (Windows NT 10.0; Win64; x64) AppleWebKit/537.36 (KHTML, like Gecko) Chrome/125.0.8049.1 Safari/537.36
4	3	3	25	22	29454742	29470044	29470044	29438474	29450592	29438474	42630	Mozilla/5.0 (iPhone; CPU iPhone OS 17_0_3 like Mac OS X) AppleWebKit/605.1.15 (KHTML, like Gecko) Version/17.0.1 Mobile/15E148 Safari/604.1
4	11	1	4	0	29464676	29464676	0	29464676	29464676	0	1755499	Mozilla/5.0 (Windows NT 10.0; Win64; x64) AppleWebKit/537.36 (KHTML, like Gecko) Chrome/122.0.0.0 Safari/537.36 Edg/122.0.0.0
4	98	66	124	22	29469568	29469568	29468930	29441226	29441641	29442924	3979020	Mozilla/5.0 (Windows NT 10.0; Win64; x64) AppleWebKit/537.36 (KHTML, like Gecko) Chrome/130.0.0.0 Safari/537.36 CCleaner/130.0.0.0
4	3	3	7	0	29458522	29458522	0	29458293	29455039	0	34306	Mozilla/5.0 (iPhone; CPU iPhone OS 18_3_2 like Mac OS X) AppleWebKit/605.1.15 (KHTML, like Gecko) Version/18.3.1 Mobile/15E148 Safari/604.1
4	0	0	4	0	0	29465512	0	0	29460022	0	0	Mozilla/5.0 (X11; CrOS x86_64 14541.0.0) AppleWebKit/537.36 (KHTML, like Gecko) Chrome/134.0.0.0 Safari/537.36
4	2	1	27	18	29454742	29470043	29470043	29454742	29450592	29450592	82816	Mozilla/5.0 (Linux; Android 11; CPH2251) AppleWebKit/537.36 (KHTML, like Gecko) Chrome/116.0.0.0 Mobile Safari/537.36
4	0	0	0	1	0	0	29440011	0	0	29440011	0	Mozilla/5.0 (Linux; Android 10; SM-G975F) AppleWebKit/537.36 (KHTML, like Gecko) Chrome/85.0.4183.127 Mobile Safari/537.36
4	0	0	1	0	0	29449328	0	0	29449328	0	0	Mozilla/5.0 (Windows; U; Windows NT 5.2; ru; rv:1.9.2.11) Gecko/20101012 Firefox/3.6.11
4	1	0	1	0	29459298	29459298	0	29459298	29459298	0	971	Mozilla/5.0 (Macintosh; Intel Mac OS X 10_15_7) AppleWebKit/605.1.15 (KHTML, like Gecko) Version/16.6.1 Safari/605.1.15
4	0	0	0	1	0	0	29445046	0	0	29445046	0	Mozilla/5.0 (Macintosh; Intel Mac OS X 10_6_8) AppleWebKit/534.59.10 (KHTML, like Gecko) Version/5.1.9 Safari/534.59.10
4	26	26	10	4	29455656	29455656	29438969	29440522	29449757	29438930	272556	Mozilla/5.0 (Windows NT 10.0; Win64; x64) AppleWebKit/537.36 (KHTML, like Gecko) Chrome/94.0.4606.61 Safari/537.36
4	2	2	38	0	29457038	29457024	0	29442609	29457024	0	21862	Mozilla/5.0 (compatible; intelx.io_bot +https://intelx.io)
4	11	7	6	0	29468258	29468256	0	29460570	29468153	0	195682	req/v3 (https://github.com/imroc/req)
4	41	5	8	0	29456240	29456240	0	29442871	29452273	0	16886856	Mozilla/5.0 (Windows NT 6.3; Win64; x64) AppleWebKit/537.36 (KHTML, like Gecko) Chrome/77.0.3865.120 Safari/537.36 (compatible; PagePeeker/3.0; +https://pagepeeker.com/robots/)
4	0	0	0	4	0	0	29468494	0	0	29463942	0	Mozilla/5.0 (Linux; Android 6.0.1; Nexus 5X Build/MMB29P) AppleWebKit/537.36 (KHTML, like Gecko) Chrome/143.0.7499.169 Mobile Safari/537.36 (compatible; AdsBot-Google-Mobile; +http://www.google.com/mobile/adsbot.html)
4	0	0	1	0	0	29455123	0	0	29455123	0	0	Mozilla/5.0 (iPhone; CPU iPhone OS 10_0_2 like Mac OS X) AppleWebKit/602.1.50 (KHTML, like Gecko) Mobile/14A456 MicroMessenger/6.7.2 NetType/WIFI Language/zh_CN
4	0	0	0	1	0	0	29438735	0	0	29438735	0	Mozilla/5.0 (X11; Ubuntu; Linux x86_64) AppleWebKit/537.36 (KHTML, like Gecko) Chrome/122.0.6261.57 Safari/537.36
4	1	1	0	0	29441223	0	0	29441223	0	0	9718	Mozilla/5.0 (Windows NT 10.0; Win64; x64) AppleWebKit/537.36 (KHTML, like Gecko) HeadlessChrome/131.0.0.0 Safari/537.36
4	5	2	1	5	29451131	29451131	29439624	29439624	29451131	29439624	227949	Mozilla/5.0 (Windows NT 10.0; Win64; x64) AppleWebKit/537.36 (KHTML, like Gecko) Chrome/122.0.0.0 Safari/537.36
4	0	0	0	1	0	0	29439964	0	0	29439964	0	Mozilla/5.0 (Windows NT 11.0; Win64; x64) AppleWebKit/537.36 (KHTML, like Gecko) Chrome/131.0.7185.25 Safari/537.36
4	20	7	5	0	29461926	29461926	0	29440331	29440334	0	1477853	Mozilla/5.0 (Windows NT 10.0; Win64; x64) AppleWebKit/537.36 (KHTML, like Gecko) Chrome/143.0.0.0 Safari/537.36 Edg/143.0.0.0
4	0	0	3	3	0	29470062	29470062	0	29466662	29466662	0	Mozilla/5.0 (X11; Linux x86_64) AppleWebKit/537.36 (KHTML, like Gecko) Chrome/114.0.0.0 Safari/537.36
4	0	0	0	1	0	0	29439964	0	0	29439964	0	Mozilla/5.0 (X11; Linux x86_64) AppleWebKit/537.36 (KHTML, like Gecko) Chrome/131.0.8961.349 Safari/537.36
4	0	0	1	0	0	29456536	0	0	29456536	0	0	Mozilla/5.0 (Linux; U; Android 7.0; zh-cn; SM-C7000 Build/NRD90M) AppleWebKit/537.36 (KHTML, like Gecko)Version/4.0 Chrome/37.0.0.0 MQQBrowser/8.0 Mobile Safari/537.36
4	1	1	0	0	29439209	0	0	29439209	0	0	0	Mozilla/5.0 (Linux; Android 10; K) AppleWebKit/537.36 (KHTML, like Gecko) Chrome/131.0.0.0 Mobile Safari/537.36
4	0	0	0	1	0	0	29450004	0	0	29450004	0	Mozilla/5.0 (compatible; Bingbot/2.0; +http://www.bing.com/bingbot.htm)
4	1	1	3	0	29457769	29457769	0	29457769	29457769	0	11435	Mozilla/5.0 (Macintosh; Intel Mac OS X 14_3) AppleWebKit/537.36 (KHTML, like Gecko) Chrome/121.0.0.0 Safari/537.36
4	2	2	2	0	29453618	29453618	0	29453618	29453618	0	21952	Mozilla/5.0 (Linux; Android 10; SKW-A0 Build/SKYW2001202CN00MQ0; wv) AppleWebKit/537.36 (KHTML, like Gecko) Version/4.0 Chrome/76.0.3809.89 Mobile Safari/537.36 T7/11.20 SP-engine/2.16.0 baiduboxapp/11.20.0.14 (Baidu; P1 10)
4	0	0	0	1	0	0	29442216	0	0	29442216	0	Mozilla/5.0 (SymbianOS/9.2; U; Series60/3.1 Nokia6120c/3.70; Profile/MIDP-2.0 Configuration/CLDC-1.1) AppleWebKit/413 (KHTML, like Gecko) Safari/413
4	6	0	0	0	29462377	0	0	29460730	0	0	46502	Mozilla/5.0 (Windows NT 10.0; Win64; x64) AppleWebKit/537.36 (KHTML, like Gecko) Chrome/101.0.4951.67 Safari/537.36
4	0	0	1	1	0	29442749	29442749	0	29442749	29442749	0	Mozilla/5.0 (Macintosh; Intel Mac OS X 10.15) Gecko/20100101 Firefox/122.0
4	151	9	63	3	29471357	29471357	29465627	29461505	29461505	29464564	15767709	Mozilla/5.0 (compatible; AhrefsBot/7.0; +http://ahrefs.com/robot/)
4	0	0	1	1	0	29468774	29468774	0	29468774	29468774	0	Mozilla/5.0 (Macintosh; Intel Mac OS X 10_15_7) AppleWebKit/605.1.15 (KHTML, like Gecko) Version/15.6.1 Safari/605.1.15
4	5	5	2	0	29453437	29453437	0	29443978	29453068	0	53530	Mozilla/5.0 (Windows NT 10.0; Win64; x64) AppleWebKit/537.36 (KHTML, like Gecko) Chrome/86.0.4240.75 Safari/537.36
4	0	0	1	1	0	29441860	29441860	0	29441860	29441860	0	Mozilla/5.0 (X11; Ubuntu; Linux x86_64) AppleWebKit/537.36 (KHTML, like Gecko) Chrome/121.0.6167.85 Safari/537.36
4	2	1	0	0	29443272	0	0	29443272	0	0	17380	Mozilla/5.0 (X11; Linux i686) AppleWebKit/537.36 (KHTML, like Gecko) Chrome/114.0.0.0 Safari/537.36 Vivaldi/5.3.2679.68
4	1	1	1	0	29457023	29457023	0	29457023	29457023	0	11437	Mozilla/5.0 (X11; Linux x86_64) AppleWebKit/537.36 (KHTML, like Gecko) Chrome/85.0.4183.83 Safari/537.36
4	12	4	0	5	29446940	0	29446940	29439674	0	29438888	3020015	Mozilla/5.0 (Macintosh; Intel Mac OS X 10_15_7) AppleWebKit/537.36 (KHTML, like Gecko) Chrome/125.0.0.0 Safari/537.36
4	0	0	2	1	0	29451676	29451676	0	29451676	29451676	0	Mozilla/5.0 (Windows NT 10.0; WOW64) AppleWebKit/537.36 (KHTML, like Gecko) Chrome/108.0.5359.95 Safari/537.36 QIHU 360SE
4	0	0	0	1	0	0	29438565	0	0	29438565	0	Mozilla/5.0 (Linux; Android 10; ONEPLUS A6013) AppleWebKit/537.36 (KHTML, like Gecko) Chrome/86.0.4240.99 Mobile Safari/537.36
4	2	1	1	0	29466885	29466885	0	29466885	29466885	0	89564	Mozilla/5.0 (Windows NT 6.3; Win64; x64) AppleWebKit/537.36 (KHTML, like Gecko) Chrome/103.0.5060.53 Safari/537.36
4	1	1	0	3	29439653	0	29439654	29439653	0	29439653	7785	Mozilla/5.0 (Windows NT 10.0; Win64; x64) AppleWebKit/537.36 (KHTML, like Gecko) Chrome/121.0.0.0 Safari/537.36
4	0	0	1	0	0	29459299	0	0	29459299	0	0	Mozilla/5.0 (Windows NT 10.0; Win64; x64) AppleWebKit/537.36 (KHTML, like Gecko) Chrome/120.0.0.0 Safari/537.36 Edg/120.0.2210.133
4	9	3	0	0	29446002	0	0	29446002	0	0	2309254	Mozilla/5.0 (Linux; Android 9; Mi A2 Lite) AppleWebKit/537.36 (KHTML, like Gecko) Chrome/80.0.3987.132
4	1	1	10	4	29458522	29465720	29465720	29458522	29458522	29463892	11439	Mozilla/5.0 (Macintosh; Intel Mac OS X 10_15_7) AppleWebKit/605.1.15 (KHTML, like Gecko) Version/18.3.1 Safari/605.1.15
4	0	0	2	5	0	29465123	29465123	0	29453602	29442083	0	Bidtellect/0.0.0.0
4	0	0	0	5	0	0	29440469	0	0	29440464	0	Mozilla/5.0 (Windows NT 10.0; Win64; x64; rv:109.0) Gecko/20100101 Firefox/121.0
4	33	9	0	0	29448960	0	0	29448951	0	0	165672	RankMath/SaaS Mozilla/5.0 (X11; Linux x86_64) AppleWebKit/537.36 (KHTML, like Gecko) Chrome/106.0.0.0 Safari/537.36
4	8	1	0	0	29440946	0	0	29440946	0	0	868691	recon (github.com/jimmysawczuk/recon; similar to Facebot, facebookexternalhit/1.1)
4	1	0	1	0	29459299	29459299	0	29459299	29459299	0	971	Mozilla/5.0 (Macintosh; Intel Mac OS X 11_7_2) AppleWebKit/605.1.15 (KHTML, like Gecko) Version/17.1 Safari/605.1.15
4	2	1	0	0	29470800	0	0	29470800	0	0	14602	kangaroo
4	8	5	5	0	29461784	29461784	0	29460918	29460918	0	201942	DuckDuckBot/1.1; (+http://duckduckgo.com/duckduckbot.html)
4	0	0	0	1	0	0	29439964	0	0	29439964	0	Mozilla/5.0 (Windows NT 11.0; Win64; x64) AppleWebKit/537.36 (KHTML, like Gecko) Chrome/123.0.5154.758 Safari/537.36
4	42	31	26	3	29461919	29462283	29462468	29439590	29441328	29441328	397020	Mozilla/5.0 (Linux; Android 6.0.1; Nexus 5X Build/MMB29P) AppleWebKit/537.36 (KHTML, like Gecko) Chrome/141.0.7390.122 Mobile Safari/537.36 (compatible; Googlebot/2.1; +http://www.google.com/bot.html)
4	0	0	0	1	0	0	29439421	0	0	29439421	0	Mozilla/5.0 (X11; CrOS x86_64 14541.0.0) AppleWebKit/537.36 (KHTML, like Gecko) Chrome/132.0.0.0 Safari/537.36
4	2	1	0	0	29470799	0	0	29470799	0	0	14605	webzio
4	13	3	8	2	29462296	29462296	29462296	29460865	29460865	29462288	2144112	Mozilla/5.0 (iPhone; CPU iPhone OS 18_7 like Mac OS X) AppleWebKit/605.1.15 (KHTML, like Gecko) Version/26.2 Mobile/15E148 Safari/604.1
4	2	1	0	0	29470799	0	0	29470799	0	0	14603	Mozilla/5.0 (compatible; FacebookBot/1.0; +https://developers.facebook.com/docs/sharing/webmasters/facebookbot/)
4	6	0	3	0	29470652	29469386	0	29467893	29468709	0	61420	Mozilla/5.0 (Linux; Android 6.0.1; Nexus 5X Build/MMB29P) AppleWebKit/537.36 (KHTML, like Gecko) Chrome/143.0.7499.192 Mobile Safari/537.36 (compatible; Googlebot/2.1; +http://www.google.com/bot.html)
4	0	0	0	1	0	0	29439964	0	0	29439964	0	Mozilla/5.0 (X11; Linux x86_64) AppleWebKit/537.36 (KHTML, like Gecko) Chrome/133.0.9243.658 Safari/537.36
4	8	8	40	72	29464057	29464057	29464057	29440950	29449384	29440950	317718	Mozilla/5.0 (Windows NT 10.0; Win64; x64) AppleWebKit/537.36 (KHTML, like Gecko) Chrome/80.0.3987.149 Safari/537.36
4	6	6	3	5	29458551	29458551	29440471	29439653	29450279	29439654	44824	Mozilla/5.0 (Windows NT 10.0; Win64; x64) AppleWebKit/537.36 (KHTML, like Gecko) Chrome/120.0.0.0 Safari/537.36
4	1	1	0	10	29439654	0	29440470	29439654	0	29439653	7784	Mozilla/5.0 (Windows NT 10.0; Win64; x64) AppleWebKit/537.36 (KHTML, like Gecko) Chrome/119.0.0.0 Safari/537.36
4	2	2	8	5	29452780	29470874	29470270	29440712	29452780	29439533	18955	Mozilla/5.0 (Windows NT 10.0; Win64; x64) AppleWebKit/537.36
4	2	1	0	0	29470799	0	0	29470799	0	0	14603	cohere-training-data-crawler
4	1	1	0	0	29440648	0	0	29440648	0	0	9661	Mozilla/5.0 (Linux; U; Android 6.0.1; zh-cn; Redmi Note 3 Build/MMB29M) AppleWebKit/537.36 (KHTML, like Gecko) Version/4.0 Chrome/61.0.3163.128 Mobile Safari/537.36 XiaoMi/MiuiBrowser/10.0.2
4	0	0	0	1	0	0	29439964	0	0	29439964	0	Mozilla/5.0 (Macintosh; Intel Mac OS X 10_15_7) AppleWebKit/537.36 (KHTML, like Gecko) Chrome/130.0.5795.181 Safari/537.36
4	0	0	0	3	0	0	29450004	0	0	29450004	0	Mozilla/5.0 (Macintosh; Intel Mac OS X 10_15_7) AppleWebKit/605.1.15 (KHTML, like Gecko) Version/15.1 Safari/605.1.15
4	1	1	0	0	29440355	0	0	29440355	0	0	34368	Next Generation Secure Load Balancer at https://www.relianoid.com
4	0	0	0	1	0	0	29442215	0	0	29442215	0	Mozilla/5.0 (Windows NT 10.0; WOW64) AppleWebKit/537.36 (KHTML, like Gecko) Chrome/78.0.3880.4 Safari/537.36
4	9	1	1	0	29466328	29466327	0	29466327	29466327	0	240645	Google-Safety
4	21	1	0	0	29464314	0	0	29441094	0	0	218317	Mozilla/5.0 (Linux; Android 6.0.1; Nexus 5X Build/MMB29P) AppleWebKit/537.36 (KHTML, like Gecko) Chrome/141.0.7390.122 Mobile Safari/537.36 (compatible; Google-InspectionTool/1.0;)
4	0	0	1	1	0	29453787	29453787	0	29453787	29453787	0	Mozilla/5.0 (Windows NT 6.2; x86) AppleWebKit/537.36 (KHTML, like Gecko) Chrome/102.0.0.0 Safari/537.36
4	11	2	3	0	29464818	29464818	0	29464818	29464818	0	1126167	Mozilla/5.0 (Linux; Android 13; SM-A037U) AppleWebKit/537.36 (KHTML, like Gecko) Chrome/140.0.0.0 Mobile Safari/537.36
4	0	0	7	2	0	29464794	29464794	0	29460509	29463972	0	Mozilla/5.0 (Macintosh; Intel Mac OS X 10_15_7) AppleWebKit/605.1.15 (KHTML, like Gecko) Version/18.4 Safari/605.1.15
4	3	3	3	0	29464179	29464179	0	29456509	29456509	0	36490	Mozilla/5.0 (Windows NT 10.0; Win64; x64) AppleWebKit/537.36 (KHTML, like Gecko) Chrome/114.0.0.0 Safari/537.36 Edg/114.0.1823.51
4	2	2	3	1	29467057	29467057	29467057	29441999	29467057	29467057	24347	Mozilla/5.0 (Windows NT 10.0; Win64; x64) Chrome/120.0 Safari/537.36
4	3	0	1	0	29468803	29468803	0	29468803	29468803	0	122633	Mozilla/5.0 (Linux; Android 6.0.1; Nexus 5X Build/MMB29P) AppleWebKit/537.36 (KHTML, like Gecko) Chrome/143.0.7499.169 Mobile Safari/537.36 (compatible; Google-InspectionTool/1.0)
4	1	0	0	0	29466658	0	0	29466658	0	0	571732	ChatGPT/1.2025.357 (iOS 26.2; iPhone16,1; build 20542305910)
4	1	1	0	0	29438492	0	0	29438492	0	0	701	Slackbot-LinkExpanding 1.0 (+https://api.slack.com/robots)
4	4	1	1	0	29451574	29451574	0	29451574	29451574	0	44361	Mozilla/5.0 (Windows NT 10.0; Win64; x64; rv:123.0) Gecko/20100101 Firefox/123
4	4	0	1	0	29471298	29467925	0	29447364	29467925	0	284	Mozilla/5.0 (Windows NT 10.0; Win64; x64) AppleWebKit/537.36 (KHTML, like Gecko) Chrome/114.0.0.0 Safari/537.36 Edg/114.0.1823.43
4	0	0	0	4	0	0	29450004	0	0	29450004	0	Mozilla/5.0 (iPhone; CPU iPhone OS 16_4 like Mac OS X) AppleWebKit/605.1.15 (KHTML, like Gecko) Version/16.4 Mobile/15E148 Safari/604.1
4	4	1	1	0	29452285	29452285	0	29452285	29452285	0	44363	Mozilla/5.0 (Linux; Android 14; SM-S901B) AppleWebKit/537.36 (KHTML, like Gecko) Chrome/120.0.6099.280 Mobile Safari/537.36 OPR/80.4.4244.7786
4	4	1	7	2	29470067	29469295	29469295	29457192	29457192	29462705	31347	Mozilla/5.0 (Macintosh; Intel Mac OS X 10_15_7) AppleWebKit/537.36 (KHTML, like Gecko) Chrome/123.0.0.0 Safari/537.36
4	1	0	1	0	29460827	29468258	0	29460827	29468258	0	571732	Mozilla/5.0 (iPhone; CPU iPhone OS 18_0_1 like Mac OS X) AppleWebKit/605.1.15 (KHTML, like Gecko) Version/18.0.1 Mobile/15E148 Safari/604.1
4	1	1	2	0	29455559	29455559	0	29455559	29455559	0	41228	Mozilla/5.0 (X11; Ubuntu; Linux x86_64; x86) AppleWebKit/537.36 (KHTML, like Gecko) Chrome/105.0.0.0 Safari/537.36
4	2	2	0	0	29442673	0	0	29442111	0	0	75387	Mozilla/5.0 (Windows NT 10.0; Win64; x64) AppleWebKit/537.36 (KHTML, like Gecko) Chrome/134.0.0.0 Safari/537.3
4	0	0	1	0	0	29469321	0	0	29469321	0	0	Opera/9.87.(Windows NT 5.2; brx-IN) Presto/2.9.185 Version/12.00
4	2	2	21	13	29454742	29470044	29470044	29454741	29450592	29450592	82456	Mozilla/5.0 (iPad; CPU OS 17_0_3 like Mac OS X) AppleWebKit/605.1.15 (KHTML, like Gecko) Version/17.0.1 Mobile/15E148 Safari/604.1
4	1	1	0	0	29466328	0	0	29466328	0	0	11347	Mozilla/5.0 (Linux; Android 6.0.1; Nexus 5X Build/MMB29P) AppleWebKit/537.36 (KHTML, like Gecko) Chrome/41.0.2272.96 Mobile Safari/537.36 (compatible; Google-Safety; +http://www.google.com/bot.html)
4	1	1	1	0	29449934	29449934	0	29449934	29449934	0	40339	Mozilla/5.0 (Macintosh; Intel Mac OS X 10_10_5) AppleWebKit/537.36 (KHTML, like Gecko) Chrome/43.0.2357.132 Safari/537.36
4	1	1	2	1	29450577	29450577	29450577	29450577	29450577	29450577	9104	Mozilla/5.0 (X11; Ubuntu; Linux i686; rv:114.0) Gecko/20100101 Firefox/114.0
4	12	2	1	0	29450029	29450029	0	29450029	29450029	0	122867	Mozilla/5.0 (compatible; Siteliner/1.0; +http://www.siteliner.com/bot)
4	44	27	24	4	29458776	29458776	29441035	29439192	29449323	29440677	1037400	Dalvik/2.1.0 (Linux; U; Android 9.0; ZTE BA520 Build/MRA58K)
4	3	1	2	0	29457058	29457058	0	29457057	29457057	0	31047	Mozilla/5.0 (Macintosh; Intel Mac OS X 12_5) AppleWebKit/537.36 (KHTML, like Gecko) Chrome/114.0.0.0 Safari/537.36
4	0	0	0	1	0	0	29442332	0	0	29442332	0	Mozilla/5.0 (iPad; CPU OS 8_4_1 like Mac OS X) AppleWebKit/600.1.4 (KHTML, like Gecko) Version/8.0 Mobile/12H321 Safari/600.1.4
4	3	3	2	0	29464824	29464824	0	29444521	29454680	0	34983	Mozilla/5.0 (X11; Linux x86_64) AppleWebKit/537.36 (KHTML, like Gecko) Chrome/51.0.2704.103 Safari/537.36
4	0	0	1	1	0	29466010	29466010	0	29466010	29466010	0	Mozilla/5.0 (Macintosh; Intel Mac OS X 10_15_7) AppleWebKit/605.1.15 (KHTML, like Gecko) Version/16.3 Safari/605.1.15
4	0	0	0	2	0	0	29440470	0	0	29440466	0	Mozilla/5.0 (Windows NT 10.0; Win64; x64; rv:109.0) Gecko/20100101 Firefox/120.0
4	2	2	21	13	29454742	29470044	29470044	29454741	29450592	29450592	82456	Mozilla/5.0 (iPad; CPU OS 16_7_2 like Mac OS X) AppleWebKit/605.1.15 (KHTML, like Gecko) Version/16.6 Mobile/15E148 Safari/604.1
4	1	0	0	0	29460967	0	0	29460967	0	0	10821	Mozilla/5.0 (Windows NT 10.0; Win64; x64; Valve Steam Client/default/1690583737) AppleWebKit/537.36 (KHTML, like Gecko) Chrome/85.0.4183.121 Safari/537.36
4	1	1	0	0	29439719	0	0	29439719	0	0	0	Mozilla/5.0 (Linux; Android 6.0; Nexus 5 Build/MRA58N) AppleWebKit/537.36 (KHTML, like Gecko) Chrome/123.0.0.0 Mobile Safari/537.36
4	1	1	0	0	29439519	0	0	29439519	0	0	9529	Mozilla/5.0 (Macintosh; Intel Mac OS X 10_15_7) AppleWebKit/537.36 (KHTML, like Gecko) Chrome/122.0.0.0 Safari/537.36
4	120	60	52	0	29471364	29470766	0	29446334	29449289	0	601225	Mozilla/5.0 (compatible; MJ12bot/v2.0.4; http://mj12bot.com/)
4	2	0	2	1	29456711	29463735	29463735	29440341	29456711	29463735	1942	Mozilla/5.0 (Windows NT 10.0; Win64; x64) Gecko/20100101 Firefox/121.0
4	8	2	0	0	29467904	0	0	29444160	0	0	63536	Mozilla/5.0 (compatible; ips-agent)
4	12	4	2	1	29469432	29469169	29468913	29463623	29464393	29468913	131805	Mozilla/5.0 (Linux; Android 6.0.1; Nexus 5X Build/MMB29P) AppleWebKit/537.36 (KHTML, like Gecko) Chrome/143.0.7499.169 Mobile Safari/537.36 (compatible; Googlebot/2.1; +http://www.google.com/bot.html)
4	2	1	0	0	29470799	0	0	29470799	0	0	14605	CCBot/2.0
4	5	1	0	1	29438757	0	29438757	29438757	0	29438757	4517	Mozilla/5.0 (Macintosh; Intel Mac OS X 10_15_7) AppleWebKit/537.36 (KHTML, like Gecko) Chrome/143.0.7499.146 Safari/537.36
4	1	1	1	0	29470471	29470471	0	29470471	29470471	0	11839	Mozilla/5.0 (X11; Linux x86_64; rv:83.0) Gecko/20100101 Firefox/83.0
4	6	6	7	0	29467945	29469163	0	29439893	29452914	0	9619	python-requests/2.32.5
4	0	0	0	1	0	0	29467111	0	0	29467111	0	Mozilla/5.0184010163 Mozilla/5.0 (Windows NT 6.1; Win64; x64; rv:57.0) Gecko/20100101 Firefox/57.0
4	0	0	1	1	0	29465804	29465804	0	29465804	29465804	0	Mozilla/5.0 (Macintosh; Intel Mac OS X 10.15; rv:137.0) Gecko/20100101 Firefox/137.0
4	1	1	0	2	29442793	0	29439654	29442793	0	29439654	10382	Mozilla/5.0 (Macintosh; Intel Mac OS X 10_15_7) AppleWebKit/537.36 (KHTML, like Gecko) Chrome/121.0.0.0 Safari/537.36
4	3	1	2	0	29451655	29451655	0	29448928	29451654	0	107905	Ruby
4	8	3	6	2	29470288	29469195	29469195	29441022	29457158	29468319	74893	Mozilla/5.0 (Windows NT 10.0; Win64; x64) AppleWebKit/537.36 (KHTML, like Gecko) Chrome/116.0.0.0 Safari/537.36
4	114	0	44	0	29470661	29470661	0	29441094	29458912	0	36443248	Mozilla/5.0 (Linux; Android 6.0.1; Nexus 5X Build/MMB29P) AppleWebKit/537.36 (KHTML, like Gecko) Chrome/141.0.7390.122 Mobile Safari/537.36 (compatible; Google-InspectionTool/1.0)
4	0	0	0	1	0	0	29450004	0	0	29450004	0	Mozilla/5.0 (Windows NT 10.0; Win64; x64; rv:108.0) Gecko/20100101 Firefox/108.0
4	0	0	0	1	0	0	29448326	0	0	29448326	0	Mozilla/5.0 (Linux; Android 10; K) AppleWebKit/537.36 (KHTML, like Gecko) Chrome/141.0.0.0 Mobile Safari/537.36
4	14	14	11	0	29471398	29471398	0	29442870	29452997	0	614454	Mozilla/5.0 (Windows NT 10.0; Win64; x64) AppleWebKit/537.36 (KHTML, like Gecko) Chrome/101.0.4951.41 Safari/537.36
4	4	1	0	0	29446651	0	0	29446651	0	0	41910	Mozilla/5.0 (iPhone; CPU iPhone OS 17_3_1 like Mac OS X) AppleWebKit/605.1.15 (KHTML, like Gecko) Version/17.3.1 Mobile/15E148 Safari/604
4	0	0	1	0	0	29470325	0	0	29470325	0	0	Mozilla/5.0 (iPhone; CPU iPhone OS 2_2_1 like Mac OS X) AppleWebKit/533.0 (KHTML, like Gecko) FxiOS/18.2w9961.0 Mobile/27D885 Safari/533.0
4	105	21	72	36	29470663	29470661	29471205	29438988	29450309	29438608	217942	Mozilla/5.0 (compatible; Googlebot/2.1; +http://www.google.com/bot.html)
4	4	3	2	1	29440529	29440529	29440529	29440515	29440529	29440529	32396	Mozilla/5.0 (Windows NT 10.0; WOW64; x64) AppleWebKit/537.36 (KHTML, like Gecko) Chrome/114.0.0.0 Safari/537.36 OPR/89.0.4447.51
4	43	14	7	5	29462757	29461872	29461872	29440272	29440272	29452661	5316843	Mozilla/5.0 (X11; Linux x86_64) AppleWebKit/537.36 (KHTML, like Gecko) Chrome/143.0.0.0 Safari/537.36
4	2	2	3	0	29455818	29455818	0	29454989	29454344	0	21943	Python/3.11 aiohttp/3.11.11
4	1	0	1	0	29453593	29453593	0	29453593	29453593	0	46973	Mozilla/5.0 (Windows NT 7_2_1; Win64; x64) AppleWebKit/547.54 (KHTML, like Gecko) Chrome/98.0.80 Safari/537.36
4	1	0	0	0	29460360	0	0	29460360	0	0	571732	Mozilla/5.0 (Linux; Android 10; K) AppleWebKit/537.36 (KHTML, like Gecko) SamsungBrowser/29.0 Chrome/136.0.0.0 Mobile Safari/537.36
4	793	312	103	11	29470802	29470802	29470802	29439140	29454714	29439140	95745476	Mozilla/5.0 (Linux; Android 11; moto g power (2022)) AppleWebKit/537.36 (KHTML, like Gecko) Chrome/136.0.0.0 Mobile Safari/537.36 Chrome-Lighthouse
4	15	0	5	0	29467304	29467304	0	29450023	29450023	0	6233	Mozilla/92.0 (Windows NT 10.0; Win64; x64) AppleWebKit/537.36 (KHTML, like Gecko) Chrome/85.0.3112.113 Safari/14.1.2
4	1	1	3	0	29456913	29456913	0	29456913	29456913	0	9566	Mozilla/5.0 (Macintosh; Intel Mac OS X 13_6_1) AppleWebKit/605.1.15 (KHTML, like Gecko) Version/17.1 Safari/605.1.15
4	1	1	1	0	29465799	29465799	0	29465799	29465799	0	50648	Mozilla/5.0 (Macintosh; Intel Mac OS X 10_15_7)
4	0	0	1	1	0	29468002	29468002	0	29468002	29468002	0	Mozilla/5.0 (Macintosh; Intel Mac OS X 10_15_7; x86) AppleWebKit/537.36 (KHTML, like Gecko) Chrome/111.0.0.0 Safari/537.36
4	11	1	9	7	29469956	29469542	29464040	29448407	29455027	29440463	269074	Mozilla/5.0 (Macintosh; Intel Mac OS X 10_15_7) AppleWebKit/537.36 (KHTML, like Gecko) Chrome/120.0.0.0 Safari/537.36
4	19	3	12	4	29470509	29467755	29467755	29457332	29457332	29440122	662350	Mozilla/5.0 (Macintosh; Intel Mac OS X 10_15_7) AppleWebKit/537.36 (KHTML, like Gecko) Chrome/119.0.0.0 Safari/537.36
4	8	1	3	0	29450279	29450279	0	29450279	29450279	0	4524937	Mozilla/5.0 (Windows NT 10.0; Win64; x64) AppleWebKit/537.36 (KHTML, like Gecko) Chrome/140.0.7339.186 Safari/537.36
4	1	0	4	2	29446827	29470319	29470319	29446827	29449622	29449622	971	Mozilla/5.0 (Windows NT 10.0; Win64; x64; rv:118.0) Gecko/20100101 Firefox/118.0
4	2	2	0	1	29452253	0	29450004	29447914	0	29450004	21631	Mozilla/5.0 (Windows NT 10.0; Win64; x64) AppleWebKit/537.36 (KHTML, like Gecko) Chrome/115.0.0.0 Safari/537.36
4	4	1	4	0	29469679	29469679	0	29469679	29469679	0	62374	Mozilla/5.0 (Macintosh; Intel Mac OS X 10_7_0) AppleWebKit/535.11 (KHTML, like Gecko) Chrome/17.0.963.56 Safari/535.11
4	2	2	25	18	29454742	29470044	29470044	29454741	29450592	29450592	82456	Mozilla/5.0 (Linux; Android 12; 2201116SG) AppleWebKit/537.36 (KHTML, like Gecko) Chrome/116.0.0.0 Mobile Safari/537.36
4	1	1	15	0	29457656	29457656	0	29457656	29457656	0	42351	Mozilla/5.0 (Windows NT 10.0; Win64; x64) AppleWebKit/537.36 (KHTML, like Gecko) Chrome/79.0 Safari/537.36
4	0	0	7	7	0	29466412	29466412	0	29451560	29451560	0	Mozilla/5.0 (Macintosh; Intel Mac OS X 10.15; rv:77.0) Gecko/20100101 Firefox/77.0
4	1	1	1	0	29457330	29457329	0	29457330	29457329	0	11437	RecordedFuture Global Inventory Crawler
4	2	2	0	3	29439654	0	29439654	29439653	0	29439653	15568	Mozilla/5.0 (Windows NT 10.0; Win64; x64; rv:122.0) Gecko/20100101 Firefox/122.0
4	8	6	14	0	29460336	29469834	0	29440944	29452423	0	258688	Mozilla/5.0 (X11; Linux x86_64) AppleWebKit/537.36 (KHTML, like Gecko) Chrome/142.0.0.0 Safari/537.36
4	15	1	2	0	29468615	29468615	0	29468615	29468615	0	644083	Mozilla/5.0 (X11; Linux x86_64) AppleWebKit/537.36 (KHTML, like Gecko) HeadlessChrome/143.0.7499.169 Safari/537.36
4	30	2	4	2	29471398	29471398	29471398	29471395	29471395	29471395	2957056	Mozilla/5.0 (Windows NT 10.0; Win64; x64) AppleWebKit/537.36 (KHTML, like Gecko) Chrome/142.0.7444.163 Safari/537.36
4	0	0	27	16	0	29471242	29471242	0	29459504	29439840	0	Mozilla/5.0 (Windows NT 10.0; Win64; x64) AppleWebKit/537.36 (KHTML, like Gecko) Chrome/135.0.0.0 Safari/537.36 Edg/135.0.0.0
4	32	8	56	0	29466900	29469953	0	29438651	29449108	0	185067	Mozilla/5.0
4	0	0	1	0	0	29468154	0	0	29468154	0	0	Mozilla/5.0 (iPhone; CPU iPhone OS 18_0_1 like Mac OS X) AppleWebKit/605.1.15 (KHTML, like Gecko) Version/18.0 YaBrowser/25.12.1.712.10 SA/3 Mobile/15E148 Safari/604.1
4	6	5	33	17	29469939	29470044	29470044	29454741	29450593	29450593	259776	Mozilla/5.0 (iPhone; CPU iPhone OS 17_1_1 like Mac OS X) AppleWebKit/605.1.15 (KHTML, like Gecko) Version/17.1 Mobile/15E148 Safari/604.1
4	1	0	1	1	29470444	29464743	29464744	29470444	29464743	29464744	10250	Mozilla/5.0 (X11; CrOS x86_64 14541.0.0) AppleWebKit/537.36 (KHTML, like Gecko) Chrome/126.0.0.0 Safari/537.36
4	2	1	0	0	29460967	0	0	29460697	0	0	21051	Mozilla/5.0 (X11; Linux x86_64; Storebot-Google/1.0) AppleWebKit/537.36 (KHTML, like Gecko) Chrome/79.0.3945.88 Safari/537.36
4	18	2	6	0	29455557	29455557	0	29455552	29455552	0	10318469	Mozilla/5.0 (Linux; Android 10; K) AppleWebKit/537.36 (KHTML, like Gecko) Chrome/144.0.0.0 Mobile Safari/537.36
4	2	1	0	0	29470800	0	0	29470799	0	0	14600	Mozilla/5.0 (compatible; Onespot-ScraperBot/1.0; +https://www.onespot.com/identifying-traffic.html)
4	0	0	0	1	0	0	29439964	0	0	29439964	0	Mozilla/5.0 (Macintosh; Intel Mac OS X 14_6_1) AppleWebKit/537.36 (KHTML, like Gecko) Chrome/128.0.8628.751 Safari/537.36
4	2	2	1	0	29469160	29469160	0	29469160	29469160	0	106332	Mozilla/5.0 (Windows NT 10.0; Win64; x64; rv:128.0) Gecko/20100101 Firefox/128.0
4	5	5	2	0	29461537	29450021	0	29450020	29450020	0	60555	Mozilla/5.0 (compatible; PHP cURL)
4	1	0	1	0	29470319	29470319	0	29470319	29470319	0	971	Mozilla/5.0 (Macintosh; Intel Mac OS X 10_15_7) AppleWebKit/537.36 (KHTML, like Gecko) Chrome/118.0.0.0 Safari/537.36
4	1	1	0	0	29439197	0	0	29439197	0	0	9527	Mozilla/5.0 (iPhone; CPU iPhone OS 9_1 like Mac OS X) AppleWebKit/601.1.46 (KHTML, like Gecko) Version/9.0 Mobile/13B143 Safari/601.1
4	1	1	1	0	29458293	29458293	0	29458293	29458293	0	11440	Mozilla/5.0 (iPhone; CPU iPhone OS 18_4 like Mac OS X) AppleWebKit/605.1.15 (KHTML, like Gecko) Version/18.4 Mobile/15E148 Safari/604.1
4	2	0	1	0	29465604	29465604	0	29465604	29465604	0	21313	Mozilla/5.0 (Windows NT 10.0; Win64; x64) AppleWebKit/537.36 (KHTML, like Gecko) Chrome/114.0.0.0 Safari/537.36
4	0	0	2	1	0	29450283	29450283	0	29450283	29450283	0	Mozilla/5.0 (Macintosh; Intel Mac OS X 10.15) Gecko/20100101 Firefox/119.0.1
4	3	1	0	0	29439194	0	0	29439194	0	0	715403	Mozilla/5.0 (iPhone; CPU iPhone OS 16_6_1 like Mac OS X) AppleWebKit/605.1.15 (KHTML, like Gecko) Version/16.5 Mobile/15E148 Safari/604.1
4	1	1	1	0	29460911	29460911	0	29460911	29460911	0	9758	Mozilla/5.0 (iPhone; CPU iPhone OS 18_0 like Mac OS X) AppleWebKit/605.1.15 (KHTML, like Gecko) Version/18.4 Mobile/15E148 Safari/604.1
4	1	1	0	0	29440355	0	0	29440355	0	0	34368	Mozilla/5.0 (X11; Linux x86_64; rv:45.0) Gecko/20100101 Firefox/45.0
4	1	0	0	0	29462915	0	0	29462915	0	0	571732	ChatGPT/1.2025.350 (Android 16; SM-A346B; build 2535707)
4	1	0	1	0	29465879	29465879	0	29465879	29465879	0	971	Mozilla/5.0 (Macintosh; Intel Mac OS X 13_6_1; rv:118.0) Gecko/20100101 Firefox/118.0
4	3	3	0	0	29467111	0	0	29440646	0	0	34176	Mozilla/5.0 (Linux; Android 6.0; Nexus 5 Build/MRA58N) AppleWebKit/537.36 (KHTML, like Gecko) Chrome/55.0.2883.87 Mobile Safari/537.36
4	1	1	0	0	29442069	0	0	29442069	0	0	36833	Mozilla/5.0 (Windows NT 6.1; WOW64; Trident/7.0; EIE11;ENUSMSN; rv:11.0) like Gecko
4	4	4	31	16	29454742	29470044	29470044	29454741	29450592	29450592	164912	Mozilla/5.0 (Linux; Android 14; Pixel 8 Pro) AppleWebKit/537.36 (KHTML, like Gecko) Chrome/119.0.0.0 Mobile Safari/537.36
4	1	1	0	0	29440539	0	0	29440539	0	0	9681	Mozilla/5.0 (iPad; CPU OS 18_5_0 like Mac OS X) AppleWebKit/605.1.15 (KHTML, like Gecko) CriOS/138.0.7204.156 Mobile/15E148 Safari/604.1
4	4	2	0	0	29464681	0	0	29443024	0	0	0	python-requests/2.31.0
4	0	0	1	0	0	29453588	0	0	29453588	0	0	curl/7.29.0
4	2	1	0	0	29470471	0	0	29470471	0	0	11843	Mozilla/5.0 (Macintosh; Intel Mac OS X 10_9_2) AppleWebKit/537.36 (KHTML, like Gecko) Chrome/33.0.1750.152 Safari/537.36
4	2	0	3	0	29459298	29459299	0	29459298	29459298	0	1942	Mozilla/5.0 (Windows NT 10.0; Win64; x64) AppleWebKit/537.36 (KHTML, like Gecko) Chrome/119.0.6045.159 Safari/537.36
4	1	0	3	3	29450205	29450205	29449905	29450205	29446359	29440875	474	Mozilla/5.0 (Linux; Android 7.0;) AppleWebKit/537.36 (KHTML, like Gecko) Mobile Safari/537.36 (compatible; PetalBot;+https://webmaster.petalsearch.com/site/petalbot)
4	9	1	4	2	29456509	29462623	29462623	29456509	29456509	29440100	5159663	Mozilla/5.0 (X11; Linux x86_64; rv:125.0) Gecko/20100101 Firefox/125.0
4	0	0	2	2	0	29453255	29453255	0	29453255	29439158	0	Mozilla/5.0 (Windows NT 10.0; Win64; x64) Gecko/20100101 Firefox/118.0.2
4	2	2	19	12	29454742	29470043	29470043	29454742	29450592	29450592	82456	Mozilla/5.0 (iPhone; CPU iPhone OS 16_0 like Mac OS X) AppleWebKit/605.1.15 (KHTML, like Gecko) FxiOS/118.0 Mobile/15E148 Safari/605.1.15
4	0	0	0	1	0	0	29439188	0	0	29439188	0	Mozilla/5.0 (Windows NT 10.0; Win64; x64) AppleWebKit/537.36 (KHTML, like Gecko; compatible; BW/1.3; rb.gy/qyzae5) Chrome/124.0.0.0 Safari/537.36
4	7	0	3	4	29469366	29461853	29469366	29441300	29461852	29441300	497	Mozilla/5.0 AppleWebKit/537.36 (KHTML, like Gecko; compatible; Amazonbot/0.1; +https://developer.amazon.com/support/amazonbot) Chrome/119.0.6045.214 Safari/537.36
4	1	1	1	0	29470287	29470287	0	29470287	29470287	0	14533	Mozilla/5.0 (Windows NT 6.1; Win64; x64) AppleWebKit/537.36 (KHTML, like Gecko)Chrome/74.0.3729.169 Safari/537.36
4	2	2	0	0	29444237	0	0	29444237	0	0	20768	Mozilla/5.0 (iPad; CPU OS 7_0_3 like Mac OS X) AppleWebKit/537.51.1 (KHTML, like Gecko) CriOS/30.0.1599.16 Mobile/11B511 Safari/8536.25
4	1	0	3	1	29449976	29449976	29449976	29449976	29449976	29449976	1686	Mozilla/5.0 (Windows NT 10.0; Win64; x64; rv:138.0) Gecko/20100101 Firefox/138.0
4	0	0	1	0	0	29453590	0	0	29453590	0	0	Mozilla/5.0 (Windows NT 8_2_1; Win64; x64) AppleWebKit/536.45 (KHTML, like Gecko) Chrome/95.0.947 Safari/537.36
4	2	2	2	0	29470456	29470456	0	29470456	29470456	0	23745	Mozilla/5.0 AppleWebKit/537.36 (KHTML, like Gecko; Mozilla/5.0, Google-AdWords-Express) Chrome/143.0.7499.169 Safari/537.36
4	1	1	0	0	29438557	0	0	29438557	0	0	701	Mozilla/5.0(WindowsNT6.0)AppleWebKit/534.57.2(KHTML,likeGecko)Version/5.1.7Safari/534.57.2
4	4	3	0	0	29442681	0	0	29438472	0	0	86937	Mozilla/5.0 (iPhone; CPU iPhone OS 17_0 like Mac OS X) AppleWebKit/605.1.15 (KHTML, like Gecko) Version/17.0 Mobile/15E148 Safari/604.1
4	4	0	58	0	29464746	29467930	0	29451867	29451867	0	284	Mozilla/5.0 (compatible; YaK/1.0; http://linkfluence.com/; bot@linkfluence.com)
4	1	0	1	0	29454943	29454943	0	29454943	29454943	0	990	Mozilla/5.0 (Windows NT 10.0; Win64; x64; rv:142.0) Gecko/20100101 Firefox/142.0
4	430	6	435	0	29470473	29470473	0	29440189	29453162	0	20993852	Java/1.8.0_472
4	2	1	4	0	29459297	29459297	0	29450283	29450283	0	10535	Mozilla/5.0 (Windows NT 11.0; Win64; x64) AppleWebKit/537.36 (KHTML, like Gecko) Chrome/120.0.6099.130 Safari/537.36
4	5	5	3	0	29465704	29465704	0	29440696	29463374	0	60409	Mozilla/5.0 (X11; Linux x86_64) AppleWebKit/537.36 (KHTML, like Gecko) Chrome/105.0.0.0 Safari/537.36
4	4	0	3	0	29461021	29461021	0	29461021	29461021	0	1030613	Mozilla/5.0 (X11; Linux x86_64) AppleWebKit/537.36 (KHTML, like Gecko) Chrome/140.0.0.0 Safari/537.36
4	1	1	3	0	29459297	29459297	0	29459297	29459297	0	9563	Mozilla/5.0 (X11; Linux x86_64) AppleWebKit/537.36 (KHTML, like Gecko) Chrome/121.0.6167.85 Safari/537.36
4	4	4	0	12	29465920	0	29471178	29453295	0	29448631	49724	Mozilla/5.0 (X11; Linux x86_64) AppleWebKit/537.36 (KHTML, like Gecko) Chrome/139.0.0.0 Safari/537.36
4	0	0	0	1	0	0	29439964	0	0	29439964	0	Mozilla/5.0 (Macintosh; Intel Mac OS X 14_6_1) AppleWebKit/537.36 (KHTML, like Gecko) Chrome/133.0.6342.754 Safari/537.36
4	1	0	0	0	29442749	0	0	29442749	0	0	971	Mozilla/5.0 (X11; Ubuntu; Linux x86_64) AppleWebKit/537.36 (KHTML, like Gecko) Chrome/118.0.5993.88 Safari/537.36
4	0	0	1	0	0	29467060	0	0	29467060	0	0	Mozilla/5.0 (Windows NT 4.0) AppleWebKit/535.1 (KHTML, like Gecko) Chrome/58.0.850.0 Safari/535.1
4	1	0	1	0	29459297	29459297	0	29459297	29459297	0	971	Mozilla/5.0 (X11; Linux x86_64) AppleWebKit/537.36 (KHTML, like Gecko) Chrome/119.0.6045.159 Safari/537.36
4	8	5	8	0	29467403	29467403	0	29451867	29451867	0	66759	Mozilla/5.0 (Windows NT 10.0; Win64; x64; trendictionbot0.5.0; trendiction search; http://www.trendiction.de/bot; please let us know of any problems; web at trendiction.com) Gecko/20100101 Firefox/125.0
4	2	0	1	0	29463735	29459298	0	29459298	29459298	0	1942	Mozilla/5.0 (X11; Linux x86_64) Gecko/20100101 Firefox/118.0.2
4	2	0	0	0	29443731	0	0	29440803	0	0	1942	Mozilla/5.0 (Windows NT 11.0; Win64; x64) AppleWebKit/537.36 (KHTML, like Gecko) Chrome/119.0.0.0 Safari/537.36
4	1	0	2	0	29468850	29468850	0	29468850	29468850	0	71	Mozilla/5.0 (compatible; Barkrowler/0.9; +https://babbar.tech/crawler)
4	6	3	6	0	29461319	29461319	0	29461319	29461319	0	659709	Mozilla/5.0 (Macintosh; Intel Mac OS X 10_15_7) AppleWebKit/605.1.15 (KHTML, like Gecko) Version/17.14 Safari/605.1.15
4	0	0	2	1	0	29452732	29452732	0	29452732	29452732	0	Mozilla/5.0 (Windows NT 10.0; Win64; x64) AppleWebKit/537.36 (KHTML, like Gecko) Chrome/119.0.0.0 Safari/537.36 Edg/119.0.2151.97
4	15	1	2	0	29468621	29468621	0	29468621	29468621	0	644087	Mozilla/5.0 (X11; Linux x86_64) AppleWebKit/537.36 (KHTML, like Gecko) HeadlessChrome/143.0.7499.109 Safari/537.36
4	4	3	1	9	29460967	29466467	29466467	29440277	29466467	29441023	37272	Mozilla/5.0 (Macintosh; Intel Mac OS X 10_15_7) AppleWebKit/537.36 (KHTML, like Gecko) Chrome/116.0.0.0 Safari/537.36
4	8	1	0	0	29448928	0	0	29448928	0	0	2856709	Mozilla/5.0 (X11; Linux x86_64) AppleWebKit/537.36 (KHTML, like Gecko) HeadlessChrome/126.0.6478.182 Safari/537.36
4	2	1	0	0	29470799	0	0	29470799	0	0	14606	webzio-extended
4	8	8	0	0	29445450	0	0	29441120	0	0	67511	Python/3.10 aiohttp/3.13.0
4	2	2	2	0	29452955	29452955	0	29452955	29452955	0	10974	Mozilla/5.0 (Linux; Android 5.1.1; OPPO R9 Plustm A Build/LMY47V; wv) AppleWebKit/537.36 (KHTML, like Gecko) Version/4.0 Chrome/76.0.3809.89 Mobile Safari/537.36 T7/11.19 SP-engine/2.15.0 baiduboxapp/11.19.5.10 (Baidu; P1 5.1.1)
4	2	1	2	0	29446685	29449620	0	29446685	29449620	0	57493	Mozilla/5.0 (X11; Linux x86_64; rv:142.0) Gecko/20100101 Firefox/142.0
4	1	1	0	0	29440611	0	0	29440611	0	0	9677	Mozilla/5.0 (X11; Linux x86_64) AppleWebKit/537.36 (KHTML, like Gecko) HeadlessChrome/109.0.5414.119 Safari/537.36
4	1	0	2	1	29449622	29449622	29440803	29449622	29440803	29440803	971	Mozilla/5.0 (Macintosh; Intel Mac OS X 10_15_7) AppleWebKit/605.1.15 (KHTML, like Gecko) Version/17.0 Safari/605.1.15
4	0	0	0	1	0	0	29439964	0	0	29439964	0	Mozilla/5.0 (Windows NT 11.0; Win64; x64) AppleWebKit/537.36 (KHTML, like Gecko) Chrome/127.0.9798.152 Safari/537.36
4	0	0	0	1	0	0	29439964	0	0	29439964	0	Mozilla/5.0 (Macintosh; Intel Mac OS X 14_6_1) AppleWebKit/537.36 (KHTML, like Gecko) Chrome/130.0.9335.203 Safari/537.36
4	1	1	1	0	29451077	29451077	0	29451077	29451077	0	10947	Mozilla/5.0 (Windows NT 10.0; Win64; x64) AppleWebKit/537.36 (KHTML, like Gecko) Chrome/121.0.0.0 Safari/537.36 Edg/121.0.0.0
4	0	0	18	16	0	29470044	29470044	0	29450592	29450592	0	Mozilla/5.0 (Linux; Android 12; SM-A525F) AppleWebKit/537.36 (KHTML, like Gecko) Chrome/117.0.0.0 Mobile Safari/537.36
4	1	0	0	0	29447145	0	0	29447145	0	0	971	Mozilla/5.0 (Macintosh; Intel Mac OS X 13_6_2) AppleWebKit/537.36 (KHTML, like Gecko) Chrome/122.0.6261.57 Safari/537.36
4	5	0	4	0	29451654	29451654	0	29451654	29451654	0	25236	Mozilla/5.0 (Macintosh; Intel Mac OS X 10_10_1) AppleWebKit/600.1.25 (KHTML, like Gecko) Version/8.0 Safari/600.1.25
4	35	5	6	0	29456569	29456569	0	29440199	29448992	0	12690596	Mozilla/5.0 (Windows NT 10.0; Win64; x64) AppleWebKit/537.36 (KHTML, like Gecko) Chrome/117.0.5938.132 Safari/537.36
4	6	1	0	3	29440849	0	29440849	29440849	0	29440849	728489	Mozilla/5.0 (X11; Linux x86_64) AppleWebKit/537.36 (KHTML, like Gecko) Chrome/132.0.0.0 Safari/537.3
4	111	8	37	15	29471351	29460560	29467767	29439590	29449182	29440248	24461367	Googlebot-Image/1.0
4	1	1	0	0	29448247	0	0	29448247	0	0	10648	Scrapy/2.13.4 (+https://scrapy.org)
4	3	2	28	18	29470044	29470044	29470044	29454741	29450593	29450593	136092	Mozilla/5.0 (Linux; Android 13; SM-S908E) AppleWebKit/537.36 (KHTML, like Gecko) Chrome/116.0.0.0 Mobile Safari/537.36
4	0	0	0	1	0	0	29439964	0	0	29439964	0	Mozilla/5.0 (Macintosh; Intel Mac OS X 10_15_7) AppleWebKit/537.36 (KHTML, like Gecko) Chrome/133.0.8285.330 Safari/537.36
4	1	0	0	1	29470800	0	29470800	29470800	0	29470800	71	Mozilla/5.0 (Linux; Android 5.0) AppleWebKit/537.36 (KHTML, like Gecko) Mobile Safari/537.36 (compatible; Bytespider; spider-feedback@bytedance.com)
4	7	3	6	0	29461054	29461051	0	29461051	29461051	0	1059905	Mozilla/5.0 (iPhone; CPU iPhone OS 18_6_2 like Mac OS X) AppleWebKit/605.1.15 (KHTML, like Gecko) Version/18.6 Mobile/15E148 Safari/604.1
4	3	2	3	0	29458050	29458050	0	29456582	29456582	0	22939	Mozilla/5.0 (Linux; Android 12; SAMSUNG SM-A415F) AppleWebKit/537.36 (KHTML, like Gecko) SamsungBrowser/23.0 Chrome/115.0.0.0 Mobile Safari/537.3
4	1	0	1	0	29459297	29459297	0	29459297	29459297	0	971	Mozilla/5.0 (X11; Linux x86_64) AppleWebKit/537.36 (KHTML, like Gecko) Chrome/120.0.6099.130 Safari/537.36
4	0	0	0	1	0	0	29439964	0	0	29439964	0	Mozilla/5.0 (Macintosh; Intel Mac OS X 14_6_1) AppleWebKit/537.36 (KHTML, like Gecko) Chrome/128.0.8490.727 Safari/537.36
4	1	1	2	0	29458354	29458354	0	29458354	29458354	0	42351	Mozilla/5.0 (Windows NT 10.0; x86) AppleWebKit/537.36 (KHTML, like Gecko) Firefox/71.0.0.0 Safari/537.36
4	9	1	3	0	29458363	29458363	0	29458363	29458363	0	5159667	Mozilla/5.0 (Linux; Android 9; itel A27) AppleWebKit/537.36 (KHTML, like Gecko) Chrome/133.0.6943.143 Mobile Safari/537.36
4	3	1	3	1	29452372	29452372	29452372	29452372	29452372	29452372	29836	Mozilla/5.0 (X11; Ubuntu; Linux x86_64; rv:114.0) Gecko/20100101 Firefox/114.0
4	1	0	0	0	29460967	0	0	29460967	0	0	8373	Mozilla/5.0 (Macintosh; Intel Mac OS X 10_15_7) AppleWebKit/537.36 (KHTML, like Gecko) Chrome/115.0.0.0 Safari/537.36
4	1	1	7	2	29455563	29467532	29467532	29455563	29453594	29453594	9134	Mozilla/5.0 (Windows NT 10.0; Win64; x64) AppleWebKit/537.36 (KHTML, like Gecko) Chrome/111.0.0.0 Safari/537.36
4	1	1	7	6	29464686	29464686	29464686	29464686	29464686	29464686	13608	Mozilla/5.0 (Windows NT 10.0; Win64; x64) AppleWebKit/537.36 (KHTML, like Gecko) Chrome/73.0.3683.103 Safari/537.36 OPR/60.0.3255.170
4	4	1	1	0	29460898	29460898	0	29460898	29460898	0	51041	Mozilla/5.0 (Windows NT 10.0; Win64; x64) AppleWebKit/537.36 (KHTML, like Gecko) Chrome/120.0.0.0 Safari/537.36 Viewer/99.9.8853.8
4	3	1	0	0	29440315	0	0	29440315	0	0	93478	Mozilla/5.0 (Linux; Android 10; K) AppleWebKit/537.36 (KHTML, like Gecko) Chrome/142.0.0.0 Mobile Safari/537.36 EdgA/142.0.0.0
4	32	5	7	0	29450903	29450903	0	29438718	29450903	0	9230404	Mozilla/5.0 (Linux; Android 12; Pixel 6) AppleWebKit/537.36 (KHTML, like Gecko) Chrome/114.0.0.0 Mobile Safari/537.36
4	0	0	0	1	0	0	29448704	0	0	29448704	0	Gulper Web Bot 0.2.4 (www.ecsl.cs.sunysb.edu/~maxim/cgi-bin/Link/GulperBot)
4	0	0	0	1	0	0	29439964	0	0	29439964	0	Mozilla/5.0 (Windows NT 10.0; Win64; x64) AppleWebKit/537.36 (KHTML, like Gecko) Chrome/132.0.5697.107 Safari/537.36
4	6	6	2	72	29468445	29468445	29468445	29442206	29466940	29442206	251950	Mozilla/5.0 (Windows NT 10.0; Win64; x64) AppleWebKit/537.36 (KHTML, like Gecko) Chrome/78.0.3904.108 Safari/537.36
4	1	0	1	0	29451122	29451122	0	29451122	29451122	0	46973	Mozilla/5.0 (Windows NT 10.0; Win64; x64) AppleWebKit/537.36 (KHTML, like Gecko) Chrome/121.0.0.0 Safari/537.36 Edg/121.0.0.0 Unique/97.7.7286.70
4	0	0	0	1	0	0	29450004	0	0	29450004	0	Mozilla/5.0 (compatible; Yahoo! Slurp; http://help.yahoo.com/help/us/ysearch/slurp)
4	10	2	0	0	29440206	0	0	29440179	0	0	1130752	Mozilla/5.0 (iPhone; CPU iPhone OS 18_5 like Mac OS X) AppleWebKit/605.1.15 (KHTML, like Gecko) CriOS/138.0.7204.156 Mobile/15E148 Safari/604.1
4	1	0	0	0	29441860	0	0	29441860	0	0	971	Mozilla/5.0 (X11; Ubuntu; Linux x86_64; rv:121.0) Gecko/20100101 Firefox/121.0
4	3	1	2	0	29451855	29451855	0	29451855	29451855	0	104955	Mozilla/5.0 (compatible; InternetMeasurement/1.0; +https://internet-measurement.com/)
4	4	0	0	0	29464417	0	0	29459912	0	0	45090	Mozilla/5.0 (Macintosh; Intel Mac OS X 10_15_7) AppleWebKit/537.36 (KHTML, like Gecko) Chrome/124.0.0 Safari/537.36
4	1	1	1	0	29456549	29456549	0	29456549	29456549	0	11437	Mozilla/5.0 (Windows NT 10.0; Win64; x64) AppleWebKit/537.36 (KHTML, like Gecko) Chrome/100.0.4896.127 Safari/537.36
4	1	1	0	0	29453592	0	0	29453592	0	0	10977	Mozilla/5.0 (Windows NT 7_2_2; Win64; x64) AppleWebKit/577.46 (KHTML, like Gecko) Chrome/104.0.803 Safari/537.36
4	1	1	1	0	29470998	29470998	0	29470998	29470998	0	14533	Mozilla/5.0 (Macintosh; U; Intel Mac OS X 10_6_8; en-us) AppleWebKit/534.50 (KHTML, like Gecko) Version/5.1 Safari/534.50
4	0	0	0	1	0	0	29438501	0	0	29438501	0	Mozilla/5.0 (Macintosh; Intel Mac OS X 10_12_0) AppleWebKit/537.36 (KHTML, like Gecko) Chrome/76.0.3809.100 Safari/537.36
4	2	2	2	0	29453075	29453075	0	29453075	29453075	0	21946	Mozilla/5.0 (X11; Linux i686) AppleWebKit/537.36 (KHTML, like Gecko) Chrome/30.0.1599.114 Safari/537.36
4	1	1	1	0	29460967	29460967	0	29460967	29460967	0	9758	Mozilla/5.0 (Macintosh; Intel Mac OS X 10_15_7) AppleWebKit/537.36 (KHTML, like Gecko) Chrome/114.0.0.0 Safari/537.36
4	1	1	1	0	29464566	29464566	0	29464566	29464566	0	13610	Mozilla/5.0 (Linux; Android 13; SM-G781B Build/TP1A.220624.014; wv) AppleWebKit/537.36 (KHTML, like Gecko) Version/4.0 Chrome/132.0.6834.122 Mobile Safari/537.36 Line/14.17.0/IAB
4	0	0	0	1	0	0	29439964	0	0	29439964	0	Mozilla/5.0 (Macintosh; Intel Mac OS X 10_15_7) AppleWebKit/537.36 (KHTML, like Gecko) Chrome/131.0.4780.121 Safari/537.36
4	34	7	10	1	29463689	29463207	29463689	29456893	29456893	29463689	283960	Mozilla/5.0 (compatible; AwarioBot/1.0; +https://awario.com/bots.html)
4	2	1	0	0	29470799	0	0	29470799	0	0	14603	Mozilla/5.0 AppleWebKit/537.36 (KHTML, like Gecko); compatible; OAI-SearchBot/1.0; +https://openai.com/searchbot
4	4	0	0	0	29461020	0	0	29461020	0	0	13867	Mozilla/5.0 (X11; Linux x86_64) AppleWebKit/537.36 (KHTML, like Gecko) Chrome/136.0.0.0 Safari/537.36
4	1	0	1	0	29453254	29453254	0	29453254	29453254	0	971	Mozilla/5.0 (Macintosh; Intel Mac OS X 10_15_7) AppleWebKit/537.36 (KHTML, like Gecko) Chrome/119.0.6045.159 Safari/537.36
4	1	1	0	0	29443782	0	0	29443782	0	0	10381	Mozilla/5.0 (Linux; Android 14) AppleWebKit/537.36 (KHTML, like Gecko) Chrome/118.0.5993.80 Mobile Safari/537.36
4	0	0	0	1	0	0	29440085	0	0	29440085	0	Mozilla/5.0 (iPhone; CPU iPhone OS 8_0 like Mac OS X) AppleWebKit/600.1.4 (KHTML like Gecko) Version/8.0 Mobile/12A365 Safari/600.1.4
4	48	0	16	1	29471035	29470871	29438670	29439984	29450587	29438670	3361	Mozilla/5.0 (Macintosh; Intel Mac OS X 10_15_7) AppleWebKit/537.36 (KHTML, like Gecko) Chrome/131.0.0.0 Safari/537.36; compatible; OAI-SearchBot/1.0; +https://openai.com/searchbot
4	1	1	0	0	29444459	0	0	29444459	0	0	10383	Mozilla/5.0 (Windows; U; Windows NT 5.1; es-ES; rv:1.7.3) Gecko/20040910
4	0	0	0	2	0	0	29450004	0	0	29450004	0	Mozilla/5.0 (Windows NT 10.0; Win64; x64) AppleWebKit/537.36 (KHTML, like Gecko) Edge/115.0.0.0
4	2	1	0	0	29470800	0	0	29470800	0	0	14602	MistralAI-User
4	1	0	0	0	29444302	0	0	29444302	0	0	46973	Mozilla/5.0 (Windows NT 10.0; Win64; x64) AppleWebKit/537.36 (KHTML, like Gecko) Chrome/137.0.0.0 Safari/537.36 OPR/121.0.0.0
4	0	0	1	0	0	29458009	0	0	29458009	0	0	Mozilla/5.0 (Linux; U; Android 7.0; zh-cn; Redmi Note 4X Build/NRD90M) AppleWebKit/537.36 (KHTML, like Gecko) Version/4.0 Chrome/61.0.3163.128 Mobile Safari/537.36 XiaoMi/MiuiBrowser/10.0.2
4	1	0	0	1	29470799	0	29470799	29470799	0	29470799	71	Mozilla/5.0 (Macintosh; Intel Mac OS X 10_10_1) AppleWebKit/600.2.5 (KHTML, like Gecko) Version/8.0.2 Safari/600.2.5 (Amazonbot/0.1; +https://developer.amazon.com/support/amazonbot)
4	0	0	0	1	0	0	29442709	0	0	29442709	0	Mozilla/5.0 (iPad; CPU OS 13_6 like Mac OS X) AppleWebKit/605.1.15 (KHTML, like Gecko) CriOS/86.0.4240.93 Mobile/15E148 Safari/604.1
4	2	0	0	0	29460697	0	0	29460697	0	0	15497	Mozilla/5.0 (Macintosh; Intel Mac OS X 10_15_7) AppleWebKit/537.36 (KHTML, like Gecko) Chrome/113.0.0.0 Safari/537.36
4	1	1	1	0	29456110	29456110	0	29456110	29456110	0	0	Java/1.8.0_322
4	0	0	1	1	0	29466212	29466212	0	29466212	29466212	0	Mozilla/5.0 (X11; Ubuntu; Linux x86_64; rv:137.0) Gecko/20100101 Firefox/137.0
4	14	0	0	0	29470661	0	0	29465901	0	0	157553	Mozilla/5.0 (Linux; Android 6.0.1; Nexus 5X Build/MMB29P) AppleWebKit/537.36 (KHTML, like Gecko) Chrome/143.0.7499.169 Mobile Safari/537.36 (compatible; Google-InspectionTool/1.0;)
4	1	0	0	0	29441373	0	0	29441373	0	0	46973	Mozilla/5.0(Linux;Android5.1.1;SAMSUNGSM-T335Build/LMY47X)AppleWebKit/537.36(KHTML,likeGecko)SamsungBrowser/3.3Chrome/38.0.2125.102Safari/537.36
4	3	3	1	0	29450279	29450279	0	29438473	29450279	0	10502	Mozilla/5.0 (Windows NT 10.0; Win64; x64) AppleWebKit/537.36 (KHTML, like Gecko) Chrome/108.0.0.0 Safari/537.36
4	3140	1302	518	259	29470803	29470662	29470803	29442210	29446413	29438793	242246111	Mozilla/5.0 (Windows NT 10.0; Win64; x64) AppleWebKit/537.36 (KHTML, like Gecko) Chrome/143.0.0.0 Safari/537.36
4	3	3	5	13	29450325	29469163	29467945	29441402	29450325	29441402	60671	Mozilla/5.0 (Windows NT 10.0; Win64; x64) AppleWebKit/537.36 (KHTML, like Gecko) Chrome/60.0.3112.113 Safari/537.36 Assetnote/1.0.0
4	0	0	0	1	0	0	29439964	0	0	29439964	0	Mozilla/5.0 (X11; Linux x86_64) AppleWebKit/537.36 (KHTML, like Gecko) Chrome/128.0.8408.606 Safari/537.36
4	0	0	0	1	0	0	29444946	0	0	29444946	0	Mozilla/5.0 (X11; Linux x86_64; rv:1.9.6.20) Gecko/ Firefox/3.8
4	0	0	1	1	0	29465443	29465443	0	29465443	29465443	0	Mozilla/5.0 (X11; Linux x86_64) AppleWebKit/537.36 (KHTML, like Gecko) Chrome/135.0.0.0 Safari/537.36
4	0	0	0	1	0	0	29467718	0	0	29467718	0	Mozilla/5.0 (Linux; U; Android 1.5; en-us; htc_bahamas Build/CRB17) AppleWebKit/528.5  (KHTML, like Gecko) Version/3.1.2 Mobile Safari/525.20.1
4	0	0	0	1	0	0	29442215	0	0	29442215	0	Mozilla/5.0 (Linux; Android 5.0.1; SCH-R970 Build/LRX22C) AppleWebKit/537.36 (KHTML, like Gecko) Chrome/45.0.2454.84 Mobile Safari/537.36
4	1	0	1	0	29459299	29459299	0	29459299	29459299	0	971	Mozilla/5.0 (Macintosh; Intel Mac OS X 10_15_7) AppleWebKit/537.36 (KHTML, like Gecko) Chrome/120.0.6099.130 Safari/537.36
4	27	1	3	0	29468155	29468155	0	29461651	29468154	0	1724415	Mozilla/5.0 (Macintosh; Intel Mac OS X 10_15_7) AppleWebKit/605.1.15 (KHTML, like Gecko) Version/26.2 Safari/605.1.15
4	2	2	1	0	29450951	29450951	0	29441871	29450951	0	21341	Mozilla/5.0 (compatible; WP-Safe-Scanner/1.0)
4	1	1	3	1	29458522	29458522	29458522	29458522	29458522	29458522	11434	Mozilla/5.0 (Linux; Android 10; K) AppleWebKit/537.36 (KHTML, like Gecko) Chrome/135.0.0.0 Mobile Safari/537.36
4	4	2	0	0	29445560	0	0	29445158	0	0	21249	Mozilla/5.0 (compatible; wpbot/1.3; +https://forms.gle/ajBaxygz9jSR8p8G9)
4	3	0	3	1	29459297	29459297	29444082	29444081	29444082	29444082	2913	Mozilla/5.0 (Windows NT 10.0; Win64; x64) AppleWebKit/537.36 (KHTML, like Gecko) Chrome/121.0.0.0 Safari/537.36 Edg/121.0.2277.83
4	2	1	0	0	29470799	0	0	29470799	0	0	14603	claude-searchbot
4	12	6	13	0	29462875	29462876	0	29442212	29452384	0	354635	Mozilla/5.0 (compatible; CensysInspect/1.1; +https://about.censys.io/)
4	1	1	1	2	29449143	29449143	29438474	29449143	29449143	29438474	10657	Mozilla/5.0 (iPhone; CPU iPhone OS 12_0 like Mac OS X) AppleWebKit/605.1.15 (KHTML, like Gecko) Version/12.0 Mobile/15E148 Safari/604.1
4	33	0	0	0	29470661	0	0	29458912	0	0	359325	Mozilla/5.0 (compatible; Google-InspectionTool/1.0;)
4	2	2	0	10	29439089	0	29439089	29439089	0	29439089	16454	Mozilla/5.0 (Linux; Android 8.0.0; SM-G955U Build/R16NW) AppleWebKit/537.36 (KHTML, like Gecko) Chrome/116.0.0.0 Mobile Safari/537.36
4	5	0	2	2	29462696	29462714	29462714	29460211	29462713	29462714	58398	Mozilla/5.0 (Windows NT 10.0; Win64; x64) AppleWebKit/537.36 (KHTML, like Gecko) Chrome/107.0.0.0 Safari/537.36
4	1312	335	187	661	29444779	29444777	29444766	29438476	29439070	29438476	77872589	Mozilla/5.0 (Windows NT 10.0; Win64; x64) AppleWebKit/537.36 (KHTML, like Gecko) Chrome/142.0.0.0 Safari/537.36
4	0	0	0	1	0	0	29469330	0	0	29469330	0	Mozilla/5.082584686 Mozilla/5.0 (iPhone; CPU iPhone OS 11_4_1 like Mac OS X) AppleWebKit/605.1.15 (KHTML, like Gecko) Version/11.0 Mobile/15E148 Safari/604.1
4	11	1	1	0	29467253	29467253	0	29467253	29467253	0	547128	Mozilla/5.0 (Linux; Android 6.0.1; Nexus 5X Build/MMB29P) AppleWebKit/537.36 (KHTML, like Gecko) Chrome/143.0.7499.169 Mobile Safari/537.36
4	6	1	0	0	29444192	0	0	29444192	0	0	1936198	Mozilla/5.0 (X11; Linux x86_64) AppleWebKit/537.36 (KHTML, like Gecko) HeadlessChrome/143.0.0.0 Safari/537.36
4	8	2	1	0	29461472	29461472	0	29447364	29461472	0	92865	Mozilla/5.0 (iPhone; CPU iPhone OS 17_1_2 like Mac OS X) AppleWebKit/605.1.15 (KHTML, like Gecko) Version/17.1.2 Mobile/15E148 Safari/604
4	0	0	0	1	0	0	29439964	0	0	29439964	0	Mozilla/5.0 (X11; Linux x86_64) AppleWebKit/537.36 (KHTML, like Gecko) Chrome/131.0.8020.513 Safari/537.36
4	24	2	5	1	29471362	29471362	29471362	29455556	29455556	29471362	6637762	Mozilla/5.0 (Windows NT 10.0; Win64; x64) AppleWebKit/537.36 (KHTML, like Gecko) Chrome/142.0.7444.175 Safari/537.36
4	1	1	1	0	29456577	29456576	0	29456577	29456576	0	11437	Mozilla/5.0 (Windows NT 10.0; Win64; x64) AppleWebKit/537.36 (KHTML, like Gecko) Chrome/84.0.4147.89 Safari/537.36
4	12	2	1	1	29458806	29458806	29458806	29458806	29458806	29458806	458979	Mozilla/5.0 (Linux; Android 4.4.2; Lenovo TAB 2 A7-30DC) AppleWebKit/537.36 (KHTML, like Gecko) Chrome/81.0.4044.138 Safari/537.36
4	0	0	0	1	0	0	29442876	0	0	29442876	0	Mozilla/5.0 (Windows NT 10.0; WOW64) AppleWebKit/537.36 (KHTML, like Gecko) Chrome/73.0.3683.103 Safari/537.36
4	1	1	7	2	29459790	29469169	29469169	29459790	29452108	29452108	9563	Mozilla/5.0 (Macintosh; Intel Mac OS X 10_13_5) AppleWebKit/537.36 (KHTML, like Gecko) Chrome/69.0.3497.100 Safari/537.36
4	0	0	1	1	0	29440341	29440341	0	29440341	29440341	0	Mozilla/5.0 (Macintosh; Intel Mac OS X 12_6_2) AppleWebKit/605.1.15 (KHTML, like Gecko) Version/17.2.1 Safari/605.1.15
4	6	3	3	0	29456224	29456224	0	29456216	29456216	0	168897	Mozilla/5.0 (Linux; Android 6.0; Nexus 5 Build/MRA58N) AppleWebKit/537.36 (KHTML, like Gecko) Chrome/143.0.0.0 Mobile Safari/537.36
4	6	3	4	0	29463690	29463690	0	29444192	29454255	0	35207	Mozilla/5.0 (compatible; HubSpot Crawler; HubSpot Domain check; +https://www.hubspot.com)
4	24	10	16	0	29460336	29460336	0	29460336	29460336	0	8032777	Mozilla/5.0 (X11; Linux x86_64) AppleWebKit/537.36 (KHTML, like Gecko) Chrome/142.0.0.0 Safari/537.36 GTmetrix
4	1	1	0	0	29440678	0	0	29440678	0	0	9662	Mozilla/5.0 (Linux; Android 10; SM-A415F) AppleWebKit/537.36 (KHTML, like Gecko) Chrome/87.0.4280.101 Mobile Safari/537.36
4	8	4	8	0	29460594	29460594	0	29460594	29460594	0	1069366	Mozilla/5.0 (Windows NT 10.0; Win64; x64) AppleWebKit/537.36 (KHTML, like Gecko) Chrome/141.0.0.0 Safari/537.36 OPR/125.0.0.0
4	2	2	0	0	29445293	0	0	29441827	0	0	75213	Mozilla/5.0 (Macintosh; Intel Mac OS X 10_15_7) AppleWebKit/537.36 (KHTML, like Gecko) Chrome/142.0.0.0 Safari/537.36 Edg/142.0.0.0
4	5	1	0	1	29438757	0	29438757	29438757	0	29438757	4517	Mozilla/5.0 (iPhone; CPU iPhone OS 14_6 like Mac OS X) AppleWebKit/605.1.15 (KHTML, like Gecko) Version/14.0.3 Mobile/15E148 Safari/604.1
4	0	0	1	1	0	29463390	29463390	0	29463390	29463390	0	Mozilla/5.0 (Windows NT 6.2; arm64) AppleWebKit/537.36 (KHTML, like Gecko) Edge/95.0.0.0 Safari/537.36
4	57	0	0	0	29454465	0	0	29446481	0	0	397629	Mozilla/5.0 (compatible; MJ12bot/v1.4.8; http://mj12bot.com/)
4	3	3	21	13	29454742	29470044	29470044	29454742	29450593	29450593	123684	Mozilla/5.g (Linux; Android 13; Pixel 7) AppleWebKit/537.36 (KHTML, like Gecko) Chrome/116.0.0.0 Mobile Safari/537.36
4	3	0	0	0	29441095	0	0	29440353	0	0	25609	Google-ilp
4	830	622	1256	1	29462684	29461748	29438893	29441146	29455490	29438893	9620654	Mozilla/5.0 (Windows NT 10.0; Win64; x64) AppleWebKit/537.36 (KHTML, like Gecko) Chrome/141.0.0.0 Safari/537.36
4	1	1	0	0	29442357	0	0	29442357	0	0	10376	Mozilla/5.0 (Windows; U; Windows NT 5.2; en-US) AppleWebKit/532.2 (KHTML, like Gecko) Chrome/4.0.223.2 Safari/532.2
4	10	8	2	0	29461396	29454438	0	29451108	29451108	0	660544	Mozilla/5.0 (Macintosh; Intel Mac OS X 10_15_7) AppleWebKit/605.1.15 (KHTML, like Gecko) Version/18.5 Safari/605.1.15
4	2	2	0	0	29442797	0	0	29442797	0	0	20764	Mozilla/5.0(Linux;Android5.1.1;SAMSUNGSM-G925TBuild/LMY47X)AppleWebKit/537.36(KHTML,likeGecko)SamsungBrowser/3.2Chrome/38.0.2125.102MobileSafari/537.36
4	9	2	5	0	29449149	29449149	0	29449142	29449142	0	2867400	Mozilla/5.0 (Linux; Android 10; K) AppleWebKit/537.36 (KHTML, like Gecko) Chrome/138.0.0.0 Mobile Safari/537.36
4	1	1	0	0	29441260	0	0	29441260	0	0	34972	Mozilla/5.0 (Windows NT 10.0; Win64; x64) AppleWebKit/537.36 (KHTML, like Gecko) Chrome/131.0.0.0 Safari/537.36 Edg/131.0.0.0
4	0	0	0	1	0	0	29439663	0	0	29439663	0	Mozilla/5.0 (Windows NT 10.0; Win64; x64; rv:72.0) Gecko/20100101 Firefox/72.0
4	1	1	0	0	29445298	0	0	29445298	0	0	38380	curl/7.68.0
4	6	6	6	0	29466674	29466674	0	29451686	29451686	0	72031	Mozilla/5.0 (X11; Linux i686; rv:109.0) Gecko/20100101 Firefox/120.0
4	0	0	0	1	0	0	29452736	0	0	29452736	0	python-requests/2.27.1
4	2	1	0	0	29470800	0	0	29470800	0	0	14602	Mozilla/5.0 (compatible) AI2Bot (+https://www.allenai.org/crawler)
4	0	0	1	0	0	29450825	0	0	29450825	0	0	Mozilla/5.0 (Windows; U; Windows NT 6.1; en-US) AppleWebKit/532.0 (KHTML, like Gecko) Chrome/4.0.206.1 Safari/532.0
4	0	0	22	44	0	29463942	29463942	0	29462870	29462870	0	Mozilla/5.0 (Linux; Android 11; Redmi Note 9 Pro Build/RKQ1.200826.002; wv) AppleWebKit/537.36 (KHTML, like Gecko) Version/4.0 Chrome/101.0.4951.61 Mobile Safari/537.36
4	72	72	32	0	29470447	29470438	0	29438749	29450269	0	711491	Mozilla/5.0 (Macintosh; Intel Mac OS X 10.15; rv:133.0) Gecko/20100101 Firefox/133.0
4	4	1	1	0	29465072	29465072	0	29465072	29465072	0	54265	Mozilla/5.0 (Android 14; Mobile; rv:123.0) Gecko/123.0 Firefox/123
4	1	1	0	0	29440474	0	0	29440474	0	0	9659	Mozilla/5.0 (Linux; Android 9; SAMSUNG SM-G950F Build/PPR1.180610.011) AppleWebKit/537.36 (KHTML, like Gecko) SamsungBrowser/9.4 Chrome/67.0.3396.87 Mobile Safari/537.36
4	1	1	0	0	29446498	0	0	29446498	0	0	10519	Mozilla/5.0 (Linux; Android 8.1; PACM00 Build/O11019; wv) AppleWebKit/537.36 (KHTML, like Gecko) Version/4.0 Chrome/48.0.2564.116 Mobile Safari/537.36 T7/10.9 baiduboxapp/10.9.0.11 (Baidu; P1 8.1.0)
4	4	2	2	0	29459286	29459286	0	29441255	29459286	0	115101	Mozilla/5.0 (Windows NT 10.0; Win64; x64) AppleWebKit/537.36 (KHTML, like Gecko) Chrome/105.0.0.0 Safari/537.36
4	59	11	10	3	29471349	29469894	29464167	29438547	29454327	29439566	14660877	Mozilla/5.0 (Windows NT 10.0; Win64; x64) AppleWebKit/537.36 (KHTML, like Gecko) Chrome/139.0.0.0 Safari/537.36
4	1	0	0	0	29442402	0	0	29442402	0	0	971	Mozilla/5.0 (Windows NT 10.0; Win64; x64; rv:134.0) Gecko/20100101 Firefox/135.0
4	15	1	2	1	29470471	29470471	29470471	29470471	29470471	29470471	982689	Mozilla/5.0 (X11; Linux x86_64) AppleWebKit/537.36 (KHTML, like Gecko) Chrome/132.0.0.0 Safari/537.36
4	1	1	0	0	29445043	0	0	29445043	0	0	10547	Mozilla/5.0 (Linux; U; Android 5.1.1; zh-cn; OPPO A33 Build/LMY47V) AppleWebKit/537.36 (KHTML, like Gecko) Version/4.0 Chrome/57.0.2987.132 MQQBrowser/8.7 Mobile Safari/537.36
4	0	0	1	1	0	29466423	29466423	0	29466423	29466423	0	Mozilla/5.0 (Windows NT 6.2; x86) AppleWebKit/537.36 (KHTML, like Gecko) Opera/71.0.0.0 Safari/537.36
4	0	0	5	2	0	29469317	29469317	0	29462835	29467097	0	Mozilla/5.0 (compatible; Baiduspider/2.0; +http://www.baidu.com/search/spider.html)
4	0	0	1	0	0	29469795	0	0	29469795	0	0	Mozilla/5.0 (Windows 98; Win 9x 4.90; mni-IN; rv:1.9.1.20) Gecko/4565-06-04 03:38:10.436401 Firefox/3.8
4	47	35	26	0	29471379	29470331	0	29443633	29449249	0	2003461	meta-externalagent/1.1 (+https://developers.facebook.com/docs/sharing/webmasters/crawler)
4	1	0	0	0	29460757	0	0	29460757	0	0	11760	Mozilla/5.0 (Windows NT 10.0; Win64; x64) AppleWebKit/537.36 (KHTML, like Gecko) Chrome/84.0.4147.105 Safari/537.36
4	2	1	0	0	29470799	0	0	29470799	0	0	14603	Mozilla/5.0 (compatible; YouBot/1.0; +https://about.you.com/youbot/)
4	33	2	0	0	29470799	0	0	29459527	0	0	1509680	Mozilla/5.0 AppleWebKit/537.36 (KHTML, like Gecko; compatible; PerplexityBot/1.0; +https://perplexity.ai/perplexitybot)
4	1	1	0	0	29443901	0	0	29443901	0	0	10381	Mozilla/5.0 (Macintosh; Intel Mac OS X 10_12_6) AppleWebKit/537.36 (KHTML, like Gecko) Chrome/103.0.0.0 Safari/537.36
4	1	0	0	1	29439054	0	29439054	29439054	0	29439054	0	Mozilla/5.0 (Windows NT 10.0; Win64; x64) AppleWebKit/537.36 (KHTML like Gecko) Chrome/143.0.7499.102 Safari/537.36
4	0	0	0	1	0	0	29441240	0	0	29441240	0	Mozilla/5.0 (Macintosh; Intel Mac OS X 10_10_3) AppleWebKit/537.36 (KHTML, like Gecko) Chrome/45.0.2454.85 Safari/537.36
4	1	0	1	0	29465841	29465841	0	29465841	29465841	0	971	Mozilla/5.0 (X11; Ubuntu; Linux x86_64) AppleWebKit/537.36 (KHTML, like Gecko) Chrome/121.0.0.0 Safari/537.36
4	1	1	0	0	29442818	0	0	29442818	0	0	37589	Mozilla/5.0 (X11; Linux x86_64; rv:45.0) Gecko/20100101 Firefox/45.0; on behalf of 157.230.229.26
4	1	0	0	0	29460188	0	0	29460188	0	0	11643	Mozilla/5.0 (Windows NT 11.0; Win64; x64) AppleWebKit/537.36 (KHTML, like Gecko) Chrome/131.0.0 Safari/537.36 Edg/131.0.0
4	16	4	8	0	29470117	29460401	0	29460188	29460188	0	4167793	Mozilla/5.0 (Macintosh; Intel Mac OS X 10_15_7) AppleWebKit/537.36 (KHTML, like Gecko) Chrome/143.0.0.0 Safari/537.36
4	26	6	11	2	29468615	29468615	29468615	29460246	29460246	29468615	2306334	Mozilla/5.0 (Linux; Android 10; K) AppleWebKit/537.36 (KHTML, like Gecko) Chrome/142.0.0.0 Mobile Safari/537.36
4	4	0	0	0	29462720	0	0	29461743	0	0	23235	Mozilla/5.0 (Windows NT 10.0; Win64; x64) AppleWebKit/537.36 (KHTML, like Gecko) Chrome/104.0.0.0 Safari/537.36
4	10	1	5	0	29457381	29457381	0	29453006	29453006	0	5160653	Mozilla/5.0 (Windows NT 10.0; Win64; x64) AppleWebKit/537.36 (KHTML, like Gecko) Chrome/138.0.0.0 Safari/537.36
4	0	0	8	3	0	29470163	29470163	0	29464752	29465831	0	Mozilla/5.0 (Windows NT 10.0; Win64; x64) AppleWebKit/537.36 (KHTML, like Gecko) Chrome/134.0.0.0 Safari/537.36 Edg/134.0.0.0
4	0	0	0	1	0	0	29439208	0	0	29439208	0	Mozilla/5.0 (compatible; MSIE 9.0; Windows NT 6.2; Trident/5.0)
4	3	3	3	0	29468622	29468622	0	29456509	29456509	0	33310	GoogleOther
4	37	37	20	0	29458017	29458017	0	29439194	29449328	0	394234	Mozilla/5.0 (Macintosh; Intel Mac OS X 10_11) AppleWebKit/601.1.27 (KHTML, like Gecko) Chrome/47.0.2526.106 Safari/601.1.27
4	2	1	0	0	29470800	0	0	29470800	0	0	14601	Google-CloudVertexBot
4	825	60	61	61	29471110	29471110	29471110	29465842	29465842	29465842	43420037	Mozilla/5.0 (Windows NT 10.0; WOW64) AppleWebKit/537.36 (KHTML, like Gecko) Chrome/62.0.3202.9 Safari/537.36
4	365	290	102	49	29471250	29471215	29471151	29440496	29440539	29440549	10132004	Mozilla/5.0 (iPhone; CPU iPhone OS 13_2_3 like Mac OS X) AppleWebKit/605.1.15 (KHTML, like Gecko) Version/13.0.3 Mobile/15E148 Safari/604.1
4	21	9	16	2	29471324	29467956	29438690	29438647	29458388	29438647	720016	Mozilla/5.0 (Macintosh; Intel Mac OS X 10_15_7) AppleWebKit/605.1.15 (KHTML, like Gecko) Version/17.4 Safari/605.1.15 (Applebot/0.1; +http://www.apple.com/go/applebot)
4	0	0	0	1	0	0	29439964	0	0	29439964	0	Mozilla/5.0 (Windows NT 10.0; Win64; x64) AppleWebKit/537.36 (KHTML, like Gecko) Chrome/131.0.7832.877 Safari/537.36
4	17	17	11	0	29470457	29470457	0	29440248	29470456	0	176914	Mozilla/5.0 (Linux; Android 6.0.1; Nexus 5X Build/MMB29P; Google-AdWords-Express) AppleWebKit/[WEBKIT_VERSION] (KHTML, like Gecko) Chrome/[CHROME_VERSION] Mobile Safari/[WEBKIT_VERSION]
4	2	2	0	1	29459057	0	29440769	29439653	0	29440769	17350	Mozilla/5.0 (Windows NT 10.0; Win64; x64; rv:121.0) Gecko/20100101 Firefox/121.0
4	5	4	41	22	29454742	29470044	29470044	29450592	29450592	29450593	166598	Mozilla/5.0 (Linux; Android 12; V2134) AppleWebKit/537.36 (KHTML, like Gecko) Chrome/116.0.0.0 Mobile Safari/537.36
4	1	0	0	0	29463746	0	0	29463746	0	0	571732	ChatGPT/1.2025.350 (iOS 18.6.2; iPad8,9; build 20387701780)
4	6	3	7	1	29460747	29464950	29464950	29460747	29460747	29464950	659712	Mozilla/5.0 (Macintosh; Intel Mac OS X 10_15_7) AppleWebKit/605.1.15 (KHTML, like Gecko) Version/17.6 Safari/605.1.15
4	1	0	0	0	29460697	0	0	29460697	0	0	10821	Mozilla/5.0 (X11; CrOS x86_64 14541.0.0) AppleWebKit/537.36 (KHTML, like Gecko) Chrome/115.0.0.0 Safari/537.36
4	1	1	1	0	29451124	29451124	0	29451124	29451124	0	10953	Mozilla/5.0 (Windows NT 10.0; Win64; x64; rv:123.0) Gecko/20100101 Firefox/123.0 Config/92.2.7601.2
4	79	6	112	4	29466624	29466625	29448527	29442763	29445361	29446052	409746	Mozilla/5.0 (compatible; DotBot/1.2; +https://opensiteexplorer.org/dotbot; help@moz.com)
4	1	0	1	0	29470319	29470319	0	29470319	29470319	0	971	Mozilla/5.0 (X11; Ubuntu; Linux x86_64) AppleWebKit/537.36 (KHTML, like Gecko) Chrome/120.0.0.0 Safari/537.36
4	2	2	25	18	29454742	29470044	29470044	29454742	29450592	29450592	82456	Mozilla/5.0 (iPhone; CPU iPhone OS 17_1 like Mac OS X) AppleWebKit/605.1.15 (KHTML, like Gecko) CriOS/119.0.6045.109 Mobile/15E148 Safari/604.1
4	9	1	0	0	29464915	0	0	29439147	0	0	661005	Mozilla/5.0 (Macintosh; Intel Mac OS X 10_15_7) AppleWebKit/537.36 (KHTML, like Gecko) Chrome/142.0.0.0 Safari/537.36
4	0	0	0	1	0	0	29469330	0	0	29469330	0	Mozilla/4.066686748 Mozilla/4.0 (compatible; MSIE 6.0; Windows NT 5.1)
4	1	0	0	0	29439147	0	0	29439147	0	0	163820	Mozilla/5.0 (Macintosh; Intel Mac OS X 10.15; rv:52.0) Gecko/20100101 Firefox/52.0
4	31	3	6	0	29466961	29466961	0	29439644	29456683	0	11302657	Mozilla/5.0 (Windows NT 10.0; Win64; x64) AppleWebKit/537.36 (KHTML, like Gecko) Chrome/137.0.0.0 Safari/537.36
4	0	0	1	0	0	29469036	0	0	29469036	0	0	Mozilla/5.0 (Macintosh; Intel Mac OS X 10_10_4; rv:1.9.2.20) Gecko/8745-05-24 08:33:30.559662 Firefox/3.8
4	0	0	0	1	0	0	29439964	0	0	29439964	0	Mozilla/5.0 (Windows NT 11.0; Win64; x64) AppleWebKit/537.36 (KHTML, like Gecko) Chrome/124.0.6094.334 Safari/537.36
4	0	0	6	4	0	29465273	29465273	0	29461963	29463303	0	Mozilla/5.0 (X11; Linux x86_64) AppleWebKit/537.36 (KHTML, like Gecko) Chrome/129.0.0.0 Safari/537.36
4	1	0	1	0	29449622	29449622	0	29449622	29449622	0	971	Mozilla/5.0 (Macintosh; Intel Mac OS X 13_6_1) AppleWebKit/605.1.15 (KHTML, like Gecko) Version/17.2 Safari/605.1.15
4	1	1	0	0	29439492	0	0	29439492	0	0	9526	Mozilla/5.0 (compatible; VertexWP/1.0; +https://vertexwp.com/bot)
4	1	1	0	0	29438619	0	0	29438619	0	0	701	Mozilla/5.0 (Windows NT 6.1; WOW64) AppleWebKit/537.31 (KHTML, like Gecko) Chrome/26.0.1410.43 BIDUBrowser/6.x Safari/537.31
4	0	0	0	1	0	0	29439964	0	0	29439964	0	Mozilla/5.0 (Windows NT 10.0; Win64; x64) AppleWebKit/537.36 (KHTML, like Gecko) Chrome/128.0.5524.56 Safari/537.36
4	0	0	0	1	0	0	29439964	0	0	29439964	0	Mozilla/5.0 (Windows NT 11.0; Win64; x64) AppleWebKit/537.36 (KHTML, like Gecko) Chrome/123.0.7665.581 Safari/537.36
4	8	2	5	1	29470939	29470939	29470341	29470341	29470341	29470341	82892	Mozilla/5.0 (Windows NT 10.0; Win64; x64) AppleWebKit/537.36 (KHTML, like Gecko) Chrome/114.0.0.0 Safari/537.36 Vivaldi/5.3.2679.68
4	1	0	1	0	29459298	29459298	0	29459298	29459298	0	971	Mozilla/5.0 (Macintosh; Intel Mac OS X 13_6_2) AppleWebKit/537.36 (KHTML, like Gecko) Chrome/118.0.5993.88 Safari/537.36
4	43	6	6	0	29467253	29467253	0	29440248	29451298	0	4263485	Mozilla/5.0 (Linux; Android 6.0.1; Nexus 5X Build/MMB29P) AppleWebKit/537.36 (KHTML, like Gecko) Chrome/141.0.7390.122 Mobile Safari/537.36
4	1	1	1	17	29464398	29464398	29464398	29464398	29464398	29464398	50648	Mozilla/5.0 (Windows NT 10.0; Win64; x64) AppleWebKit/537.36 (KHTML, like Gecko) Chrome/89.0.4389.114 Safari/537.36
4	2	1	0	0	29470799	0	0	29470799	0	0	14603	anthropic
4	7	7	4	0	29458402	29458402	0	29458402	29458402	0	22879	Mozilla/5.0 (Macintosh; Intel Mac OS X 10_15_7) AppleWebKit/537.36 (KHTML, like Gecko) Chrome/106.0.0.0 Safari/537.36
4	2	2	18	12	29454742	29470044	29470044	29454742	29450593	29450593	82456	Mozilla/5.0 (iPhone; CPU iPhone OS 16_6_1 like Mac OS X) AppleWebKit/605.1.15 (KHTML, like Gecko) Version/16.6 Mobile/15E148 Safari/604.1
4	2	2	19	12	29454742	29465124	29465124	29454742	29450592	29450592	82456	Mozilla/5.0 (Linux; Android 11; 21081111RG) AppleWebKit/537.36 (KHTML, like Gecko) Chrome/116.0.0.0 Mobile Safari/537.36
4	0	0	0	1	0	0	29439964	0	0	29439964	0	Mozilla/5.0 (Windows NT 10.0; Win64; x64) AppleWebKit/537.36 (KHTML, like Gecko) Chrome/127.0.7816.966 Safari/537.36
4	0	0	4	2	0	29468976	29468976	0	29459753	29462415	0	Mozilla/5.0 (Windows NT 10.0; Win64; x64; rv:137.0) Gecko/20100101 Firefox/137.0
4	8	8	8	0	29464403	29464403	0	29450026	29450026	0	101567	Mozilla/5.0 (Windows NT 10.0; Win64; x64) AppleWebKit/537.36 (KHTML, like Gecko) Chrome/136.0.0.0 Safari/537.36
4	0	0	0	1	0	0	29445069	0	0	29445069	0	Mozilla/5.0101097241 Mozilla/5.0 (Windows NT 10.0; Win64; x64) AppleWebKit/537.36 (KHTML, like Gecko) Chrome/69.0.3497.81 Safari/537.36
4	0	0	0	1	0	0	29439964	0	0	29439964	0	Mozilla/5.0 (Macintosh; Intel Mac OS X 14_6_1) AppleWebKit/537.36 (KHTML, like Gecko) Chrome/126.0.8223.875 Safari/537.36
4	0	0	0	1	0	0	29439964	0	0	29439964	0	Mozilla/5.0 (Macintosh; Intel Mac OS X 10_15_7) AppleWebKit/537.36 (KHTML, like Gecko) Chrome/125.0.7701.450 Safari/537.36
4	4	4	1	0	29448992	29448992	0	29440990	29448992	0	34130	Mozilla/5.0 (Windows NT 6.1; Win64; x64) AppleWebKit/537.36 (KHTML, like Gecko) Chrome/83.0.4103.61 Safari/537.36
4	2	2	0	17	29443770	0	29443770	29443770	0	29443770	75178	Mozilla/5.0 (Windows NT 10.0; Win64; x64) AppleWebKit/537.36 (KHTML, like Gecko) Chrome/88.0.4240.193 Safari/537.36
4	18	6	3	5	29442842	29442842	29442842	29442842	29442842	29442842	2182293	Mozilla/5.0 (compatible; Dataprovider.com)
4	1	1	1	0	29464686	29464686	0	29464686	29464686	0	50648	Jigsaw/2.3.0 W3C_CSS_Validator_JFouffa/2.0 (See <https://validator.w3.org/services>)
4	1	1	1	4	29456453	29456453	29463238	29456453	29456453	29462474	9562	Mozilla/5.0 (Linux; Android 6.0.1; Nexus 5X Build/MMB29P) AppleWebKit/537.36 (KHTML, like Gecko) Chrome/141.0.7390.122 Mobile Safari/537.36 (compatible; AdsBot-Google-Mobile; +http://www.google.com/mobile/adsbot.html)
4	2	1	3	0	29459913	29459913	0	29459908	29459908	0	90817	imgproxy/3.30.1
4	0	0	0	1	0	0	29442216	0	0	29442216	0	Mozilla/5.0 (iPod; U; CPU iPhone OS 6_1 like Mac OS X; en-HK) AppleWebKit/534.35 (KHTML, like Gecko) Chrome/11.0.696.65 Safari/534.35 Puffin/3.9174IP Mobile
4	0	0	0	1	0	0	29439964	0	0	29439964	0	Mozilla/5.0 (Macintosh; Intel Mac OS X 10_15_7) AppleWebKit/537.36 (KHTML, like Gecko) Chrome/123.0.4948.218 Safari/537.36
4	1	1	0	1	29438658	0	29438658	29438658	0	29438658	705	Mozilla/5.0 (Windows NT 10.0; Win64; x64; rv:144.0) Gecko/20100101 Firefox/144.0
4	2	1	0	0	29470799	0	0	29470799	0	0	14602	cohere
4	1	1	1	0	29459057	29459057	0	29459057	29459057	0	9566	Mozilla/5.0 (Windows NT 10.0; Win64; x64) AppleWebKit/537.36 (KHTML, like Gecko) Chrome/120.0.0.0 Safari/537.36 Edg/120.0.0.0
4	0	0	0	1	0	0	29439894	0	0	29439894	0	Mozilla/5.0 (Linux; Android 9; Redmi Note 5) AppleWebKit/537.36 (KHTML, like Gecko) Chrome/85.0.4183.81 Mobile Safari/537.36
4	3	0	3	0	29455780	29455780	0	29455780	29455780	0	140919	Mozilla/4.0(compatible;MSIE8.0;WindowsNT5.1;Trident/4.0;.NETCLR1.0.3705;.NETCLR1.1.4322;.NETCLR2.0.50727;.NETCLR3.0.4506.2152;.NETCLR3.5.30729)
4	21	0	7	0	29470359	29470359	0	29462594	29462594	0	4411707	Mozilla/5.0 (Macintosh; Intel Mac OS X 10_15_7) AppleWebKit/537.36 (KHTML, like Gecko) Chrome/139.0.0.0 Safari/537.36
4	3	1	62	31	29470193	29470762	29470762	29442212	29454415	29458217	26611	Mozilla/5.0 (Windows NT 10.0; Win64; x64) AppleWebKit/537.36 (KHTML, like Gecko) Chrome/135.0.0.0 Safari/537.36
4	2	2	2	0	29453256	29453256	0	29453256	29453256	0	21951	Mozilla/5.0(WindowsNT6.1;WOW64)AppleWebKit/537.36(KHTML,likeGecko)Chrome/29.0.1547.22Safari/537.36
4	0	0	0	1	0	0	29439935	0	0	29439935	0	Mozilla/5.0 (Windows NT 10.0; Win64; x64) AppleWebKit/537.36 (KHTML, like Gecko) Chrome/75.0.3770.145 Safari/537.36 Vivaldi/2.6.1566.49
4	5	1	4	1	29465174	29465174	29465174	29464136	29464136	29465174	53640	Mozilla/5.0 (Windows NT 10.0) AppleWebKit/537.36 (KHTML, like Gecko) Chrome/114.0.0.0 Safari/537.36
4	2	1	0	0	29470800	0	0	29470800	0	0	14605	semrushBot-ocob
4	2	1	0	0	29470799	0	0	29470799	0	0	14606	claudebot
4	2	2	6	0	29456359	29456359	0	29455780	29455780	0	18704	Mozilla/4.0 (compatible; MSIE 7.0; Windows NT 5.1; Trident/4.0; SE 2.X MetaSr 1.0; SE 2.X MetaSr 1.0; .NET CLR 2.0.50727; SE 2.X MetaSr 1.0)
4	4	4	25	22	29461962	29470995	29470996	29460469	29449867	29443890	48843	Mozilla/5.0 (compatible; crawler)
4	2	2	0	0	29467414	0	0	29458154	0	0	92293	Mozilla/5.0 (compatible; NetcraftSurveyAgent/1.0; +info@netcraft.com)
4	0	0	1	0	0	29469857	0	0	29469857	0	0	Mozilla/5.0 (Macintosh; U; Intel Mac OS X 10_8_7) AppleWebKit/535.2 (KHTML, like Gecko) Chrome/53.0.822.0 Safari/535.2
4	18	2	1	0	29470802	29470802	0	29470800	29470802	0	1493201	Mozilla/5.0 AppleWebKit/537.36 (KHTML, like Gecko; compatible; Googlebot/2.1; +http://www.google.com/bot.html) Chrome/86.0.0.0 Safari/537.36
4	0	0	0	1	0	0	29438492	0	0	29438492	0	Slackbot 1.0 (+https://api.slack.com/robots)
4	15	1	2	0	29471396	29471396	0	29471396	29471396	0	1478528	Mozilla/5.0 (Linux; Android 15; 24117RK2CC Build/AQ3A.240829.003) AppleWebKit/537.36 (KHTML, like Gecko) Chrome/141.0.7390.124 Mobile Safari/537.36
4	87	4	32	3	29471095	29469059	29471095	29468412	29468412	29470776	536574	Mozilla/5.0 (compatible; SERankingBacklinksBot/1.0; +https://seranking.com/backlinks-crawler)
4	2	0	0	0	29460327	0	0	29460327	0	0	1143464	GrokAppAndroid/1.0.90-release.00 (11090000) 24094RAD4G/15 (Xiaomi; 24094RAD4G; Redmi; citrine_eea_global)
4	2	0	0	0	29462024	0	0	29462023	0	0	1143464	ChatGPT/1.2025.350 (iOS 18.6.2; iPad15,7; build 20387701780)
4	4	0	1	0	29461705	29461593	0	29461593	29461593	0	1030598	Mozilla/5.0 (X11; Linux x86_64; rv:144.0) Gecko/20100101 Firefox/144.0
4	8	8	2	0	29448969	29448969	0	29448964	29448969	0	198885	SEO Consulting; Redirect Checker Tool V.02; IP:
4	1	1	0	0	29439426	0	0	29439426	0	0	9526	Mozilla/5.0 (Linux; Android 5.1.1; SAMSUNG SM-A9000 Build/LMY47V) AppleWebKit/537.36 (KHTML, like Gecko) SamsungBrowser/4.0 Chrome/44.0.2403.133 Mobile Safari/537.36
4	1	1	0	4	29439776	0	29439776	29439776	0	29439776	7882	Mozilla/5.0 (X11; CrOS armv7l 13597.84.0) AppleWebKit/537.36 (KHTML, like Gecko) HeadlessChrome/88.0.4324.187 Safari/537.36
4	0	0	0	2	0	0	29438473	0	0	29438473	0	python-requests/2.25.1
4	2	0	0	0	29444759	0	0	29444759	0	0	93946	Mozilla/5.0 (Windows NT 10.0; Win64; x64) AppleWebKit/537.36 (KHTML, like Gecko) Chrome/83.0.4103.97 Safari/537.36
4	1	0	0	0	29461487	0	0	29461487	0	0	571732	ChatGPT/1.2025.328 (Windows_NT 10.0.26200; x86_64; build ) Electron/37.4.0 Chrome/138.0.7204.243
4	1	0	0	0	29467559	0	0	29467559	0	0	571732	Mozilla/5.0 (Macintosh; Intel Mac OS X 10_15_7) AppleWebKit/537.36 (KHTML, like Gecko) Chrome/138.0.0.0 Safari/537.36
4	0	0	0	1	0	0	29439964	0	0	29439964	0	Mozilla/5.0 (Macintosh; Intel Mac OS X 10_15_7) AppleWebKit/537.36 (KHTML, like Gecko) Chrome/128.0.4256.259 Safari/537.36
4	2	1	0	0	29470800	0	0	29470800	0	0	14601	petalbot
4	6	4	3	1	29447378	29447378	29447378	29447159	29447160	29447378	52325	Mozilla/5.0 (X11; Linux x86_64) AppleWebKit/537.36 (KHTML, like Gecko) Chrome/114.0.0.0 Safari/537.36 OPR/89.0.4447.51
4	1	1	1	0	29456110	29456110	0	29456110	29456110	0	10972	Mozilla/5.0 (Windows NT 10.0; WOW64; Android) AppleWebKit/537.36 (KHTML, like Gecko) Chrome/74.0.4390.122 Safari/537.36 HuaweiCrawler
4	7	0	3	1	29461320	29461320	29440327	29440327	29461320	29440327	237520	LinkedInBot/1.0 (compatible; Mozilla/5.0; Apache-HttpClient +http://www.linkedin.com)
4	6	6	15	7	29468162	29468162	29467321	29438472	29450012	29439632	46135	Mozilla/5.0 (Windows NT 10.0; Win64; x64) AppleWebKit/537.36 (KHTML, like Gecko) Chrome/134.0.0.0 Safari/537.36
4	0	0	0	1	0	0	29439197	0	0	29439197	0	Mozilla/5.066704189 Mozilla/5.0 (Windows NT 6.1; Win64; x64) AppleWebKit/537.36 (KHTML, like Gecko) Chrome/69.0.3497.81 Safari/537.36
4	4	4	27	15	29454742	29470044	29470044	29454742	29450593	29450593	164912	Mozilla/5.0 (Linux; Android 13; M2101K6G) AppleWebKit/537.36 (KHTML, like Gecko) Chrome/116.0.0.0 Mobile Safari/537.36
4	3	0	0	0	29460697	0	0	29460697	0	0	32187	Mozilla/5.0 (Windows NT 10.0; Win64; x64) AppleWebKit/537.36 (KHTML, like Gecko) Chrome/114.0.5735.199 Safari/537.36
4	1	0	0	0	29462020	0	0	29462020	0	0	571732	ChatGPT/1.2025.350 (iOS 26.2; iPhone16,2; build 20387701780)
4	0	0	1	0	0	29468513	0	0	29468513	0	0	Mozilla/5.0 (compatible; MSIE 7.0; Windows NT 5.2; Trident/5.0)
4	3	3	0	0	29446604	0	0	29438480	0	0	21082	Mozilla/5.0 (Windows NT 10.0; Win64; x64) AppleWebKit/537.36 (KHTML, like Gecko) Chrome/58.0.3029.110 Safari/537.3
4	1	0	0	0	29460188	0	0	29460188	0	0	11641	Mozilla/5.0 (Windows NT 10.0; Win64; x64) AppleWebKit/537.36 (KHTML, like Gecko) Chrome/103.0.5060.66 Safari/537.36 Edg/103.0.1264.44
4	2	2	0	0	29465832	0	0	29465832	0	0	27222	Mediumbot-MetaTagFetcher/0.3 (+https://medium.com/)
4	1	1	0	0	29442215	0	0	29442215	0	0	10379	Mozilla/5.0 (PLAYSTATION 3; 2.00)
4	3	1	0	0	29470799	0	0	29460299	0	0	54776	Mozilla/5.0 AppleWebKit/537.36 (KHTML, like Gecko; compatible; Perplexity-User/1.0; +https://perplexity.ai/perplexity-user)
4	2	1	4	0	29456711	29456711	0	29453254	29453254	0	10539	Mozilla/5.0 (X11; Linux x86_64) Gecko/20100101 Firefox/121.0
4	0	0	1	0	0	29464005	0	0	29464005	0	0	Mozilla/5.0 (Windows NT 6.3; Win64; x64) AppleWebKit/537.36 (KHTML, like Gecko) Chrome/75.0.3770.100 Safari/537.36
4	2	1	0	0	29470799	0	0	29470799	0	0	14605	claude
4	2	1	4	7	29459297	29459297	29440470	29456913	29456913	29440464	10535	Mozilla/5.0 (Macintosh; Intel Mac OS X 10_15_7) AppleWebKit/605.1.15 (KHTML, like Gecko) Version/17.1 Safari/605.1.15
4	2	2	2	0	29454340	29454340	0	29454340	29454340	0	21981	Mozilla/5.0(compatible;MSIE9.0;WindowsNT6.1;Win64;x64;Trident/5.0;.NETCLR2.0.50727;SLCC2;.NETCLR3.5.30729;.NETCLR3.0.30729;MediaCenterPC6.0;TabletPC2.0;InfoPath.3;.NET4.0C;.NET4.0E)
4	1	0	1	0	29465879	29465879	0	29465879	29465879	0	971	Mozilla/5.0 (Windows NT 11.0; Win64; x64; rv:121.0) Gecko/20100101 Firefox/121.0
4	43	0	18	0	29470232	29470232	0	29439934	29449636	0	2959	Mozilla/5.0 (Macintosh; Intel Mac OS X 10_15_7) AppleWebKit/537.36 (KHTML, like Gecko) Chrome/131.0.0.0 Safari/537.36; compatible; OAI-SearchBot/1.3; robots.txt; +https://openai.com/searchbot
4	0	0	0	1	0	0	29439964	0	0	29439964	0	Mozilla/5.0 (X11; Linux x86_64) AppleWebKit/537.36 (KHTML, like Gecko) Chrome/129.0.6035.152 Safari/537.36
4	4	4	0	3	29441391	0	29439629	29439630	0	29439629	60186	Mozilla/5.0 (Windows NT 10.0; Win64; x64) AppleWebKit/537.36 (KHTML, like Gecko) Chrome/91.0.4472.124 Safari/537.36
4	1	0	3	1	29465841	29465841	29465841	29465841	29465841	29465841	971	Mozilla/5.0 (Macintosh; Intel Mac OS X 13_6_1) AppleWebKit/537.36 (KHTML, like Gecko) Chrome/121.0.0.0 Safari/537.36
4	1	1	0	1	29442402	0	29442402	29442402	0	29442402	10377	Mozilla/5.0 (Windows NT 10.0; Win64; x64) AppleWebKit/537.36 (KHTML, like Gecko) Chrome/133.0.0.0 Safari/537.36
4	0	0	0	1	0	0	29439964	0	0	29439964	0	Mozilla/5.0 (Windows NT 10.0; Win64; x64) AppleWebKit/537.36 (KHTML, like Gecko) Chrome/129.0.7497.772 Safari/537.36
4	1	1	1	0	29451116	29451116	0	29451116	29451116	0	10950	Mozilla/5.0 (Windows NT 10.0; Win64; x64) AppleWebKit/537.36 (KHTML, like Gecko) Chrome/121.0.0.0 Safari/537.36 Edg/121.0.0.0 Trailer/93.3.3695.30
4	1	1	1	0	29464598	29464598	0	29464598	29464598	0	50648	Mozilla/5.0 (Macintosh; Intel Mac OS X 10_13_6) AppleWebKit/537.36 (KHTML, like Gecko) Chrome/68.0.3440.106 Safari/537.36
4	270	31	52	0	29470805	29470805	0	29441063	29448992	0	80387008	Mozilla/5.0 (X11; Linux x86_64) AppleWebKit/537.36 (KHTML, like Gecko) Chrome/125.0.0.0 Safari/537.36
4	1	1	0	0	29439208	0	0	29439208	0	0	9527	Mozilla/5.0 (Linux; Android 7.0; BAC-AL00 Build/HUAWEIBAC-AL00; wv) AppleWebKit/537.36 (KHTML, like Gecko) Version/4.0 Chrome/57.0.2987.132 MQQBrowser/6.2 TBS/044208 Mobile Safari/537.36 MicroMessenger/6.7.2.1340(0x2607023A) NetType/4G Language/zh_CN
4	37	10	23	2	29465900	29465900	29440314	29440314	29459906	29440273	1229565	WhatsApp/2.23.20.0
4	6	6	0	0	29471010	0	0	29443506	0	0	72329	Mozilla/5.0 (compatible; Pinterestbot/1.0; +http://www.pinterest.com/bot.html)
4	0	0	0	1	0	0	29439964	0	0	29439964	0	Mozilla/5.0 (Macintosh; Intel Mac OS X 10_15_7) AppleWebKit/537.36 (KHTML, like Gecko) Chrome/131.0.8722.393 Safari/537.36
4	1	1	0	0	29439131	0	0	29439131	0	0	9280	Mozilla/5.0 (iPhone; CPU iPhone OS 10_0_1 like Mac OS X) AppleWebKit/602.1.50 (KHTML, like Gecko) Mobile/14A403
4	4	1	1	0	29469095	29469095	0	29469095	29469095	0	51178	Mozilla/5.0 (Macintosh; Intel Mac OS X 10_15_7) AppleWebKit/605.1.15 (KHTML, like Gecko) Version/17.3.1 Safari/605.1.1
4	1	1	0	0	29440722	0	0	29440722	0	0	9682	Mozilla/5.0 (X11; Linux x86_64; rv:109.0) Gecko/20100101 Firefox/112.0
4	3	0	1	0	29468803	29468803	0	29468803	29468803	0	122633	Mozilla/5.0 (X11; Linux x86_64) AppleWebKit/537.36 (KHTML, like Gecko) Chrome/143.0.7499.169 Safari/537.36 (compatible; Google-InspectionTool/1.0)
4	1	1	1	0	29470456	29470456	0	29470456	29470456	0	11867	Mozilla/5.0, Google-AdWords-Express
4	153	27	24	1	29470799	29462890	29440295	29441871	29460405	29440295	1712292	Mozilla/5.0 AppleWebKit/537.36 (KHTML, like Gecko); compatible; ChatGPT-User/1.0; +https://openai.com/bot
4	1	0	0	0	29469964	0	0	29469964	0	0	9552	Mozilla/5.0 (Macintosh; Intel Mac OS X 10_15_7) AppleWebKit/605.1.15 (KHTML, like Gecko) Version/18.3 Safari/605.1.15
4	18	4	0	0	29448960	0	0	29448951	0	0	5734728	Mozilla/5.0 (Linux; Android 11; Pixel 4a) AppleWebKit/537.36 (KHTML, like Gecko) Chrome/103.0.5060.134 Mobile Safari/537.36 GTmetrix
4	1	0	2	2	29462000	29470211	29470211	29462000	29466765	29466765	11575	Mozilla/5.0 (Windows NT 10.0; Win64; x64) AppleWebKit/537.36 (KHTML, like Gecko) Chrome/132.0.0.0 Safari/537.36
4	30	15	13	0	29467931	29467345	0	29467345	29467345	0	260937	Twitterbot/1.0
4	111	0	44	0	29470661	29470661	0	29458912	29458912	0	36280007	Mozilla/5.0 (X11; Linux x86_64) AppleWebKit/537.36 (KHTML, like Gecko) Chrome/141.0.7390.122 Safari/537.36 (compatible; Google-InspectionTool/1.0)
4	0	0	8	1	0	29460813	29450829	0	29460536	29450829	0	Mozilla/5.0 (X11; Linux x86_64) AppleWebKit/537.36 (KHTML, like Gecko) Chrome/81.0.4044.129 Safari/537.36
4	1	0	0	0	29444774	0	0	29444774	0	0	46973	Mozilla/5.0 (X11; Linux x86_64) AppleWebKit/537.36 (KHTML, like Gecko) Chrome/124.0.0.0 Safari/537.36
4	7	0	5	0	29469729	29469729	0	29466695	29466695	0	497	Mozilla/5.0 (Macintosh; Intel Mac OS X 10_10_1) AppleWebKit/600.2.5 (KHTML, like Gecko) Version/8.0.2 Safari/600.2.5 (TestUserAgent)
4	0	0	0	1	0	0	29439964	0	0	29439964	0	Mozilla/5.0 (Macintosh; Intel Mac OS X 10_15_7) AppleWebKit/537.36 (KHTML, like Gecko) Chrome/123.0.9399.53 Safari/537.36
4	17	2	0	0	29470435	0	0	29461517	0	0	214555	Mozilla/5.0 (X11; Linux x86_64) AppleWebKit/537.36 (KHTML, like Gecko) Chrome/83.0.4103.7 Safari/537.36
4	2	1	0	0	29466493	0	0	29466493	0	0	53183	Mozilla/5.0 (X11; Linux x86_64) AppleWebKit/537.36 (KHTML, like Gecko) Chrome/141.0.0.0 Safari/537.36 OPR/125.0.0.0
4	2	1	0	0	29470800	0	0	29470800	0	0	14604	pangubot
4	11	0	0	0	29468155	0	0	29468155	0	0	508599	Mozilla/5.0 (iPhone; CPU iPhone OS 9_0 like Mac OS X) AppleWebKit/601.1.46 (KHTML, like Gecko) Version/9.0 Mobile/13A340 Safari/601.1
4	8	8	32	21	29462090	29469222	29469222	29455073	29449478	29438663	78884	Mozilla/4.0 (compatible; MSIE 6.0; Windows NT 5.1; SV1)
4	7	6	2	0	29460357	29456238	0	29439590	29454663	0	64392	Mozilla/5.0 (Linux; Android 6.0.1; Nexus 5X Build/MMB29P) AppleWebKit/537.36 (KHTML, like Gecko) Chrome/99.0.4844.84 Mobile Safari/537.36 (compatible; Googlebot/2.1; +http://www.google.com/bot.html)
4	2	0	4	1	29459299	29459299	29447146	29459297	29447146	29447146	1942	Mozilla/5.0 (Windows NT 10.0; Win64; x64) AppleWebKit/537.36 (KHTML, like Gecko) Chrome/118.0.5993.88 Safari/537.36
4	0	0	0	1	0	0	29440474	0	0	29440474	0	Mozilla/5.0 (Macintosh; Intel Mac OS X 10_14_3) AppleWebKit/537.36 (KHTML, like Gecko) Chrome/76.0.3809.87 Safari/537.36
4	2	2	0	0	29441372	0	0	29441372	0	0	19436	Mozilla/5.0 (iPod; U; CPU like Mac OS X; en) AppleWebKit/420.1 (KHTML, like Gecko) Version/3.0 Mobile/3A100a Safari/419.3
4	140	16	50	0	29471393	29471393	0	29440327	29449749	0	4321766	facebookexternalhit/1.1 (+http://www.facebook.com/externalhit_uatext.php)
4	0	0	1	0	0	29453703	0	0	29453703	0	0	Mozilla/5.0 (X11; U; Linux i686; de-DE; rv:1.7.13) Gecko/20060418 Firefox/1.0.8 (Ubuntu package 1.0.8)
4	1	1	6	3	29440770	29470392	29470392	29440770	29461210	29441480	9658	Mozilla/5.0 (Macintosh; Intel Mac OS X 10_15_7) AppleWebKit/537.36 (KHTML, like Gecko) Chrome/135.0.0.0 Safari/537.36
4	2	1	0	0	29470799	0	0	29470799	0	0	14601	Mozilla/5.0 AppleWebKit/537.36 (KHTML, like Gecko; compatible; GPTBot/1.0; +https://openai.com/gptbot)
4	1	1	1	0	29462496	29462496	0	29462496	29462496	0	50661	Mozilla/5.0 (X11; CrOS x86_64 6457.107.0) AppleWebKit/537.36 (KHTML, like Gecko) Chrome/40.0.2214.115 Safari/537.36
4	97	66	118	20	29470823	29470823	29470081	29440707	29440707	29442905	3849644	Mozilla/5.0 (Windows NT 10.0; Win64; x64) AppleWebKit/537.36 (KHTML, like Gecko) Chrome/131.0.0.0 Safari/537.36
4	2	1	1	0	29457824	29457824	0	29457824	29457824	0	20289	Mozilla/5.0 (Macintosh; Intel Mac OS X 12_5) AppleWebKit/537.36 (KHTML, like Gecko) Chrome/114.0.0.0 Safari/537.36 Edg/114.0.1264.71
4	29	11	14	8	29465432	29465432	29465432	29438492	29451028	29438492	1096078	okhttp/5.3.0
4	1	0	0	4	29439912	0	29439912	29439912	0	29438472	162804	Python/3.13 aiohttp/3.13.2
4	1	1	0	0	29440676	0	0	29440676	0	0	9660	Mozilla/5.0 (Linux; Android 7.1.1; OPPO R11t Build/NMF26X; wv) AppleWebKit/537.36 (KHTML, like Gecko) Version/4.0 Chrome/48.0.2564.116 Mobile Safari/537.36 T7/10.11 baiduboxapp/10.11.0.12 (Baidu; P1 7.1.1)
4	6	2	5	0	29460972	29460972	0	29460972	29460972	0	1040382	Mozilla/5.0 (X11; Ubuntu; Linux x86_64; rv:146.0) Gecko/20100101 Firefox/146.0
4	2	1	0	0	29470799	0	0	29470799	0	0	14604	meta-externalfetcher/1.1 (+https://developers.facebook.com/docs/sharing/webmasters/crawler)
4	1	1	0	0	29447935	0	0	29447935	0	0	10650	Mozilla/5.0 (Linux; U; Android 7.1.1; zh-CN; OPPO R11st Build/NMF26X) AppleWebKit/537.36 (KHTML, like Gecko) Version/4.0 Chrome/57.0.2987.108 UCBrowser/11.9.4.974 UWS/2.14.0.11 Mobile Safari/537.36 AliApp(TB/7.10.0) UCBS/2.11.1.1 TTID/10001401@taobao_android_7.10.0 WindVane/8.3.0 1080X2016
4	1	1	0	0	29442842	0	0	29442842	0	0	37725	Mozilla/5.0 (Linux; Android 10; SM-G981B) AppleWebKit/537.36 (KHTML, like Gecko) Chrome/80.0.3987.162 Mobile Safari/537.36
4	4	4	0	68	29438473	0	29438473	29438472	0	29438472	4134	Mozilla/5.0 (l9scan/2.0.9383e26323e2539313e2935313; +https://leakix.net)
4	4	1	1	0	29469629	29469628	0	29469628	29469628	0	51183	Mozilla/5.0 (Windows NT 10.0; Win64; x64) AppleWebKit/537.36 (KHTML, like Gecko) Chrome/122.0.0.0 Safari/537.36 Agency/93.8.2357.5
4	1	1	0	0	29440959	0	0	29440959	0	0	9680	Mozilla/5.0 (Windows NT 10.0; Win64; x64) AppleWebKit/537.36 (KHTML, like Gecko) Chrome/102.0.5005.63 Safari/537.36
4	2	1	0	0	29465843	0	0	29465843	0	0	13680	Mozilla/5.0 (X11; Ubuntu; Linux i686; rv:28.0) Gecko/20100101 Firefox/28.0
4	0	0	0	1	0	0	29439964	0	0	29439964	0	Mozilla/5.0 (Macintosh; Intel Mac OS X 14_6_1) AppleWebKit/537.36 (KHTML, like Gecko) Chrome/130.0.6365.887 Safari/537.36
4	0	0	1	1	0	29463481	29463481	0	29463481	29463481	0	Mozilla/5.0 (Windows NT 10.0; Win64; x64) AppleWebKit/537.36 (KHTML, like Gecko) Chrome/99.0.4844.51 Safari/537.36
4	0	0	0	1	0	0	29467155	0	0	29467155	0	Mozilla/5.0 (Linux; U; Android 7.1.2; el-gr; Redmi 4X Build/N2G47H) AppleWebKit/537.36 (KHTML, like Gecko) Version/4.0 Chrome/71.0.3578.141 Mobile Safari/537.36 XiaoMi/MiuiBrowser/10.9.7-g
4	1	0	0	0	29462345	0	0	29462345	0	0	11493	Mozilla/5.0 (X11; CrOS x86_64 14541.0.0) AppleWebKit/537.36 (KHTML, like Gecko) Chrome/142.0.0.0 Safari/537.36
4	2	2	2	0	29452895	29452895	0	29452895	29452894	0	21948	Mozilla/5.0 (iPhone; U; CPU iPhone OS 4_1 like Mac OS X; ja-jp) AppleWebKit/532.9 (KHTML, like Gecko) Version/4.0.5 Mobile/8B117 Safari/6531.22.7
4	1	1	0	0	29442548	0	0	29442548	0	0	9757	Mozilla/5.0 (compatible; UGAResearchAgent/1.0; Please visit: NISLabUGA.github.io)
4	0	0	0	1	0	0	29440994	0	0	29440994	0	Mozilla/5.0 (Windows NT 10.0; Win64; x64) AppleWebKit/537.36 (KHTML, like Gecko) Chrome/42.0.2311.135 Safari/537.36 Edge/12.246
4	0	0	0	1	0	0	29440645	0	0	29440645	0	Mozilla/5.067805899 Mozilla/5.0 (Windows NT 6.1; WOW64) AppleWebKit/537.36 (KHTML, like Gecko) Chrome/63.0.3239.132 Safari/537.36
4	2	2	2	0	29455780	29455780	0	29455780	29455780	0	21942	Mozilla/5.0(Linux;Android5.0.2;SAMSUNGSM-A300HBuild/LRX22G)AppleWebKit/537.36(KHTML,likeGecko)SamsungBrowser/3.3Chrome/38.0.2125.102MobileSafari/537.36
4	4	4	28	13	29454742	29469938	29469938	29454742	29450592	29450592	164912	Mozilla/5.0 (iPhone; CPU iPhone OS 15_7_9 like Mac OS X) AppleWebKit/605.1.15 (KHTML, like Gecko) Version/15.6.5 Mobile/15E148 Safari/604.1
4	0	0	9	9	0	29471372	29471372	0	29463073	29463073	0	Mozilla/5.0 (Macintosh; Intel Mac OS X 10_15_7) AppleWebKit/537.36 (KHTML, like Gecko) Chrome/134.0.0.0 Safari/537.36
5	1	0	0	0	29469095	0	0	29469095	0	0	11643	5.133.192.212
5	6	1	0	0	29444252	0	0	29444252	0	0	1936198	170.247.222.82
5	0	0	1	0	0	29461853	0	0	29461853	0	0	23.23.180.225
5	2	2	2	0	29466198	29466197	0	29460165	29460165	0	25346	49.51.72.236
5	0	0	1	0	0	29470588	0	0	29470588	0	0	156.238.60.177
5	0	0	2	0	0	29456147	0	0	29456147	0	0	45.131.194.171
5	1	0	0	0	29447364	0	0	29447364	0	0	10604	5.133.192.189
5	4	3	6	0	29455720	29455720	0	29455720	29455719	0	43906	47.254.233.165
5	4	1	1	2	29465098	29454345	29454345	29454345	29454345	29454345	13823	130.44.202.233
5	1	0	0	0	29460269	0	0	29460269	0	0	11645	52.255.111.63
5	3	1	0	1	29471405	0	29450024	29454345	0	29450024	14674	130.44.202.232
5	5	4	6	1	29464845	29464845	29464845	29443949	29443949	29464845	205869	77.246.100.120
5	1	1	0	0	29455369	0	0	29455369	0	0	10971	43.159.143.187
5	0	0	1	0	0	29453151	0	0	29453151	0	0	110.249.202.206
5	1	1	0	0	29457023	0	0	29457023	0	0	11437	118.194.230.61
5	0	0	0	1	0	0	29464216	0	0	29464216	0	46.236.242.132
5	1	0	1	0	29461892	29460753	0	29461892	29460753	0	11572	52.255.111.58
5	2	2	0	0	29463622	0	0	29444864	0	0	24182	43.140.247.223
5	1	0	0	0	29462246	0	0	29462246	0	0	11495	52.255.111.54
5	1	0	0	0	29460752	0	0	29460752	0	0	11756	52.255.111.53
5	2	2	0	0	29460753	0	0	29460753	0	0	19520	52.255.111.51
5	1	1	0	0	29439307	0	0	29439307	0	0	0	44.246.187.43
5	1	0	1	0	29452285	29452285	0	29452285	29452285	0	11769	5.133.192.173
5	1	0	0	0	29462846	0	0	29462846	0	0	11497	52.255.111.49
5	1	0	0	0	29460193	0	0	29460193	0	0	11644	52.255.111.48
5	1	1	0	2	29438492	0	29438492	29438492	0	29438492	701	100.31.7.50
5	1	0	0	0	29462352	0	0	29462352	0	0	571732	77.20.250.27
5	1	0	0	0	29460724	0	0	29460724	0	0	11758	49.0.243.34
5	2	1	0	0	29441255	0	0	29441255	0	0	56691	5.133.192.166
5	3	3	0	10	29439090	0	29439089	29439089	0	29439089	24683	120.79.175.31
5	1	1	0	0	29458154	0	0	29458154	0	0	42351	18.201.230.120
5	0	0	1	0	0	29469894	0	0	29469894	0	0	51.75.23.111
5	0	0	1	0	0	29457697	0	0	29457697	0	0	82.156.239.150
5	0	0	2	0	0	29454896	0	0	29454896	0	0	103.139.144.231
5	0	0	6	0	0	29468289	0	0	29466349	0	0	103.139.144.230
5	18	6	3	5	29446859	29443910	29447084	29440495	29440495	29439934	2847175	74.7.243.199
5	0	0	1	0	0	29466940	0	0	29466940	0	0	173.239.240.115
5	9	1	0	0	29467635	0	0	29467634	0	0	1122758	74.7.243.208
5	2	0	0	0	29471258	0	0	29470872	0	0	985860	51.38.185.131
5	8	2	0	0	29467904	0	0	29444160	0	0	63536	72.13.46.3
5	0	0	0	1	0	0	29463503	0	0	29463503	0	110.249.202.165
5	0	0	1	0	0	29459057	0	0	29459057	0	0	103.121.227.156
5	2	1	4	0	29458560	29458559	0	29458559	29458559	0	79306	192.252.215.2
5	1	1	0	18	29466940	0	29466940	29466940	0	29466940	49940	173.239.240.106
5	1	1	2	0	29457132	29457132	0	29457132	29457132	0	9566	43.163.105.23
5	19	3	4	1	29470471	29470471	29470471	29470471	29470471	29470471	1053317	54.247.57.72
5	1	1	1	0	29466313	29466313	0	29466313	29466313	0	13828	101.42.46.71
5	2	1	2	0	29464688	29464688	0	29464688	29464688	0	13680	144.76.22.239
5	2	0	0	0	29461759	0	0	29461759	0	0	11743	159.138.133.59
5	1	1	3	1	29467057	29467057	29467057	29467057	29467057	29467057	13973	167.172.89.95
5	0	0	0	1	0	0	29448441	0	0	29448441	0	110.249.202.147
5	1	1	0	0	29441096	0	0	29441096	0	0	9661	34.126.159.198
5	17	5	0	0	29448960	0	0	29448959	0	0	82841	46.30.211.69
5	1	1	0	0	29467304	0	0	29467304	0	0	13975	167.235.227.57
5	1	1	1	0	29467345	29467345	0	29467345	29467345	0	13976	144.76.22.228
5	1	0	0	0	29463833	0	0	29463833	0	0	10599	207.191.255.3
5	3	0	3	0	29453600	29453600	0	29453600	29453600	0	47584	106.75.66.75
5	30	2	2	2	29470500	29470500	29470500	29467908	29467908	29467908	1626772	77.111.246.50
5	15	1	1	1	29469995	29469994	29469995	29469994	29469994	29469995	644084	77.111.246.47
5	2	1	1	0	29449996	29449996	0	29449996	29449996	0	75012	45.11.20.111
5	1	0	0	0	29461756	0	0	29461756	0	0	71	66.249.79.32
5	4	3	6	0	29456444	29456444	0	29456444	29456444	0	45791	206.238.221.230
5	4	3	6	0	29456659	29456659	0	29456659	29456659	0	45796	47.76.243.60
5	16	5	5	0	29454723	29454718	0	29451808	29454718	0	5239361	168.119.154.199
5	26	2	2	2	29470760	29470760	29470761	29466943	29466943	29466943	2025324	77.111.246.43
5	30	2	2	2	29468788	29468788	29468788	29468261	29468261	29468261	1288167	77.111.246.41
5	45	3	3	3	29470847	29470847	29470848	29468357	29468357	29468357	2766695	77.111.246.40
5	50	49	131	1	29454742	29454742	29454742	29454741	29454741	29454742	2061760	4.213.56.0
5	2	1	0	0	29463789	0	0	29445715	0	0	23273	43.159.132.207
5	79	6	112	4	29466624	29466625	29448527	29442763	29445361	29446052	409746	216.244.66.238
5	1	0	0	0	29469734	0	0	29469734	0	0	10158	116.204.107.102
5	1	0	1	0	29467647	29467647	0	29467647	29467647	0	680	51.195.244.63
5	37	3	3	3	29470588	29470588	29470588	29467198	29467199	29467199	2076329	77.111.246.30
5	15	1	1	1	29467997	29467997	29467997	29467997	29467997	29467997	644081	77.111.246.28
5	2	1	2	0	29451867	29451867	0	29451867	29451867	0	11083	144.76.22.202
5	1	0	0	0	29463637	0	0	29463637	0	0	571732	18.237.229.245
5	1	0	0	0	29448407	0	0	29448407	0	0	46973	199.244.88.232
5	15	1	1	1	29469581	29469581	29469582	29469581	29469581	29469582	644084	77.111.246.24
5	1	1	2	0	29445949	29463242	0	29445949	29454681	0	8696	185.242.177.59
5	1	1	4	0	29441524	29465705	0	29441524	29463376	0	9864	199.244.88.229
5	1	1	0	0	29453162	0	0	29453162	0	0	9133	185.242.177.58
5	15	1	1	1	29468878	29468878	29468878	29468878	29468878	29468878	644083	77.111.246.22
5	5	5	1	0	29469009	29464688	0	29444509	29464688	0	50621	185.242.177.57
5	0	0	1	0	0	29464373	0	0	29464373	0	0	199.244.88.228
5	27	2	2	2	29467816	29467816	29467816	29466493	29466493	29466493	1232654	77.111.246.21
5	0	0	0	1	0	0	29466212	0	0	29466212	0	190.226.159.193
5	2	2	1	0	29458959	29464688	0	29457480	29464688	0	19131	185.242.177.56
5	15	1	1	1	29468176	29468175	29468176	29468175	29468175	29468176	644085	77.111.246.19
5	2	2	1	0	29464799	29454681	0	29463291	29454681	0	22146	185.242.177.55
5	0	0	1	0	0	29471372	0	0	29471372	0	0	103.163.182.247
5	26	2	2	2	29470676	29470676	29470676	29467029	29467029	29467029	2025324	77.111.246.18
5	3	3	1	0	29463291	29460355	0	29441628	29460355	0	30355	185.242.177.54
5	0	0	1	0	0	29452914	0	0	29452914	0	0	34.78.37.6
5	1	1	1	0	29465704	29463374	0	29465704	29463374	0	13612	199.244.88.224
5	1	1	1	0	29461841	29451710	0	29461841	29451710	0	11129	185.242.177.53
5	2	0	0	0	29464373	0	0	29463376	0	0	93946	199.244.88.223
5	1	1	1	0	29448829	29453151	0	29448829	29453151	0	8862	185.242.177.52
5	2	1	0	0	29465705	0	0	29464371	0	0	60557	199.244.88.222
5	1	1	0	0	29448829	0	0	29448829	0	0	8859	185.242.177.51
5	55	55	24	0	29470447	29470438	0	29438749	29450269	0	542559	185.242.177.50
5	4	3	6	0	29456290	29456290	0	29456290	29456290	0	45791	54.46.49.179
5	1	1	0	0	29463374	0	0	29463374	0	0	13690	199.244.88.219
5	1	1	1	0	29468618	29468618	0	29468618	29468618	0	14535	150.109.230.210
5	0	0	1	0	0	29467663	0	0	29467663	0	0	39.48.163.139
5	0	0	1	0	0	29463061	0	0	29463061	0	0	104.234.53.45
5	1	0	0	0	29449976	0	0	29449976	0	0	1686	154.193.154.62
5	0	0	2	0	0	29463062	0	0	29463061	0	0	104.234.53.36
5	0	0	0	1	0	0	29468583	0	0	29468583	0	43.167.241.46
5	0	0	1	0	0	29467745	0	0	29467745	0	0	180.74.219.86
5	18	2	6	0	29454360	29454360	0	29454360	29454360	0	10318462	167.235.197.228
5	14	14	45	20	29462090	29469222	29469222	29455073	29449478	29443775	136354	185.102.115.120
5	1	0	0	0	29468025	0	0	29468025	0	0	41778	51.195.244.30
5	0	0	3	1	0	29452168	29452168	0	29452168	29452168	0	5.183.130.47
5	1	0	0	0	29468615	0	0	29468615	0	0	41778	69.63.189.113
5	1	1	1	0	29464598	29464598	0	29464598	29464598	0	50648	64.225.30.223
5	2	0	0	0	29444321	0	0	29442427	0	0	1942	103.139.144.126
5	4	3	6	0	29457208	29457208	0	29457208	29457208	0	45791	116.118.45.185
5	0	0	0	2	0	0	29441107	0	0	29441101	0	157.55.39.58
5	1	1	0	0	29456559	0	0	29456559	0	0	11435	43.157.20.63
5	53	1	54	0	29455067	29454801	0	29453162	29450559	0	2537791	185.242.177.19
5	0	0	1	0	0	29470368	0	0	29470368	0	0	106.221.228.114
5	6	2	5	0	29459482	29459482	0	29459482	29459482	0	210765	54.211.200.84
5	0	0	1	0	0	29443436	0	0	29443436	0	0	91.217.249.26
5	0	0	2	0	0	29451538	0	0	29451538	0	0	37.140.223.156
5	1	1	0	0	29443436	0	0	29443436	0	0	37589	91.217.249.25
5	0	0	1	0	0	29467125	0	0	29467125	0	0	45.170.130.203
5	2	1	0	0	29439147	0	0	29439147	0	0	173107	14.18.16.155
5	0	0	0	4	0	0	29438474	0	0	29438474	0	209.50.227.112
5	1	1	1	0	29470287	29470287	0	29470287	29470287	0	14533	42.83.147.54
5	1	0	0	0	29462261	0	0	29462261	0	0	11498	137.135.191.43
5	169	59	35	30	29464409	29464397	29464409	29464277	29464277	29464343	3636432	223.123.10.57
5	4	4	4	0	29464403	29464403	0	29450027	29450027	0	49344	146.190.231.84
5	1	1	1	0	29460676	29460676	0	29460676	29460676	0	11800	43.159.149.56
5	2	2	0	0	29441729	0	0	29441729	0	0	20520	161.118.250.104
5	0	0	7	7	0	29462799	29462799	0	29462798	29462798	0	188.166.251.249
5	6	0	0	0	29457522	0	0	29449636	0	0	426	74.7.244.63
5	2	1	0	1	29464923	0	29464556	29450666	0	29464556	22432	119.28.89.249
5	106	37	5	2	29470802	29470802	29470800	29470798	29470798	29470799	3507112	34.83.190.242
5	1	0	0	0	29461600	0	0	29461600	0	0	11746	74.7.35.117
5	1	0	1	0	29457305	29457305	0	29457305	29457305	0	71	114.119.157.56
5	1	0	0	0	29446451	0	0	29446451	0	0	971	136.144.33.242
5	2	1	2	0	29467345	29467345	0	29467345	29467345	0	14046	144.76.22.115
5	1	0	0	0	29461852	0	0	29461852	0	0	11573	74.7.35.112
5	1	0	0	0	29460967	0	0	29460967	0	0	11293	207.32.131.8
5	1	1	0	0	29465356	0	0	29465356	0	0	13609	43.153.204.189
5	1	0	0	0	29468615	0	0	29468615	0	0	133722	173.252.107.4
5	1	0	0	0	29456202	0	0	29456202	0	0	48628	173.252.107.3
5	1	1	0	0	29469124	0	0	29469124	0	0	14534	170.106.35.187
5	1	0	0	0	29456202	0	0	29456202	0	0	11606	173.252.107.2
5	0	0	2	0	0	29470688	0	0	29456364	0	0	157.55.39.11
5	1	0	1	0	29456202	29456202	0	29456202	29456202	0	48628	173.252.107.1
5	1	1	0	0	29447030	0	0	29447030	0	0	10521	160.225.169.212
5	354	222	57	2	29459956	29459952	29459880	29459881	29459882	29459877	38381196	223.123.10.34
5	4	3	6	0	29460184	29460184	0	29460184	29460184	0	46425	103.254.149.34
5	3	0	1	0	29466206	29466206	0	29466206	29466206	0	630194	204.93.209.85
5	1	0	0	0	29464417	0	0	29464417	0	0	11518	166.0.248.214
5	1	0	0	0	29460817	0	0	29460817	0	0	571732	34.215.152.179
5	4	3	6	0	29457282	29457282	0	29457282	29457282	0	45797	104.143.32.202
5	1	0	0	0	29463473	0	0	29463473	0	0	11978	43.130.67.33
5	1	1	1	0	29463692	29463692	0	29463692	29463692	0	13619	93.159.230.85
5	0	0	1	0	0	29461230	0	0	29461230	0	0	189.178.208.18
5	2	1	2	0	29466961	29466961	0	29466961	29466961	0	58351	185.188.61.241
5	1	0	0	0	29439934	0	0	29439934	0	0	24	74.7.244.36
5	4	3	6	0	29460300	29460300	0	29460300	29460300	0	46425	103.254.149.26
5	1	1	0	0	29443782	0	0	29443782	0	0	10381	152.53.210.225
5	4	3	6	0	29456313	29456313	0	29456313	29456313	0	45790	47.237.208.162
5	4	3	6	0	29456794	29456794	0	29456794	29456794	0	45789	118.107.19.120
5	207	49	42	5	29447618	29447616	29447594	29447460	29447461	29447561	18021194	223.123.9.78
5	1	1	0	0	29455563	0	0	29455563	0	0	9134	142.171.160.57
5	8	0	0	0	29462087	0	0	29458019	0	0	568	74.7.244.16
5	0	0	1	0	0	29460001	0	0	29460001	0	0	190.133.75.234
5	54	36	76	20	29467921	29467921	29467921	29442315	29442315	29442315	2208354	83.217.213.120
5	0	0	1	0	0	29447087	0	0	29447087	0	0	124.182.24.192
5	0	0	1	0	0	29460564	0	0	29460564	0	0	66.102.6.194
5	0	0	2	0	0	29467253	0	0	29467253	0	0	66.102.6.193
5	1	0	0	2	29454718	0	29462985	29454718	0	29450024	71	37.230.50.42
5	1	0	0	0	29464287	0	0	29464287	0	0	21357	15.235.27.215
5	0	0	1	0	0	29455563	0	0	29455563	0	0	142.171.170.234
5	0	0	1	0	0	29458401	0	0	29458401	0	0	157.100.199.219
5	1	0	0	0	29460547	0	0	29460547	0	0	571732	80.246.120.166
5	1	1	1	1	29470015	29470015	29468023	29470015	29470015	29468023	14533	43.155.129.131
5	4	4	0	0	29445293	0	0	29441827	0	0	92507	152.53.195.17
5	0	0	0	1	0	0	29440994	0	0	29440994	0	193.32.127.206
5	3	2	1	0	29469405	29462275	0	29459564	29462275	0	38801	170.106.180.246
5	3	0	3	0	29469639	29469639	0	29466695	29466695	0	213	44.195.201.244
5	0	0	0	1	0	0	29464782	0	0	29464782	0	182.185.138.113
5	1	1	0	1	29438658	0	29438658	29438658	0	29438658	705	161.123.224.155
5	0	0	0	2	0	0	29438930	0	0	29438930	0	160.225.169.138
5	1	0	1	1	29446827	29446828	29446828	29446827	29446828	29446828	971	176.123.7.62
5	1	1	0	0	29466121	0	0	29466121	0	0	13754	43.166.226.57
5	0	0	2	0	0	29463923	0	0	29463923	0	0	165.232.109.145
5	0	0	1	0	0	29460462	0	0	29460462	0	0	103.42.202.231
5	0	0	0	1	0	0	29440645	0	0	29440645	0	106.117.115.238
5	0	0	1	0	0	29456576	0	0	29456576	0	0	195.181.167.40
5	1	0	0	0	29462915	0	0	29462915	0	0	571732	86.56.249.197
5	2	1	4	0	29461939	29461939	0	29461939	29461939	0	88548	87.240.52.143
5	0	0	1	0	0	29460188	0	0	29460188	0	0	14.237.226.179
5	0	0	1	0	0	29451298	0	0	29451298	0	0	66.249.92.33
5	1	1	0	0	29444496	0	0	29444496	0	0	10384	109.199.118.129
5	3	3	3	0	29458026	29458026	0	29449797	29449797	0	33069	182.42.111.213
5	1	0	0	0	29445683	0	0	29445683	0	0	971	136.144.33.134
5	1	1	1	0	29468256	29468256	0	29468256	29468256	0	14535	196.240.60.206
5	58	41	34	2	29458776	29458776	29440679	29439192	29449323	29440677	1182789	113.31.186.146
5	2	2	0	0	29458264	0	0	29448241	0	0	22085	43.130.139.136
5	1	0	0	0	29451131	0	0	29451131	0	0	46973	193.232.164.89
5	2	2	1	1	29449865	29449865	29467953	29441310	29449865	29467953	20396	162.62.213.187
5	2	2	0	0	29447092	0	0	29442481	0	0	20911	43.133.91.48
5	0	0	2	1	0	29456829	29444197	0	29444325	29444197	0	85.208.96.212
5	1	1	1	0	29441429	29441429	0	29441429	29441429	0	9866	49.51.38.193
5	1	0	2	1	29458867	29463593	29445540	29458867	29444430	29445540	71	85.208.96.211
5	1	1	1	0	29452780	29452780	0	29452780	29452780	0	10975	45.79.252.178
5	3	0	2	3	29459291	29444792	29445748	29449607	29444424	29445389	19358	85.208.96.210
5	3	1	0	1	29454240	0	29445550	29444095	0	29445550	10524	85.208.96.209
5	4	0	2	0	29458877	29458877	0	29445347	29445519	0	10535	85.208.96.199
5	1	0	2	0	29444325	29458877	0	29444325	29449897	0	71	85.208.96.208
5	1	0	2	2	29443965	29458877	29451689	29443965	29444558	29445264	71	85.208.96.198
5	3	0	0	2	29449897	0	29450236	29445174	0	29444325	8548	85.208.96.207
5	3	1	0	0	29454350	0	0	29444027	0	0	21245	85.208.96.197
5	2	0	1	1	29449607	29454489	29444444	29445174	29454489	29444444	10680	85.208.96.206
5	2	0	2	0	29450900	29449897	0	29449607	29444444	0	142	85.208.96.195
5	2	0	0	0	29454566	0	0	29445205	0	0	19994	85.208.96.205
5	7	3	4	0	29460866	29460865	0	29460865	29460865	0	1059897	104.28.42.106
5	0	0	1	1	0	29449897	29445500	0	29449897	29445500	0	85.208.96.204
5	3	1	2	1	29456829	29450900	29454489	29445068	29444197	29454489	11578	85.208.96.194
5	4	0	1	0	29450900	29444118	0	29445264	29444118	0	284	85.208.96.203
5	0	0	1	1	0	29451689	29449897	0	29451689	29449897	0	85.208.96.193
5	1	0	0	0	29467925	0	0	29467925	0	0	71	169.224.22.86
5	1	0	1	1	29445394	29450236	29445068	29445394	29450236	29445068	7833	85.208.96.202
5	1	1	0	0	29452996	0	0	29452996	0	0	10973	192.171.82.137
5	1	0	3	0	29456829	29456829	0	29456829	29444027	0	71	85.208.96.201
5	1	0	0	1	29444095	0	29444558	29444095	0	29444558	71	85.208.96.200
5	1	1	1	0	29467939	29467939	0	29467939	29467939	0	14532	43.157.180.116
5	2	1	1	0	29455038	29455038	0	29440519	29455038	0	21336	162.62.213.165
5	1	1	0	0	29446547	0	0	29446547	0	0	10527	49.51.183.84
5	4	3	6	0	29457883	29457883	0	29457883	29457883	0	45796	69.62.76.6
5	6	3	2	0	29470766	29470766	0	29455784	29470766	0	32635	51.68.111.245
5	1	0	0	0	29464746	0	0	29464746	0	0	11519	15.235.27.124
5	2	1	0	0	29458033	0	0	29458033	0	0	9636	51.68.111.243
5	0	0	2	3	0	29449905	29449905	0	29446359	29440875	0	114.119.138.37
5	0	0	1	0	0	29468513	0	0	29468513	0	0	41.56.225.103
5	0	0	0	1	0	0	29450776	0	0	29450776	0	49.51.183.75
5	4	3	6	0	29456536	29456536	0	29456536	29456536	0	45794	61.111.250.72
5	9	1	4	0	29459482	29459482	0	29459482	29459482	0	5159665	54.152.122.154
5	3	3	0	0	29470506	0	0	29444071	0	0	36331	182.42.111.156
5	2	2	0	0	29468500	0	0	29451061	0	0	25485	170.106.180.153
5	0	0	0	1	0	0	29466768	0	0	29466768	0	185.25.2.37
5	0	0	1	0	0	29466001	0	0	29466001	0	0	182.186.192.0
5	0	0	0	1	0	0	29462682	0	0	29462682	0	190.25.79.202
5	0	0	1	0	0	29470105	0	0	29470105	0	0	45.157.54.41
5	1	0	0	0	29464677	0	0	29464677	0	0	14174	3.85.112.206
5	0	0	0	1	0	0	29440122	0	0	29440122	0	150.109.54.83
5	1	0	0	0	29460136	0	0	29460136	0	0	11642	84.37.29.200
5	1	1	1	0	29454520	29454520	0	29454520	29454520	0	10992	89.104.100.4
5	4	3	6	0	29456791	29456791	0	29456791	29456791	0	45801	38.181.44.230
5	4	3	6	0	29457078	29457078	0	29457078	29457078	0	45797	144.76.210.179
5	4	2	4	0	29454077	29454077	0	29449424	29449424	0	18136	51.68.111.216
5	0	0	1	0	0	29464216	0	0	29464216	0	0	38.33.146.3
5	4	2	4	0	29464868	29464868	0	29456509	29456509	0	20792	51.68.111.215
5	6	3	2	0	29464753	29449353	0	29447318	29449353	0	28854	51.68.111.214
5	1	1	1	0	29470817	29470816	0	29470817	29470816	0	14533	170.106.180.139
5	2	1	2	0	29462753	29462753	0	29462753	29462753	0	11129	51.68.111.213
5	4	3	6	0	29456195	29456195	0	29456195	29456195	0	43922	38.14.248.16
5	4	2	1	1	29458806	29458806	29458806	29458806	29458806	29458806	165246	109.70.100.10
5	1	0	1	0	29470659	29470659	0	29470659	29470659	0	71	142.44.225.91
5	2	1	0	0	29451377	0	0	29451377	0	0	9249	51.68.111.199
5	4	2	2	0	29454071	29454071	0	29446334	29454071	0	17971	51.68.111.208
5	0	0	0	1	0	0	29463972	0	0	29463972	0	157.100.55.207
5	1	1	1	0	29467778	29467778	0	29467778	29467778	0	14034	43.154.140.188
5	0	0	2	0	0	29460865	0	0	29460865	0	0	104.28.147.164
5	2	1	0	0	29464563	0	0	29464563	0	0	11156	51.68.111.205
5	1	0	0	0	29467556	0	0	29467556	0	0	11933	17.246.19.233
5	4	2	2	0	29463891	29463891	0	29455044	29463891	0	20347	51.68.111.204
5	4	2	2	0	29451763	29449310	0	29449310	29449310	0	18178	51.68.111.203
5	4	2	4	0	29458944	29458944	0	29450251	29450251	0	18811	51.68.111.202
5	0	0	1	0	0	29461802	0	0	29461802	0	0	103.74.10.87
5	1	1	0	0	29454989	0	0	29454989	0	0	10973	109.248.13.191
5	9	1	3	0	29456509	29456509	0	29456509	29456509	0	5159663	34.174.192.151
5	13	13	29	6	29461038	29461038	29461038	29457769	29457769	29458217	115084	157.66.55.46
5	0	0	0	1	0	0	29464801	0	0	29464801	0	92.97.233.64
5	1	0	0	0	29444302	0	0	29444302	0	0	46973	45.131.155.111
5	1	0	0	0	29444774	0	0	29444774	0	0	46973	45.131.155.110
5	4	3	6	0	29457995	29457995	0	29457995	29457995	0	45790	103.59.145.229
5	0	0	1	0	0	29460756	0	0	29460756	0	0	196.251.251.62
5	2	2	1	0	29469372	29469372	0	29447142	29469372	0	25058	43.138.68.113
5	1	1	0	0	29447546	0	0	29447546	0	0	10650	182.42.105.144
5	1	1	0	0	29448125	0	0	29448125	0	0	10649	49.51.183.15
5	0	0	0	1	0	0	29447003	0	0	29447003	0	141.11.173.44
5	0	0	2	0	0	29466579	0	0	29464252	0	0	178.16.52.192
5	0	0	2	0	0	29470802	0	0	29460564	0	0	74.125.209.66
5	1	1	0	0	29468615	0	0	29468615	0	0	53166	31.13.103.116
5	15	1	1	3	29468002	29468002	29468002	29468002	29468002	29468002	644085	91.99.86.91
5	1	0	0	0	29468615	0	0	29468615	0	0	31116	31.13.103.115
5	0	0	0	1	0	0	29464753	0	0	29464753	0	37.238.49.14
5	1	0	0	0	29464287	0	0	29464287	0	0	21539	142.44.225.42
5	0	0	0	1	0	0	29469330	0	0	29469330	0	123.178.210.110
5	1	1	0	0	29446002	0	0	29446002	0	0	10548	182.43.70.143
5	1	1	1	0	29460797	29460797	0	29460797	29460797	0	11799	82.23.126.107
5	2	2	0	0	29446107	0	0	29444534	0	0	20952	170.106.165.76
5	4	0	2	0	29469729	29469729	0	29467518	29468271	0	284	100.30.5.6
5	4	3	6	0	29457168	29457168	0	29457168	29457168	0	45800	192.3.41.29
5	0	0	1	0	0	29461849	0	0	29461849	0	0	186.158.120.95
5	4	3	6	0	29457006	29457006	0	29457006	29457006	0	45794	74.211.97.211
5	1	0	0	0	29440692	0	0	29440692	0	0	971	45.40.61.194
5	0	0	0	2	0	0	29469263	0	0	29469263	0	64.227.187.31
5	7	1	0	0	29444759	0	0	29444759	0	0	2288213	119.13.90.176
5	1	0	0	0	29468605	0	0	29468605	0	0	9841	116.204.66.38
5	1	0	0	0	29468615	0	0	29468615	0	0	34889	69.171.234.2
5	1	1	0	0	29443978	0	0	29443978	0	0	10381	3.95.11.150
5	1	1	1	0	29461977	29461977	0	29461977	29461977	0	13654	149.57.180.141
5	1	1	15	0	29457656	29457656	0	29457656	29457656	0	42351	51.79.137.237
5	1	1	1	0	29466674	29466674	0	29466674	29466674	0	13970	149.57.180.127
5	1	0	0	0	29446439	0	0	29446439	0	0	971	45.76.196.205
5	1	0	0	0	29440562	0	0	29440562	0	0	162746	194.190.149.229
5	4	2	4	0	29456494	29456494	0	29446775	29456494	0	150836	103.157.205.118
5	17	4	3	0	29457536	29457536	0	29444002	29457535	0	7117677	91.134.54.94
5	0	0	0	1	0	0	29444893	0	0	29444893	0	43.130.16.140
5	1	1	1	0	29456110	29456110	0	29456110	29456110	0	0	49.0.237.195
5	2	2	0	0	29447849	0	0	29441226	0	0	73918	86.106.74.251
5	1	0	0	0	29470675	0	0	29470675	0	0	11828	145.239.81.31
5	3	2	2	0	29462851	29462851	0	29462850	29462851	0	74352	162.142.125.41
5	8	2	2	5	29441347	29441347	29441347	29441347	29441347	29441347	44547	68.183.157.22
5	1	1	0	0	29446695	0	0	29446695	0	0	38380	86.106.74.245
5	0	0	2	0	0	29467404	0	0	29467403	0	0	17.22.237.249
5	1	0	0	0	29461404	0	0	29461404	0	0	11757	159.138.61.48
5	0	0	0	1	0	0	29464950	0	0	29464950	0	185.205.130.218
5	0	0	1	0	0	29465443	0	0	29465443	0	0	201.212.50.33
5	0	0	0	1	0	0	29465443	0	0	29465443	0	177.93.150.1
5	9	2	0	0	29448928	0	0	29448928	0	0	2867358	52.71.225.154
5	0	0	1	0	0	29460002	0	0	29460002	0	0	197.184.85.245
5	0	0	1	0	0	29462682	0	0	29462682	0	0	168.232.162.157
5	1	0	0	0	29467562	0	0	29467562	0	0	571732	176.0.30.127
5	0	0	1	1	0	29453787	29453787	0	29453787	29453787	0	136.158.56.116
5	1	1	1	1	29453444	29453444	29450767	29453444	29453444	29450767	10976	170.106.152.218
5	0	0	1	0	0	29459057	0	0	29459057	0	0	98.118.132.80
5	1	0	1	0	29467647	29467646	0	29467647	29467646	0	71	54.37.118.74
5	1	1	0	0	29456903	0	0	29456903	0	0	11437	182.42.105.85
5	2	1	1	0	29454243	29454243	0	29440631	29454243	0	18805	43.128.149.102
5	0	0	0	1	0	0	29453152	0	0	29453152	0	110.249.202.50
5	4	3	6	0	29458436	29458436	0	29458436	29458436	0	45799	43.225.46.8
5	1	0	0	0	29468615	0	0	29468615	0	0	179065	69.63.189.51
5	0	0	0	1	0	0	29462245	0	0	29462245	0	43.166.128.187
5	0	0	1	0	0	29468273	0	0	29468273	0	0	170.238.80.125
5	1	1	0	0	29456999	0	0	29456999	0	0	11438	43.166.238.12
5	0	0	2	0	0	29467958	0	0	29467957	0	0	194.141.86.36
5	0	0	0	1	0	0	29464833	0	0	29464833	0	95.153.111.125
5	6	0	4	2	29462826	29462826	29462826	29462180	29462180	29462180	1088796	91.66.18.208
5	0	0	0	1	0	0	29470866	0	0	29470866	0	43.166.128.86
5	1	0	0	0	29461579	0	0	29461579	0	0	11744	142.147.223.182
5	1	1	0	1	29464543	0	29461670	29464543	0	29461670	13607	43.153.107.22
5	0	0	1	0	0	29463503	0	0	29463503	0	0	110.249.202.33
5	0	0	1	0	0	29467283	0	0	29467283	0	0	41.69.155.172
5	1	0	0	0	29468615	0	0	29468615	0	0	24169	69.63.189.31
5	1	1	0	0	29445395	0	0	29445395	0	0	10548	43.156.156.96
5	4	3	6	0	29457387	29457387	0	29457387	29457387	0	45795	14.128.53.139
5	4	2	4	0	29456473	29456473	0	29446265	29456473	0	150836	103.151.53.118
5	1	0	0	0	29468615	0	0	29468615	0	0	34889	69.63.189.26
5	8	2	0	0	29446828	0	0	29446828	0	0	2296820	205.169.39.239
5	1	1	2	0	29455027	29455027	0	29455027	29455027	0	9135	43.156.125.14
5	57	12	7	13	29467713	29467713	29467713	29467252	29467252	29467252	995194	223.123.8.189
5	1	0	0	0	29468615	0	0	29468615	0	0	27587	69.63.189.22
5	4	3	6	0	29456868	29456868	0	29456868	29456868	0	45799	15.235.159.133
5	15	1	1	1	29469046	29469046	29469046	29469046	29469046	29469046	644083	77.111.246.8
5	1	0	0	0	29460730	0	0	29460730	0	0	11754	190.92.246.191
5	10	5	0	0	29445970	0	0	29445968	0	0	2484621	223.123.3.74
5	1	0	0	0	29468615	0	0	29468615	0	0	27587	69.63.189.13
5	0	0	1	0	0	29464883	0	0	29464883	0	0	116.204.14.225
5	2	2	0	0	29448183	0	0	29447418	0	0	21180	43.135.185.59
5	1	1	1	0	29471164	29471164	0	29471164	29471164	0	14535	43.157.38.228
5	4	1	0	0	29461387	0	0	29461387	0	0	35973	62.216.64.249
5	1	0	0	0	29462615	0	0	29462615	0	0	11497	138.91.30.51
5	137	73	4	0	29465602	29465592	0	29465192	29465590	0	9655113	223.123.3.222
5	5	1	0	3	29470803	0	29470803	29470788	0	29470788	36755	223.123.3.56
5	4	2	5	0	29467345	29467345	0	29467345	29467345	0	28094	199.16.157.183
5	0	0	0	1	0	0	29466001	0	0	29466001	0	89.138.212.1
5	21	4	8	0	29462984	29454723	0	29450023	29454718	0	4752762	49.13.68.93
5	1	0	1	0	29467345	29467345	0	29467345	29467345	0	71	199.16.157.182
5	4	1	3	0	29467345	29467345	0	29467345	29467345	0	14188	199.16.157.181
5	2	1	0	0	29467345	0	0	29467345	0	0	14047	199.16.157.180
5	1	1	0	0	29460091	0	0	29460091	0	0	9643	223.123.3.49
5	6	0	3	0	29462203	29462203	0	29462202	29462202	0	1053342	205.147.16.101
5	0	0	1	0	0	29469628	0	0	29469628	0	0	141.138.208.43
5	3	2	3	0	29449147	29449147	0	29449142	29449142	0	68286	209.38.113.189
5	4	3	6	0	29456547	29456547	0	29456547	29456547	0	45792	192.253.239.171
5	4	2	6	1	29467308	29467308	29467308	29460956	29460956	29467308	174626	192.210.150.228
5	1	0	1	2	29454722	29454722	29454345	29454722	29454722	29450024	71	172.96.92.220
5	0	0	0	1	0	0	29439533	0	0	29439533	0	62.164.177.15
5	2	0	1	0	29457058	29457058	0	29457057	29457058	0	21482	209.50.162.113
5	1	1	0	0	29464672	0	0	29464672	0	0	11087	13.218.223.182
5	1	0	0	0	29464587	0	0	29464587	0	0	31116	54.39.0.66
5	2	2	0	0	29440277	0	0	29440277	0	0	15556	104.164.126.143
5	2	1	1	0	29468538	29468538	0	29468538	29468538	0	99006	188.130.129.52
5	0	0	2	0	0	29462000	0	0	29460162	0	0	66.102.9.7
5	2	0	1	0	29454723	29454345	0	29454345	29454345	0	142	130.44.200.63
5	1	0	0	0	29444086	0	0	29444086	0	0	6871	66.102.9.5
5	1	0	1	1	29454718	29454718	29450024	29454718	29454718	29450024	71	130.44.200.60
5	0	0	0	2	0	0	29452661	0	0	29452661	0	66.102.9.4
5	122	43	5	3	29470453	29461517	29467342	29444086	29460572	29452661	18675595	66.102.9.3
5	4	3	6	0	29457521	29457521	0	29457521	29457521	0	45796	154.29.148.71
5	35	11	12	0	29447537	29470453	0	29439140	29454718	0	2225302	66.102.9.73
5	104	31	5	2	29470453	29461671	29464686	29454718	29460625	29464200	19889006	66.102.9.2
5	34	11	9	1	29447536	29467933	29439140	29439140	29454718	29439140	1109044	66.102.9.72
5	101	27	10	2	29470453	29461405	29470453	29454718	29459961	29467933	21211326	66.102.9.1
5	34	8	12	0	29447536	29470453	0	29441716	29454718	0	3768060	66.102.9.71
5	0	0	59	51	0	29452007	29452007	0	29452006	29452006	0	4.217.250.2
5	1	0	1	0	29466275	29466275	0	29466275	29466275	0	71	114.119.132.68
5	0	0	1	0	0	29470143	0	0	29470143	0	0	103.174.23.86
5	0	0	1	0	0	29464686	0	0	29464686	0	0	66.102.9.65
5	0	0	1	0	0	29464686	0	0	29464686	0	0	66.102.9.64
5	18	3	0	0	29470435	0	0	29460565	0	0	226145	2a06:98c0:3600::103
5	0	0	2	0	0	29452423	0	0	29452423	0	0	167.71.9.240
5	8	2	4	0	29448993	29448993	0	29448992	29448992	0	2818637	205.169.39.145
5	1	1	1	0	29464403	29464403	0	29464403	29464403	0	13611	162.13.83.46
5	2	1	0	0	29467345	0	0	29467345	0	0	14045	17.246.23.70
5	0	0	1	0	0	29451124	0	0	29451124	0	0	45.147.252.86
5	8	1	2	0	29454672	29454672	0	29454672	29454672	0	5112284	58.27.225.5
5	0	0	1	0	0	29464833	0	0	29464833	0	0	106.194.63.21
5	1	0	0	0	29460711	0	0	29460711	0	0	11759	52.230.163.46
5	1	0	0	0	29462006	0	0	29462006	0	0	11572	52.230.163.45
5	5	2	0	0	29440991	0	0	29440990	0	0	410919	205.169.39.125
5	0	0	2	0	0	29458887	0	0	29458887	0	0	45.64.52.162
5	1	0	0	0	29460697	0	0	29460697	0	0	11297	85.254.40.95
5	8	4	8	0	29460594	29460594	0	29460594	29460594	0	1069366	159.26.110.180
5	1	0	0	0	29460338	0	0	29460338	0	0	11643	52.230.163.37
5	1	0	0	0	29464747	0	0	29464747	0	0	400179	54.39.0.17
5	1	0	0	0	29460288	0	0	29460288	0	0	571732	31.175.44.12
5	0	0	0	1	0	0	29464692	0	0	29464692	0	170.84.172.56
5	0	0	0	1	0	0	29440182	0	0	29440182	0	190.92.241.120
5	1	1	0	0	29447523	0	0	29447523	0	0	10521	43.166.242.189
5	0	0	80	80	0	29470377	29470377	0	29470376	29470376	0	4.217.235.139
5	68	17	16	1	29444779	29444777	29444766	29444759	29444759	29444766	12597631	223.123.3.110
5	2	0	2	0	29454943	29454943	0	29453006	29453006	0	1980	45.135.232.178
5	0	0	1	0	0	29457332	0	0	29457332	0	0	81.70.93.212
5	1	0	0	0	29468219	0	0	29468219	0	0	40798	198.244.240.94
5	173	173	346	0	29459104	29459104	0	29459100	29459100	0	7326723	4.189.105.73
5	8	1	0	0	29451029	0	0	29451029	0	0	4524937	13.218.210.57
5	3	1	9	1	29445305	29468876	29441808	29442738	29450309	29441808	78013	66.249.66.78
5	5	2	8	2	29444862	29465901	29446047	29439590	29449182	29440725	63077	66.249.66.77
5	4	1	12	0	29447035	29470649	0	29439793	29453168	0	15064	66.249.66.76
5	3	0	0	0	29464696	0	0	29464696	0	0	38397	34.229.125.2
5	0	0	1	0	0	29470552	0	0	29470552	0	0	4.194.89.110
5	1	1	1	0	29457192	29457192	0	29457192	29457192	0	9567	124.243.177.38
5	4	3	6	0	29456535	29456535	0	29456535	29456535	0	45792	154.89.149.251
5	47	28	61	17	29469063	29469063	29469063	29443729	29443729	29443729	1940181	178.20.47.39
5	1	0	0	0	29464031	0	0	29464031	0	0	9506	173.252.127.50
5	1	0	0	0	29468615	0	0	29468615	0	0	16804	66.220.149.31
5	2	1	6	0	29452384	29452385	0	29452384	29452384	0	57946	199.45.154.130
5	0	0	1	0	0	29468615	0	0	29468615	0	0	66.220.149.27
5	1	1	0	0	29441251	0	0	29441251	0	0	0	169.150.196.36
5	1	0	0	0	29460967	0	0	29460967	0	0	7124	85.254.40.38
5	0	0	2	0	0	29461039	0	0	29461039	0	0	207.154.253.52
5	4	3	6	0	29458860	29458860	0	29458860	29458860	0	45779	45.64.52.100
5	1	0	0	0	29461334	0	0	29461334	0	0	36721	66.220.149.23
5	0	0	0	1	0	0	29468615	0	0	29468615	0	173.252.127.39
5	1	1	0	0	29443706	0	0	29443706	0	0	8589	66.249.66.45
5	2	2	0	0	29453283	0	0	29444463	0	0	21369	43.155.188.157
5	1	1	0	0	29446741	0	0	29446741	0	0	8688	66.249.66.44
5	0	0	1	0	0	29468976	0	0	29468976	0	0	72.255.33.12
5	1	0	0	0	29440956	0	0	29440956	0	0	162804	66.249.66.43
5	1	0	0	0	29468615	0	0	29468615	0	0	48628	66.220.149.15
5	0	0	0	1	0	0	29444914	0	0	29444914	0	66.249.66.37
5	1	0	0	0	29468615	0	0	29468615	0	0	33676	66.220.149.11
5	1	0	0	0	29466246	0	0	29466246	0	0	571732	83.59.37.3
5	2	0	8	0	29445268	29470649	0	29441094	29442468	0	93892	66.249.66.34
5	2	0	0	0	29442213	0	0	29442210	0	0	21363	15.204.183.221
5	2	0	7	1	29441097	29467779	29438988	29440248	29458912	29438988	171363	66.249.66.33
5	1	0	0	0	29465097	0	0	29465097	0	0	1708663	198.244.240.46
5	4	0	12	1	29445537	29470286	29440398	29439590	29457251	29440398	326766	66.249.66.32
5	0	0	1	0	0	29456589	0	0	29456589	0	0	5.188.87.40
5	14	1	0	0	29468615	0	0	29468615	0	0	597137	173.252.127.19
5	1	0	1	0	29465538	29465538	0	29465538	29465538	0	71	176.31.139.9
5	2	0	0	0	29448486	0	0	29448486	0	0	9092	51.75.118.147
5	2	0	1	0	29452372	29452372	0	29452372	29452372	0	20705	80.211.254.178
5	2	1	0	0	29444967	0	0	29440579	0	0	18388	43.165.67.57
5	4	3	6	0	29456501	29456501	0	29456501	29456501	0	45791	54.251.139.235
5	4	2	12	0	29446885	29467897	0	29441094	29441328	0	368187	66.249.66.15
5	4	2	16	3	29442349	29470661	29440248	29439752	29451541	29439743	22775	66.249.66.14
5	5	2	14	0	29443835	29470475	0	29439590	29456238	0	201213	66.249.66.13
5	1	0	0	0	29445928	0	0	29445928	0	0	0	66.249.66.10
5	0	0	1	0	0	29455027	0	0	29455027	0	0	190.92.230.111
5	1	0	0	0	29460401	0	0	29460401	0	0	571732	185.21.39.57
5	13	2	0	1	29470802	0	29470453	29470453	0	29470453	642283	66.249.80.229
5	0	0	1	0	0	29464031	0	0	29464031	0	0	173.252.101.2
5	1	1	0	0	29446192	0	0	29446192	0	0	10547	43.156.228.27
5	4	3	6	0	29457362	29457362	0	29457362	29457362	0	45796	117.72.66.235
5	7	0	0	1	29470802	0	29470802	29470453	0	29470802	367991	66.249.80.228
5	12	2	0	0	29470802	0	0	29470453	0	0	1136037	66.249.80.227
5	1	0	0	0	29464031	0	0	29464031	0	0	48628	173.252.101.0
5	4	1	0	0	29439511	0	0	29439511	0	0	715403	13.221.121.233
5	1	1	0	0	29451574	0	0	29451574	0	0	11011	192.71.10.105
5	0	0	0	1	0	0	29463487	0	0	29463487	0	43.153.87.54
5	45	6	24	2	29452663	29452663	29452661	29452659	29452659	29452661	6846760	223.123.23.221
5	0	0	1	0	0	29470995	0	0	29470995	0	0	148.135.230.148
5	0	0	1	0	0	29464752	0	0	29464752	0	0	37.8.40.64
5	0	0	1	0	0	29463493	0	0	29463493	0	0	202.163.123.57
5	1	0	0	0	29450646	0	0	29450646	0	0	9441	170.106.113.235
5	0	0	5	6	0	29457026	29447756	0	29450610	29439680	0	15.235.59.82
5	4	3	6	0	29455579	29455579	0	29455579	29455579	0	43911	38.162.112.194
5	1	1	0	0	29440277	0	0	29440277	0	0	7777	154.28.229.254
5	4	3	6	0	29456611	29456611	0	29456611	29456611	0	45805	209.159.148.212
5	4	3	6	0	29457635	29457635	0	29457635	29457635	0	45793	182.16.22.170
5	3	0	0	0	29464031	0	0	29464031	0	0	172714	69.171.230.7
5	1	0	0	0	29470872	0	0	29470872	0	0	10450	51.38.189.62
5	0	0	1	0	0	29455703	0	0	29455703	0	0	82.149.74.196
5	0	0	2	0	0	29449791	0	0	29449791	0	0	185.238.231.134
5	2	0	0	0	29464031	0	0	29464031	0	0	26310	69.171.230.3
5	0	0	1	0	0	29457192	0	0	29457192	0	0	47.236.76.247
5	0	0	1	0	0	29467662	0	0	29467662	0	0	105.4.5.43
5	1	0	0	0	29464031	0	0	29464031	0	0	33676	69.171.230.1
5	0	0	1	0	0	29465723	0	0	29465723	0	0	189.234.162.0
5	5	0	4	0	29451654	29451654	0	29451654	29451654	0	25236	54.86.66.252
5	4	3	6	0	29458472	29458472	0	29458472	29458472	0	45792	103.251.89.115
5	4	3	6	0	29457664	29457664	0	29457664	29457664	0	45791	47.89.251.26
5	0	0	1	0	0	29462458	0	0	29462458	0	0	198.235.24.198
5	4	3	6	0	29456244	29456244	0	29456244	29456244	0	45790	74.91.18.218
5	1	1	1	0	29456763	29456763	0	29456763	29456763	0	11437	43.153.47.201
5	2	0	1	0	29454718	29454718	0	29454718	29454718	0	142	216.213.27.158
5	1	1	1	0	29460122	29460122	0	29460122	29460122	0	43398	198.235.24.184
5	1	0	0	0	29470815	0	0	29470815	0	0	13273	170.106.113.159
5	14	4	3	0	29458745	29458745	0	29439422	29458744	0	5896035	145.239.161.191
5	6	6	8	8	29458205	29458205	29453803	29439456	29449557	29442569	236268	51.89.39.44
5	1	0	0	0	29460817	0	0	29460817	0	0	400179	35.166.137.181
5	1	1	2	0	29470566	29470566	0	29470566	29456752	0	53076	198.235.24.176
5	8	1	2	0	29450024	29450025	0	29450024	29450024	0	4524937	188.34.165.73
5	1	1	0	0	29455780	0	0	29455780	0	0	9139	104.251.51.72
5	1	1	0	0	29469958	0	0	29469958	0	0	53166	198.235.24.171
5	1	1	0	0	29441017	0	0	29441017	0	0	9683	122.51.236.174
5	1	1	1	18	29464057	29464057	29464057	29464057	29464057	29464057	50452	64.23.251.189
5	1	1	0	0	29440682	0	0	29440682	0	0	9682	43.153.123.3
5	1	1	1	0	29452061	29452061	0	29452061	29452061	0	10979	182.44.12.37
5	0	0	1	0	0	29463892	0	0	29463892	0	0	196.69.23.84
5	15	1	2	0	29468621	29468621	0	29468621	29468621	0	644087	173.252.83.115
5	1	1	0	0	29440327	0	0	29440327	0	0	34368	173.252.83.113
5	2	1	4	0	29458423	29458423	0	29458423	29458423	0	79306	103.151.52.52
5	9	0	0	0	29454438	0	0	29451108	0	0	7644580	217.31.60.4
5	1	1	0	0	29443023	0	0	29443023	0	0	10398	170.106.72.178
5	27	6	5	1	29444608	29444608	29444608	29444085	29444086	29444608	4208517	223.123.17.154
5	1	1	0	0	29459116	0	0	29459116	0	0	42351	198.235.24.155
5	4	2	1	0	29448326	29448326	0	29448326	29448326	0	27879	223.123.12.203
5	1	0	0	0	29460188	0	0	29460188	0	0	40172	163.171.167.54
5	1	0	0	0	29461852	0	0	29461852	0	0	71	44.215.210.112
5	1	1	0	0	29460788	0	0	29460788	0	0	44259	198.235.24.147
5	45	10	1	27	29467907	29467783	29467907	29467778	29467783	29467778	405831	223.123.12.185
5	4	3	6	0	29456410	29456410	0	29456410	29456410	0	45792	137.175.84.79
5	28	14	7	0	29440343	29440339	0	29440315	29440324	0	1031032	223.123.12.180
5	21	1	0	0	29468155	0	0	29468153	0	0	997474	194.15.113.118
5	1	1	1	0	29459208	29459208	0	29459208	29459208	0	42351	198.235.24.133
5	1	1	0	0	29445070	0	0	29445070	0	0	10548	110.177.183.2
5	2938	2810	33	24	29471404	29467304	29467305	29450021	29450021	29450023	36783273	5.75.208.253
5	1	0	0	0	29444207	0	0	29444207	0	0	71	3.217.171.106
5	2	2	0	18	29442419	0	29442420	29442419	0	29442419	73666	54.234.251.237
5	0	0	0	1	0	0	29464744	0	0	29464744	0	103.31.11.159
5	0	0	1	0	0	29467015	0	0	29467015	0	0	189.63.194.41
5	0	0	1	0	0	29460336	0	0	29460336	0	0	4.155.4.251
5	10	5	4	0	29464680	29464680	0	29464680	29464680	0	101407	52.23.230.136
5	0	0	1	0	0	29467621	0	0	29467621	0	0	35.187.114.229
5	0	0	1	0	0	29452108	0	0	29452108	0	0	103.225.87.74
5	0	0	1	0	0	29455703	0	0	29455703	0	0	177.137.60.122
5	1	0	0	0	29461155	0	0	29461155	0	0	11756	20.169.78.196
5	4	0	0	0	29471258	0	0	29470370	0	0	414723	51.75.21.177
5	0	0	0	1	0	0	29463114	0	0	29463114	0	103.145.112.213
5	1	1	1	0	29452261	29452261	0	29452261	29452261	0	10977	43.135.130.202
5	1	1	0	0	29447159	0	0	29447159	0	0	8687	69.58.2.189
5	0	0	0	1	0	0	29451450	0	0	29451450	0	43.167.239.66
5	1	0	0	0	29467364	0	0	29467364	0	0	71	198.244.242.253
5	8	8	2	0	29448969	29448969	0	29448964	29448969	0	198885	92.205.168.3
5	1	0	0	0	29464584	0	0	29464584	0	0	9847	54.39.210.189
5	11	8	2	0	29449991	29449991	0	29448954	29449991	0	71823	49.12.205.98
5	1	1	0	0	29455818	0	0	29455818	0	0	10970	192.144.31.86
5	1	1	2	1	29470341	29470341	29470341	29470341	29470341	29470341	11871	5.157.14.210
5	1	0	0	0	29464587	0	0	29464587	0	0	24169	54.39.210.179
5	1	0	0	0	29461785	0	0	29461785	0	0	0	20.169.78.160
5	1	1	0	0	29465754	0	0	29465754	0	0	13610	43.133.187.11
5	5	3	1	0	29467931	29467345	0	29467345	29467345	0	42624	192.133.77.18
5	4	3	0	0	29467931	0	0	29467403	0	0	42555	192.133.77.17
5	1	0	0	0	29461403	0	0	29461403	0	0	571732	34.220.219.64
5	3	1	1	0	29467403	29467345	0	29467345	29467345	0	14117	192.133.77.16
5	2	0	0	0	29462720	0	0	29462720	0	0	11491	190.92.237.61
5	2	1	0	0	29467930	0	0	29467930	0	0	14601	192.133.77.15
5	1	0	0	0	29465043	0	0	29465043	0	0	11026	51.195.183.68
5	5	3	2	0	29467931	29467345	0	29467345	29467345	0	90640	192.133.77.14
5	0	0	1	0	0	29451131	0	0	29451131	0	0	194.226.97.247
5	8	2	0	1	29446940	0	29446940	29444006	0	29446940	2296733	34.76.117.34
5	0	0	1	0	0	29467063	0	0	29467063	0	0	186.192.63.114
5	1	0	0	0	29469628	0	0	29469628	0	0	12803	151.248.1.103
5	1	0	0	0	29464822	0	0	29464822	0	0	568400	51.195.183.60
5	1	0	0	0	29460697	0	0	29460697	0	0	10503	142.252.35.223
5	1	1	1	0	29456509	29456509	0	29456509	29456509	0	11435	18.220.104.22
5	1	1	0	0	29442548	0	0	29442548	0	0	9757	128.192.12.112
5	0	0	1	0	0	29466923	0	0	29466923	0	0	190.2.118.61
5	1	0	1	0	29454579	29454579	0	29454579	29454579	0	71	114.119.156.85
5	1	0	0	0	29447693	0	0	29447693	0	0	71	114.119.159.152
5	0	0	0	1	0	0	29462536	0	0	29462536	0	177.66.215.57
5	0	0	1	0	0	29455563	0	0	29455563	0	0	45.251.138.159
5	1	0	0	0	29464587	0	0	29464587	0	0	179065	54.39.210.146
5	4	3	6	0	29456881	29456881	0	29456881	29456881	0	45796	43.133.168.95
5	1	1	0	0	29469784	0	0	29469784	0	0	14531	43.153.36.110
5	1	1	0	0	29441783	0	0	29441783	0	0	10378	45.90.62.242
5	1	0	1	0	29467061	29467061	0	29467061	29467061	0	680	198.244.242.192
5	4	3	6	0	29460919	29460919	0	29460919	29460919	0	47207	217.194.134.97
5	6	0	3	1	29464167	29464167	29464167	29464167	29464167	29464167	1117063	60.188.68.154
5	4	3	6	0	29456950	29456950	0	29456950	29456950	0	45795	47.237.9.124
5	1	1	1	0	29457824	29457824	0	29457824	29457824	0	9568	161.115.235.141
5	0	0	1	0	0	29470211	0	0	29470211	0	0	179.220.254.67
5	54	12	7	16	29465868	29465868	29465868	29465816	29465849	29465817	605512	223.123.23.3
5	1	1	1	0	29454345	29454345	0	29454345	29454345	0	10996	45.90.62.234
5	7	3	6	0	29461054	29461051	0	29461051	29461051	0	1059905	146.75.154.1
5	0	0	1	1	0	29464448	29464448	0	29464448	29464448	0	111.119.210.134
5	1	0	0	0	29451122	0	0	29451122	0	0	46973	77.83.2.222
5	0	0	0	1	0	0	29462718	0	0	29462718	0	181.85.208.7
5	0	0	1	1	0	29469195	29469195	0	29469195	29469195	0	119.13.105.127
5	1	0	1	0	29468139	29468139	0	29468139	29468139	0	71	198.244.242.179
5	1	0	0	0	29457824	0	0	29457824	0	0	10721	161.115.235.129
5	1	1	0	0	29453359	0	0	29453359	0	0	10979	43.159.135.203
5	1	0	0	0	29464851	0	0	29464851	0	0	9865	198.244.242.175
5	4	0	1	0	29470939	29470939	0	29470565	29470939	0	40012	161.115.235.124
5	0	0	0	1	0	0	29466923	0	0	29466923	0	79.177.147.66
5	2	0	1	0	29464136	29464136	0	29464136	29464136	0	21246	161.115.235.121
5	1	1	0	0	29440515	0	0	29440515	0	0	7984	161.115.235.119
5	1	1	2	1	29452372	29452372	29452372	29452372	29452372	29452372	9131	194.102.227.143
5	2	0	0	0	29460570	0	0	29460570	0	0	0	35.164.174.228
5	1	1	1	0	29470565	29470565	0	29470565	29470565	0	11840	161.115.235.116
5	3	1	2	1	29465432	29465432	29465432	29465432	29465432	29465432	107556	54.209.228.152
5	4	3	6	0	29456547	29456547	0	29456547	29456547	0	45791	103.231.14.35
5	0	0	0	1	0	0	29468932	0	0	29468932	0	105.235.131.200
5	1	0	1	0	29464106	29464106	0	29464106	29464106	0	71	74.7.241.172
5	1	0	0	0	29471330	0	0	29471330	0	0	10692	54.37.19.39
5	1	0	0	0	29464804	0	0	29464804	0	0	10168	198.244.242.153
5	1	0	0	0	29456202	0	0	29456202	0	0	35712	173.252.107.115
5	1	0	1	0	29468139	29468139	0	29468139	29468139	0	738	198.244.242.149
5	2	2	0	17	29443770	0	29443770	29443770	0	29443770	75178	146.70.184.111
5	1	0	0	0	29456202	0	0	29456202	0	0	35712	173.252.107.113
5	0	0	1	0	0	29469741	0	0	29469741	0	0	46.202.7.31
5	1	1	1	0	29450951	29450951	0	29450951	29450951	0	10950	167.172.77.0
5	2	1	0	0	29443854	0	0	29443854	0	0	57356	142.93.71.241
5	4	1	2	0	29461708	29461707	0	29461707	29461707	0	1030129	83.134.97.46
5	4	3	6	0	29458115	29458115	0	29458115	29458115	0	45792	72.61.245.235
5	1	0	1	0	29471063	29471063	0	29471063	29471063	0	811	198.244.242.133
5	2	1	1	0	29470928	29470928	0	29470928	29470928	0	95825	185.181.246.203
5	0	0	1	0	0	29460075	0	0	29460075	0	0	74.7.229.235
5	4	3	6	0	29457317	29457317	0	29457317	29457317	0	45792	103.38.83.34
5	1	0	0	0	29464787	0	0	29464787	0	0	71	198.244.242.129
5	1	0	0	0	29469396	0	0	29469396	0	0	71	51.89.129.228
5	4	3	6	0	29456922	29456922	0	29456922	29456922	0	45799	8.217.11.189
5	0	0	0	2	0	0	29461709	0	0	29441596	0	43.157.50.58
5	0	0	0	1	0	0	29461748	0	0	29461748	0	43.166.134.47
5	2	2	0	0	29448738	0	0	29445243	0	0	21199	43.130.102.7
5	1	0	0	0	29465222	0	0	29465222	0	0	9756	198.244.242.117
5	2	0	0	0	29462658	0	0	29460918	0	0	23248	172.183.222.143
5	1	0	0	0	29464747	0	0	29464747	0	0	571732	54.39.0.132
5	1	1	1	0	29465523	29465523	0	29465523	29465523	0	13607	182.44.2.148
5	1	0	1	0	29462451	29462451	0	29462451	29462451	0	71	198.244.242.113
5	2	0	0	0	29461518	0	0	29460235	0	0	23388	172.183.222.138
5	0	0	1	0	0	29460075	0	0	29460075	0	0	74.7.229.216
5	0	0	0	1	0	0	29448016	0	0	29448016	0	23.149.180.112
5	1	0	0	0	29460188	0	0	29460188	0	0	11641	123.17.227.33
5	2	1	2	0	29459715	29459715	0	29459715	29459715	0	11504	142.93.76.159
5	3	0	0	0	29461722	0	0	29460845	0	0	35262	172.183.222.136
5	1	0	0	0	29461806	0	0	29461806	0	0	11747	172.183.222.135
5	1	0	0	0	29462568	0	0	29462568	0	0	11495	172.183.222.134
5	1	0	0	0	29462607	0	0	29462607	0	0	11498	172.183.222.133
5	4	4	0	0	29440770	0	0	29440539	0	0	38675	50.16.249.26
5	0	0	1	0	0	29469317	0	0	29469317	0	0	220.181.108.165
5	1	0	0	0	29460160	0	0	29460160	0	0	11643	172.183.222.131
5	2	0	0	0	29462192	0	0	29462091	0	0	23117	172.183.222.130
5	1	0	0	0	29460647	0	0	29460647	0	0	11756	172.183.222.128
5	8	1	3	0	29456509	29456509	0	29456509	29456509	0	5112717	54.70.53.60
5	0	0	1	0	0	29467097	0	0	29467097	0	0	220.181.108.158
5	0	0	1	0	0	29469317	0	0	29469317	0	0	220.181.108.155
5	2	1	1	0	29452537	29452537	0	29452537	29452537	0	77204	45.15.73.97
5	2	2	0	0	29453178	0	0	29444462	0	0	21358	121.229.185.160
5	0	0	1	1	0	29440135	29440135	0	29440135	29440135	0	101.32.181.56
5	0	0	1	0	0	29461284	0	0	29461284	0	0	129.224.209.84
5	1	0	0	0	29468025	0	0	29468025	0	0	34889	51.89.129.177
5	1	0	0	0	29470916	0	0	29470916	0	0	256292	51.89.129.173
5	4	3	6	0	29459107	29459107	0	29459107	29459107	0	45798	121.127.241.52
5	1	0	0	0	29460697	0	0	29460697	0	0	10387	64.140.131.213
5	0	0	0	1	0	0	29469050	0	0	29469050	0	46.202.110.235
5	12	3	5	0	29458664	29454718	0	29454718	29454718	0	5194446	142.132.225.76
5	0	0	0	1	0	0	29463493	0	0	29463493	0	186.188.185.41
5	2	1	0	1	29442402	0	29442402	29442402	0	29442402	11348	45.135.232.10
5	4	3	6	0	29456418	29456418	0	29456418	29456418	0	45791	47.83.148.60
5	0	0	1	0	0	29467930	0	0	29467930	0	0	54.39.177.173
5	1	0	0	0	29468892	0	0	29468892	0	0	10618	116.204.100.43
5	0	0	1	0	0	29468154	0	0	29468154	0	0	130.193.10.21
5	0	0	1	0	0	29462623	0	0	29462623	0	0	5.246.42.236
5	0	0	1	0	0	29467532	0	0	29467532	0	0	117.99.242.193
5	0	0	15	0	0	29467930	0	0	29467346	0	0	54.39.177.48
5	1	0	0	0	29462594	0	0	29462594	0	0	11495	138.226.30.141
5	2	1	4	0	29457970	29457970	0	29457970	29457970	0	79306	103.151.52.4
5	0	0	0	2	0	0	29469317	0	0	29467097	0	220.181.108.105
5	2	1	4	0	29456775	29456775	0	29456775	29456775	0	79306	103.151.52.2
5	1	1	0	0	29455382	0	0	29455382	0	0	10969	43.135.172.89
5	1	0	0	0	29461460	0	0	29461460	0	0	11719	20.0.53.96
5	1	0	1	0	29463703	29463703	0	29463703	29463703	0	593	51.89.129.132
5	2	1	0	0	29439492	0	0	29439492	0	0	9550	57.128.243.0
5	1	1	2	0	29458145	29458145	0	29458145	29458145	0	9566	47.251.94.35
5	0	0	1	0	0	29453588	0	0	29453588	0	0	112.4.101.55
5	1	1	1	0	29452666	29452666	0	29452666	29452666	0	10975	43.130.47.33
5	1	0	0	0	29465177	0	0	29465177	0	0	55704	51.89.129.125
5	0	0	4	0	0	29468461	0	0	29460161	0	0	202.181.6.168
5	0	0	1	0	0	29461963	0	0	29461963	0	0	92.97.191.32
5	1	1	0	0	29442718	0	0	29442718	0	0	10382	89.104.101.126
5	4	3	6	0	29455923	29455923	0	29455923	29455923	0	43907	206.119.68.133
5	0	0	0	1	0	0	29470541	0	0	29470541	0	206.232.91.113
5	0	0	0	1	0	0	29469752	0	0	29469752	0	196.207.231.55
5	1	0	0	0	29460295	0	0	29460295	0	0	571732	85.85.130.80
5	6	3	6	0	29461319	29461319	0	29461319	29461319	0	659709	213.8.245.84
5	357	214	31	14	29462245	29462146	29462146	29462008	29462082	29462076	7729721	223.123.8.0
5	0	0	0	1	0	0	29440134	0	0	29440134	0	8.218.232.19
5	114	40	12	2	29468622	29461671	29467933	29454714	29460577	29464398	14770779	74.125.208.6
5	106	30	2	3	29468621	29461447	29468622	29454714	29461403	29462244	18705263	74.125.208.5
5	0	0	1	0	0	29459504	0	0	29459504	0	0	95.104.244.140
5	98	38	4	2	29468622	29461400	29464200	29454741	29460565	29463594	12073765	74.125.208.4
5	7	5	9	2	29465162	29465162	29465162	29441998	29441998	29453484	280805	37.139.53.35
5	0	0	1	0	0	29461707	0	0	29461707	0	0	74.125.208.1
5	3	3	5	0	29460336	29460336	0	29460336	29460336	0	30877	4.155.232.126
5	3	0	1	0	29470359	29470359	0	29470359	29470359	0	630288	138.226.24.124
5	1	0	0	0	29470817	0	0	29470817	0	0	632300	51.195.244.226
5	4	3	6	0	29457524	29457524	0	29457524	29457524	0	45795	47.84.116.110
5	1	1	1	0	29459112	29459112	0	29459112	29459112	0	11435	62.141.44.236
5	4	3	6	0	29458451	29458450	0	29458450	29458450	0	45796	38.47.213.22
5	0	0	0	1	0	0	29461853	0	0	29461853	0	3.226.106.93
5	1	0	1	0	29469628	29469628	0	29469628	29469628	0	738	51.195.244.224
5	1	0	0	0	29460697	0	0	29460697	0	0	8371	64.140.131.103
5	1	0	0	0	29470444	0	0	29470444	0	0	10250	47.82.11.92
5	0	0	1	0	0	29454344	0	0	29454344	0	0	185.183.161.105
5	1	1	0	0	29468693	0	0	29468693	0	0	11873	51.195.244.196
5	0	0	0	1	0	0	29439421	0	0	29439421	0	47.82.11.82
5	1	1	1	0	29442890	29442890	0	29442890	29442890	0	10395	43.153.12.58
5	0	0	1	0	0	29462185	0	0	29462185	0	0	107.173.100.220
5	0	0	0	1	0	0	29440011	0	0	29440011	0	47.82.11.77
5	0	0	1	1	0	29464794	29464794	0	29464794	29464794	0	47.82.11.75
5	0	0	1	0	0	29459745	0	0	29459745	0	0	45.184.59.69
5	7	4	8	0	29460246	29460246	0	29460246	29460246	0	668894	109.43.48.83
5	0	0	0	1	0	0	29469330	0	0	29469330	0	59.52.101.100
5	0	0	0	1	0	0	29467447	0	0	29467447	0	96.62.79.187
5	3	0	1	1	29462602	29462602	29462602	29462602	29462602	29462602	1018857	155.33.135.6
5	0	0	1	1	0	29465973	29465973	0	29465973	29465973	0	47.82.11.63
5	0	0	0	1	0	0	29439840	0	0	29439840	0	47.82.11.61
5	0	0	1	1	0	29470163	29470163	0	29470163	29470163	0	47.82.11.59
5	5	1	0	0	29467253	0	0	29466327	0	0	80553	192.178.11.96
5	1	1	0	0	29463440	0	0	29463440	0	0	11056	47.237.201.108
5	1	0	0	0	29461735	0	0	29461735	0	0	11744	119.8.26.134
5	0	0	1	1	0	29465551	29465551	0	29465551	29465551	0	47.82.11.55
5	1	1	0	0	29459043	0	0	29459043	0	0	11436	43.131.36.84
5	0	0	1	1	0	29465270	29465270	0	29465270	29465270	0	47.82.11.54
5	2	2	0	0	29454676	0	0	29449433	0	0	21651	182.44.67.97
5	1	0	0	0	29470193	0	0	29470193	0	0	7050	47.82.11.53
5	0	0	0	1	0	0	29468532	0	0	29468532	0	49.51.47.100
5	0	0	1	1	0	29470392	29470392	0	29470392	29470392	0	47.82.11.52
5	1	1	1	0	29458112	29458112	0	29458112	29458112	0	11437	49.51.36.179
5	0	0	1	1	0	29471242	29471242	0	29471242	29471242	0	47.82.11.50
5	0	0	1	1	0	29470423	29470423	0	29470423	29470423	0	47.82.11.48
5	1	1	2	1	29450577	29450577	29450577	29450577	29450577	29450577	9104	50.7.124.7
5	0	0	2	2	0	29466010	29466010	0	29464552	29464552	0	47.82.11.45
5	0	0	1	1	0	29464943	29464943	0	29464943	29464943	0	47.82.11.44
5	0	0	3	1	0	29468774	29468774	0	29461382	29468774	0	47.82.11.41
5	2	2	0	0	29461671	0	0	29460146	0	0	25421	74.125.208.15
5	7	7	1	0	29467343	29460677	0	29461292	29460677	0	90995	74.125.208.14
5	8	8	0	0	29467343	0	0	29460146	0	0	100608	74.125.208.13
5	1	0	0	0	29461042	0	0	29461042	0	0	11754	52.173.235.93
5	1	0	0	0	29460948	0	0	29460948	0	0	11755	52.173.235.91
5	0	0	2	5	0	29465123	29465123	0	29453602	29442083	0	128.241.2.170
5	0	0	1	1	0	29464442	29464442	0	29464442	29464442	0	47.82.11.31
5	0	0	1	1	0	29465273	29465273	0	29465273	29465273	0	47.82.11.28
5	0	0	1	1	0	29466467	29466467	0	29466467	29466467	0	47.82.11.27
5	0	0	1	0	0	29462080	0	0	29462080	0	0	189.28.73.54
5	2	1	2	0	29458388	29458388	0	29458388	29458388	0	11509	17.246.23.213
5	1	0	0	0	29451574	0	0	29451574	0	0	10859	192.36.52.37
5	1	0	0	0	29470795	0	0	29470795	0	0	8424	43.166.237.57
5	0	0	0	1	0	0	29470996	0	0	29470996	0	94.154.181.226
5	0	0	0	1	0	0	29439632	0	0	29439632	0	47.82.11.22
5	0	0	1	0	0	29470143	0	0	29470143	0	0	190.103.31.25
5	0	0	1	1	0	29465123	29465123	0	29465123	29465123	0	47.82.11.20
5	1	1	0	0	29465276	0	0	29465276	0	0	11086	198.244.226.99
5	2	2	1	1	29467074	29467074	29470884	29458615	29467074	29470884	25401	43.157.170.13
5	2	0	1	0	29465047	29462678	0	29462678	29462678	0	614104	51.195.244.123
5	1	1	0	0	29440561	0	0	29440561	0	0	9659	52.90.162.172
5	5	5	0	0	29445450	0	0	29441120	0	0	41760	104.199.40.115
5	2	1	0	0	29462583	0	0	29460707	0	0	22457	43.130.14.245
5	0	0	0	1	0	0	29464031	0	0	29464031	0	173.252.95.9
5	1	0	1	0	29463119	29463119	0	29463119	29463119	0	570	198.244.226.91
5	1	0	0	0	29464787	0	0	29464787	0	0	123310	51.195.244.115
5	1	0	0	0	29460787	0	0	29460787	0	0	40799	173.252.95.4
5	1	0	0	0	29465638	0	0	29465638	0	0	12919	192.71.2.57
5	0	0	0	1	0	0	29465720	0	0	29465720	0	177.2.131.219
5	0	0	0	1	0	0	29470062	0	0	29470062	0	45.225.115.140
5	0	0	0	1	0	0	29463303	0	0	29463303	0	37.99.221.254
5	1	0	0	0	29440523	0	0	29440523	0	0	971	45.76.215.185
5	3	2	0	0	29442212	0	0	29442212	0	0	67724	66.132.153.125
5	4	3	6	0	29459724	29459724	0	29459723	29459723	0	45794	103.120.82.20
5	1	0	0	0	29470570	0	0	29470570	0	0	2782525	57.129.69.65
5	1	1	0	0	29459057	0	0	29459057	0	0	9566	31.40.178.103
5	2	2	2	0	29463239	29463239	0	29460987	29460987	0	25492	106.54.62.156
5	3	1	2	1	29451029	29451029	29451029	29451029	29451028	29451029	104891	54.162.190.133
5	5	1	0	0	29438718	0	0	29438718	0	0	4517	34.83.119.4
5	1	1	0	0	29460980	0	0	29460980	0	0	44259	91.217.249.222
5	0	0	1	0	0	29465638	0	0	29465638	0	0	192.71.126.245
5	4	3	6	0	29458696	29458696	0	29458696	29458696	0	45796	103.193.173.47
5	1	0	0	0	29470570	0	0	29470570	0	0	12682	57.129.69.52
5	1	0	0	0	29461398	0	0	29461398	0	0	571732	34.220.118.171
5	0	0	1	0	0	29460980	0	0	29460980	0	0	91.217.249.216
5	0	0	1	0	0	29461956	0	0	29461956	0	0	130.0.26.115
5	1	0	0	0	29460980	0	0	29460980	0	0	40799	91.217.249.214
5	4	1	5	0	29462875	29462876	0	29462875	29462874	0	154613	167.94.138.198
5	4	3	6	0	29456695	29456695	0	29456695	29456695	0	45798	38.60.230.235
5	0	0	0	1	0	0	29463892	0	0	29463892	0	45.178.1.247
5	0	0	1	0	0	29460980	0	0	29460980	0	0	91.217.249.210
5	0	0	1	0	0	29460980	0	0	29460980	0	0	91.217.249.203
5	1	0	0	0	29460817	0	0	29460817	0	0	571732	54.191.159.93
5	0	0	1	0	0	29461112	0	0	29461112	0	0	45.132.115.117
5	1	0	1	0	29469165	29469165	0	29469165	29469165	0	738	198.244.226.44
5	1	0	0	0	29461112	0	0	29461112	0	0	0	45.132.115.115
5	0	0	1	0	0	29461447	0	0	29461447	0	0	45.231.255.19
5	1	1	0	0	29462595	0	0	29462595	0	0	13692	49.51.204.74
5	2	2	1	0	29467762	29460563	0	29460563	29460563	0	25621	170.106.11.141
5	1	0	0	0	29461565	0	0	29461565	0	0	11742	162.120.187.217
5	4	3	6	0	29459582	29459582	0	29459582	29459582	0	45789	103.75.13.242
5	1	1	0	0	29445303	0	0	29445303	0	0	10567	43.130.91.95
5	3	0	3	2	29458758	29454488	29448581	29450236	29443965	29445180	13168	185.191.171.9
5	2	0	1	0	29459221	29445414	0	29458758	29445414	0	142	185.191.171.8
5	2	0	2	1	29458758	29458877	29463593	29445126	29445389	29463593	10748	185.191.171.7
5	1	0	0	1	29444558	0	29445414	29444558	0	29445414	71	185.191.171.6
5	8	1	0	0	29448954	0	0	29448954	0	0	2856710	116.203.197.64
5	2	0	2	1	29454350	29458758	29445639	29448581	29449607	29445639	142	185.191.171.5
5	1	0	0	0	29460327	0	0	29460327	0	0	11643	162.120.188.55
5	0	0	2	1	0	29463593	29444424	0	29445639	29444424	0	185.191.171.4
5	1	1	1	0	29454438	29454438	0	29454438	29454438	0	10993	62.109.140.96
5	2	0	0	0	29445414	0	0	29443965	0	0	441	185.191.171.3
5	3	0	2	0	29451689	29454489	0	29445674	29450900	0	9463	185.191.171.2
5	3	0	0	3	29459221	0	29444430	29444424	0	29443972	12262	185.191.171.1
5	1	0	0	0	29460360	0	0	29460360	0	0	571732	85.255.232.120
5	2	1	0	0	29439644	0	0	29439644	0	0	7784	146.70.128.200
5	1	1	1	0	29449934	29449934	0	29449934	29449934	0	40339	121.127.34.151
5	0	0	1	0	0	29470111	0	0	29470111	0	0	182.42.104.32
5	1	1	0	0	29457096	0	0	29457096	0	0	9565	43.163.110.44
5	0	0	1	0	0	29467755	0	0	29467755	0	0	116.204.28.196
5	1	1	0	0	29438651	0	0	29438651	0	0	701	142.44.161.179
5	4	3	6	0	29456866	29456866	0	29456866	29456866	0	45794	149.88.95.91
5	2	0	9	0	29464746	29464747	0	29464746	29464746	0	142	142.44.166.135
5	1	0	0	0	29471348	0	0	29471348	0	0	61967	51.77.211.39
5	0	0	0	1	0	0	29445069	0	0	29445069	0	220.167.232.118
5	1	1	0	1	29464873	0	29464873	29464873	0	29464873	0	100.31.55.120
5	0	0	0	209	0	0	29453526	0	0	29453525	0	20.19.164.254
5	1	1	0	0	29445903	0	0	29445903	0	0	10552	176.53.222.174
5	0	0	0	1	0	0	29443890	0	0	29443890	0	113.172.130.32
5	2	0	0	0	29458665	0	0	29454721	0	0	142	142.147.108.21
5	1	1	0	0	29463002	0	0	29463002	0	0	13693	43.157.149.188
5	1	1	0	0	29447364	0	0	29447364	0	0	10523	185.13.96.91
5	176	49	12	11	29442895	29442824	29442714	29442530	29442571	29442695	28461541	223.123.2.38
5	4	3	6	0	29457119	29457119	0	29457119	29457119	0	45794	15.188.44.20
5	2	1	1	0	29461772	29454345	0	29454345	29454345	0	13902	67.218.5.102
5	1	1	0	0	29455703	0	0	29455703	0	0	9138	182.11.154.123
5	8	6	12	0	29457879	29457879	0	29457438	29457438	0	91597	220.128.127.199
5	1	1	1	0	29464685	29464685	0	29464685	29464685	0	11085	37.214.57.222
5	4	3	6	0	29457008	29457008	0	29457008	29457008	0	45789	107.173.80.124
5	2	1	0	0	29456934	0	0	29456934	0	0	9637	46.105.38.210
5	1	0	1	0	29467061	29467061	0	29467061	29467061	0	71	51.222.95.35
5	2	2	1	0	29467443	29455777	0	29455777	29455777	0	24945	223.244.35.77
5	0	0	1	0	0	29449976	0	0	29449976	0	0	154.193.159.178
5	2	2	1	0	29462496	29462496	0	29442069	29462496	0	87494	121.127.34.106
5	3	0	0	0	29467634	0	0	29465999	0	0	213	74.7.175.190
5	1	0	0	0	29440327	0	0	29440327	0	0	163820	69.171.249.40
5	0	0	1	1	0	29464883	29464883	0	29464883	29464883	0	47.88.26.14
5	2	2	2	0	29470433	29470433	0	29465020	29465020	0	28144	49.51.203.164
5	8	1	1	0	29450029	29450029	0	29450029	29450029	0	74877	46.4.250.50
5	8	4	2	0	29450029	29450029	0	29450029	29450029	0	169345	46.4.250.49
5	2	1	0	0	29440327	0	0	29440327	0	0	198188	69.171.249.23
5	0	0	1	0	0	29464743	0	0	29464743	0	0	58.97.230.10
5	1	1	0	0	29446271	0	0	29446271	0	0	10548	176.53.222.115
5	4	3	6	0	29457616	29457616	0	29457616	29457616	0	45802	155.254.22.88
5	1	0	0	0	29470835	0	0	29470835	0	0	11595	43.166.132.142
5	1	1	0	0	29468344	0	0	29468344	0	0	14533	43.130.110.130
5	2	1	1	0	29452658	29452658	0	29440327	29452658	0	9504	69.171.249.20
5	2	2	2	0	29469906	29469906	0	29468758	29468758	0	29068	185.130.227.201
5	2	0	0	0	29440327	0	0	29440327	0	0	327640	69.171.249.17
5	1	1	0	0	29451124	0	0	29451124	0	0	10953	77.83.80.84
5	6	2	5	0	29460972	29460972	0	29460972	29460972	0	1040382	196.187.151.108
5	0	0	1	0	0	29449976	0	0	29449976	0	0	154.193.159.131
5	499	129	79	268	29440411	29440411	29440385	29439915	29439977	29439915	16274266	223.123.6.192
5	2	2	1	0	29465838	29465838	0	29452503	29465838	0	24582	43.166.251.233
5	1	1	1	0	29461366	29461366	0	29461366	29461366	0	11800	150.109.46.88
5	1	0	0	0	29468302	0	0	29468302	0	0	71	74.7.175.135
5	2	2	0	2	29438474	0	29438474	29438474	0	29438474	1402	46.101.70.221
5	1	0	0	3	29467305	0	29467305	29467305	0	29462985	71	193.31.62.68
5	4	3	6	0	29456827	29456827	0	29456827	29456827	0	45793	122.10.24.100
5	4	3	6	0	29457046	29457046	0	29457046	29457046	0	45800	8.217.70.254
5	0	0	1	0	0	29465142	0	0	29465142	0	0	139.28.48.116
5	3	2	1	0	29441321	29441320	0	29441320	29441320	0	24706	122.162.146.152
5	2	1	0	0	29467668	0	0	29467668	0	0	11529	46.105.48.30
5	2	1	2	0	29459286	29459286	0	29459286	29459286	0	58410	5.133.192.87
5	4	3	6	0	29457245	29457245	0	29457245	29457245	0	45795	149.30.245.218
5	1	0	0	0	29463171	0	0	29463171	0	0	571732	54.70.146.3
5	22	9	31	0	29459299	29459299	0	29459297	29459297	0	98698	91.224.92.35
5	3	2	0	0	29454718	0	0	29452972	0	0	22018	172.96.95.213
5	59	40	27	1	29443436	29443436	29443420	29443409	29443409	29443420	4304086	223.123.1.222
5	0	0	0	1	0	0	29464914	0	0	29464914	0	187.189.72.116
5	0	0	1	0	0	29455780	0	0	29455780	0	0	146.71.46.37
5	0	0	1	0	0	29461729	0	0	29461729	0	0	41.83.115.242
5	0	0	1	0	0	29464200	0	0	29464200	0	0	119.249.100.53
5	1	0	0	0	29460136	0	0	29460136	0	0	11644	23.27.225.40
5	1	1	0	0	29448322	0	0	29448322	0	0	10648	3.88.105.196
5	2	0	0	0	29471193	0	0	29471193	0	0	568471	17.22.245.17
5	0	0	1	0	0	29464200	0	0	29464200	0	0	119.249.100.45
5	4	3	6	0	29458853	29458853	0	29458853	29458853	0	45795	8.141.4.73
5	1	0	1	1	29454345	29454345	29462985	29454345	29454345	29462985	71	209.163.118.93
5	0	0	0	2	0	0	29448903	0	0	29448903	0	134.209.184.222
5	0	0	1	0	0	29454989	0	0	29454989	0	0	138.124.185.254
5	2	2	0	0	29467168	0	0	29458925	0	0	25426	193.150.190.122
5	0	0	0	1	0	0	29466765	0	0	29466765	0	177.73.155.155
5	1	1	0	4	29439776	0	29439776	29439776	0	29439776	7882	49.49.218.215
5	2	2	38	0	29457038	29457024	0	29442609	29457024	0	21862	185.185.217.76
5	3	1	1	1	29468045	29454721	29450024	29454721	29454721	29450024	14674	172.96.90.216
5	0	0	1	0	0	29460510	0	0	29460510	0	0	180.75.251.75
5	1	1	0	0	29448965	0	0	29448965	0	0	10654	43.130.72.40
5	0	0	0	1	0	0	29465833	0	0	29465833	0	140.233.178.65
5	0	0	1	0	0	29470325	0	0	29470325	0	0	187.106.47.155
5	1	0	0	0	29461689	0	0	29461689	0	0	12754	43.131.243.61
5	0	0	0	1	0	0	29442519	0	0	29442519	0	185.196.9.165
5	1	1	0	0	29445710	0	0	29445710	0	0	8692	34.70.73.234
5	4	3	6	0	29457073	29457073	0	29457073	29457073	0	45793	88.99.136.210
5	4	3	6	0	29456988	29456988	0	29456988	29456988	0	45795	43.173.167.147
5	1	1	0	5	29441402	0	29441402	29441402	0	29441402	9865	54.241.220.178
5	0	0	1	0	0	29458401	0	0	29458401	0	0	200.82.153.176
5	0	0	1	0	0	29468319	0	0	29468319	0	0	189.1.220.53
5	4	3	6	0	29458259	29458259	0	29458259	29458259	0	45796	103.215.78.84
5	1	1	0	0	29450605	0	0	29450605	0	0	9102	223.123.14.14
5	1	1	0	0	29440982	0	0	29440982	0	0	9679	43.153.86.78
5	0	0	1	0	0	29461230	0	0	29461230	0	0	191.37.78.53
5	0	0	0	1	0	0	29468976	0	0	29468976	0	148.222.203.100
5	20	13	0	6	29464689	0	29464689	29464626	0	29464659	1012993	223.123.6.104
5	0	0	0	1	0	0	29439663	0	0	29439663	0	34.203.232.5
5	1	0	0	0	29441007	0	0	29441007	0	0	971	37.140.223.28
5	2	0	0	0	29471292	0	0	29468597	0	0	142	69.171.231.26
5	1	1	1	0	29450325	29450325	0	29450325	29450325	0	40428	82.165.66.236
5	10	2	3	0	29461501	29461501	0	29461501	29461501	0	518249	101.2.164.67
5	2	0	0	0	29461743	0	0	29461743	0	0	11744	159.138.22.23
5	1	1	0	0	29456582	0	0	29456582	0	0	11434	93.158.91.241
5	0	0	1	0	0	29456582	0	0	29456582	0	0	93.158.91.239
5	1	0	0	0	29468597	0	0	29468597	0	0	71	69.171.231.22
5	2	0	1	0	29469454	29469454	0	29465598	29469454	0	36575	69.171.231.20
5	1	0	1	0	29464330	29464330	0	29464330	29464330	0	41946	104.248.5.79
5	4	4	1	0	29468584	29468584	0	29440651	29468584	0	46582	36.41.75.167
5	1	0	0	0	29469629	0	0	29469629	0	0	11642	93.158.91.237
5	2	0	0	0	29462377	0	0	29462377	0	0	11497	159.138.158.231
5	0	0	1	0	0	29460462	0	0	29460462	0	0	181.78.21.172
5	1	0	0	0	29447364	0	0	29447364	0	0	71	103.168.207.217
5	30	2	4	2	29471395	29471395	29471395	29471362	29471362	29471362	2957056	9.169.121.185
5	0	0	1	0	0	29461472	0	0	29461472	0	0	192.36.137.155
5	1	1	0	0	29459057	0	0	29459057	0	0	9565	200.50.232.84
5	63	5	12	2	29471398	29471398	29471398	29455552	29455552	29471395	14754053	9.169.121.184
5	2	2	2	0	29468154	29468154	0	29468154	29468154	0	29066	130.193.15.79
5	1	0	0	0	29464282	0	0	29464282	0	0	71	92.222.104.206
5	2	1	0	0	29468562	0	0	29443563	0	0	66100	170.106.107.87
5	0	0	1	0	0	29461905	0	0	29461905	0	0	92.222.104.193
5	0	0	1	0	0	29455780	0	0	29455780	0	0	23.236.65.151
5	5	0	3	0	29461320	29461320	0	29461320	29461320	0	74703	108.174.2.218
5	1	0	0	0	29462789	0	0	29462789	0	0	570	157.55.39.203
5	8	1	0	0	29440946	0	0	29440946	0	0	868691	34.22.223.213
5	1	0	0	0	29470781	0	0	29470781	0	0	811	157.55.39.200
5	0	0	0	1	0	0	29467532	0	0	29467532	0	94.187.15.39
5	1	0	0	0	29463746	0	0	29463746	0	0	571732	91.60.194.224
5	6	5	12	13	29453951	29456983	29453887	29441037	29448656	29439566	193097	51.68.186.52
5	1	0	0	0	29462602	0	0	29462602	0	0	11494	72.14.201.196
5	0	0	2	0	0	29470457	0	0	29470456	0	0	66.249.88.228
5	0	0	7	0	0	29470457	0	0	29470456	0	0	66.249.88.227
5	0	0	159	159	0	29463414	29463414	0	29463412	29463412	0	4.217.169.80
5	0	0	5	0	0	29470457	0	0	29470456	0	0	66.249.88.226
5	4	3	6	0	29457034	29457034	0	29457034	29457034	0	45796	43.132.148.110
5	3	3	3	0	29461539	29461539	0	29450026	29450026	0	38612	209.38.38.83
5	2	2	0	0	29443863	0	0	29443244	0	0	20793	43.130.106.18
5	2	0	0	0	29454465	0	0	29454465	0	0	9320	51.75.116.202
5	0	0	1	0	0	29462089	0	0	29462089	0	0	156.209.216.54
5	4	0	1	2	29462985	29462985	29462985	29450023	29462985	29450024	284	172.96.84.155
5	0	0	1	0	0	29449976	0	0	29449976	0	0	154.82.150.104
5	0	0	0	1	0	0	29462670	0	0	29462670	0	66.249.88.199
5	4	3	6	0	29458633	29458633	0	29458633	29458633	0	45789	69.72.83.226
5	0	0	0	1	0	0	29463073	0	0	29463073	0	190.115.66.159
5	51	2	9	3	29446461	29446461	29446460	29446413	29446413	29446440	3281880	223.123.15.9
5	6	6	0	0	29470457	0	0	29470456	0	0	71230	66.249.88.196
5	3	3	0	0	29470457	0	0	29470456	0	0	35612	66.249.88.195
5	4	3	6	0	29456516	29456516	0	29456516	29456516	0	45794	43.155.142.9
5	5	5	0	0	29470457	0	0	29470456	0	0	59357	66.249.88.194
5	1	0	0	0	29451098	0	0	29451098	0	0	71	38.7.5.19
5	0	0	9	9	0	29453268	29453268	0	29453268	29453268	0	45.138.16.121
5	2	0	0	0	29465067	0	0	29464169	0	0	142	74.7.230.61
5	0	0	0	1	0	0	29467945	0	0	29467945	0	212.42.117.143
5	2	1	0	1	29443841	0	29443841	29443841	0	29443841	57355	3.235.150.188
5	3	2	1	0	29462524	29462524	0	29448061	29462524	0	32240	43.166.239.145
5	1	0	0	0	29466495	0	0	29466495	0	0	571732	146.241.35.235
5	0	0	1	0	0	29455818	0	0	29455818	0	0	147.45.34.89
5	2	0	0	0	29462825	0	0	29462463	0	0	142	74.7.230.50
5	1	1	2	0	29455559	29455559	0	29455559	29455559	0	41228	45.194.2.54
5	1	0	0	0	29468615	0	0	29468615	0	0	34889	66.220.149.112
5	2	1	0	0	29445560	0	0	29445560	0	0	10615	44.234.110.28
5	1	1	1	0	29460911	29460911	0	29460911	29460911	0	9758	206.81.4.132
5	0	0	0	1	0	0	29467321	0	0	29467321	0	82.199.223.95
5	1	0	0	0	29462724	0	0	29462724	0	0	36394	173.252.107.24
5	0	0	1	0	0	29462063	0	0	29462063	0	0	101.42.9.234
5	1	0	1	0	29456202	29456202	0	29456202	29456202	0	48628	173.252.107.21
5	0	0	11	22	0	29462870	29463005	0	29462870	29462870	0	162.243.47.27
5	0	0	1	0	0	29461210	0	0	29461210	0	0	177.225.72.247
5	2	1	0	0	29469095	0	0	29469095	0	0	27335	185.12.148.78
5	2	0	2	0	29470232	29470232	0	29468275	29468275	0	142	74.7.230.30
5	4	0	4	0	29467579	29467579	0	29465330	29465330	0	284	74.7.230.29
5	3	3	1	0	29456202	29456202	0	29456202	29456202	0	93427	173.252.107.15
5	1	1	0	0	29457959	0	0	29457959	0	0	11439	43.130.228.73
5	1	1	1	0	29470998	29470998	0	29470998	29470998	0	14533	34.174.77.87
5	2	1	0	1	29446083	0	29466165	29444884	0	29466165	21187	43.153.62.161
5	1	1	0	1	29445902	0	29470904	29445902	0	29470904	10567	43.166.7.113
5	0	0	1	0	0	29456202	0	0	29456202	0	0	173.252.107.10
5	0	0	0	1	0	0	29440769	0	0	29440769	0	185.215.164.244
5	0	0	1	0	0	29457158	0	0	29457158	0	0	124.156.104.73
5	1	1	1	0	29460075	29460075	0	29460075	29460075	0	9644	74.7.229.16
5	8	8	18	7	29467818	29470663	29470663	29460593	29460593	29463033	400613	51.89.38.21
5	2	0	2	0	29460806	29460806	0	29459892	29459892	0	142	74.7.230.14
5	1	1	0	0	29462505	0	0	29462505	0	0	11056	79.177.134.21
5	0	0	2	0	0	29454343	0	0	29454343	0	0	104.28.208.87
5	2	0	4	0	29440110	29466401	0	29440105	29457392	0	1942	104.28.208.86
5	1	0	0	0	29462063	0	0	29462063	0	0	71	47.236.80.252
5	1	0	0	0	29440308	0	0	29440308	0	0	971	104.28.208.85
5	0	0	2	0	0	29462226	0	0	29460763	0	0	20.0.53.111
5	1	0	1	1	29443731	29443732	29443732	29443731	29443732	29443732	971	193.142.147.57
5	1	0	0	0	29461925	0	0	29461925	0	0	11572	20.0.53.110
5	2	1	0	0	29462226	0	0	29462226	0	0	22551	20.0.53.109
5	1	0	0	0	29460686	0	0	29460686	0	0	11759	20.0.53.105
5	1	0	0	0	29461616	0	0	29461616	0	0	11744	20.0.53.103
5	1	1	0	0	29460763	0	0	29460763	0	0	9758	20.0.53.101
5	0	0	1	0	0	29449867	0	0	29449867	0	0	23.150.188.69
5	1	0	0	0	29461261	0	0	29461261	0	0	11756	20.0.53.100
5	2	2	2	0	29471164	29471164	0	29469072	29469072	0	106432	158.173.157.93
5	0	0	0	1	0	0	29464196	0	0	29464196	0	220.181.51.120
5	0	0	1	0	0	29471176	0	0	29471176	0	0	220.181.51.118
5	0	0	1	0	0	29465072	0	0	29465072	0	0	93.158.91.35
5	0	0	1	1	0	29471176	29469272	0	29471176	29469272	0	220.181.51.116
5	0	0	0	1	0	0	29438893	0	0	29438893	0	154.16.227.186
5	0	0	0	1	0	0	29471176	0	0	29471176	0	220.181.51.113
5	1	1	0	0	29441271	0	0	29441271	0	0	9718	34.221.21.250
5	1	0	0	0	29458806	0	0	29458806	0	0	35775	185.246.188.74
5	2	2	0	18	29443919	0	29443920	29443919	0	29443919	75178	34.138.210.158
5	18	2	4	0	29452273	29452273	0	29448504	29452273	0	7901530	94.130.238.229
5	2	1	3	1	29463029	29463029	29463029	29463029	29463029	29463029	89268	69.167.30.18
5	2	1	3	1	29454709	29454709	29454709	29454709	29454709	29454709	74053	208.65.90.3
5	1	0	0	0	29460586	0	0	29460586	0	0	8319	43.153.67.21
5	1	0	0	0	29444086	0	0	29444086	0	0	6875	66.249.83.136
5	0	0	1	1	0	29462705	29462705	0	29462705	29462705	0	94.74.84.57
5	0	0	1	0	0	29460022	0	0	29460022	0	0	45.235.38.179
5	1	1	0	0	29442168	0	0	29442168	0	0	10375	43.130.34.74
5	8	4	2	0	29463755	29457465	0	29452270	29457465	0	39184	46.105.42.96
5	1	1	0	0	29440253	0	0	29440253	0	0	7781	66.249.83.132
5	1	1	0	0	29471250	0	0	29471250	0	0	14535	110.166.71.39
5	2	1	0	0	29445968	0	0	29440253	0	0	14758	66.249.83.131
5	0	0	1	0	0	29458145	0	0	29458145	0	0	94.74.106.84
5	10	4	0	0	29471404	0	0	29471403	0	0	1266066	223.123.15.221
5	1	1	1	0	29453563	29453563	0	29453563	29453563	0	10977	223.15.245.170
5	0	0	1	0	0	29464005	0	0	29464005	0	0	104.28.198.33
5	1	1	19	0	29457922	29457922	0	29457922	29457922	0	42351	64.23.172.83
5	0	0	1	0	0	29462709	0	0	29462709	0	0	207.46.13.78
5	0	0	1	0	0	29469169	0	0	29469169	0	0	131.196.167.225
5	1	0	0	0	29462868	0	0	29462868	0	0	0	20.194.1.1
5	5	1	1	3	29467253	29456453	29463958	29451298	29456453	29463222	958355	192.178.16.96
5	1	1	1	0	29451474	29451474	0	29451474	29451474	0	9178	90.231.56.134
5	0	0	1	0	0	29467952	0	0	29467952	0	0	17.246.15.69
5	1	0	0	0	29462564	0	0	29462564	0	0	11495	20.194.1.0
5	1	0	0	0	29445968	0	0	29445968	0	0	8994	66.249.83.110
5	1	0	0	0	29469628	0	0	29469628	0	0	12203	146.247.229.2
5	1	0	0	0	29461086	0	0	29461086	0	0	13793	18.97.9.99
5	1	0	0	0	29444953	0	0	29444953	0	0	971	104.28.240.87
5	3	1	0	2	29454723	0	29462985	29450125	0	29450024	11090	167.160.76.136
5	5	1	0	0	29460317	0	0	29459527	0	0	37188	18.97.9.98
5	1	0	1	0	29443559	29469953	0	29443559	29469953	0	971	104.28.240.85
5	4	3	6	0	29456611	29456611	0	29456611	29456611	0	45788	45.76.149.150
5	6	0	0	0	29460626	0	0	29459713	0	0	80373	18.97.9.97
5	2	0	0	0	29462794	0	0	29461015	0	0	13864	18.97.9.96
5	27	8	5	0	29451992	29451992	0	29451985	29451985	0	6033409	223.123.10.236
5	1	0	5	0	29441325	29466402	0	29441325	29449825	0	971	104.28.240.84
5	1	0	0	0	29471348	0	0	29471348	0	0	310369	51.75.24.242
5	4	1	0	1	29461873	0	29452661	29452662	0	29452661	35038	142.250.32.41
5	3	0	1	1	29452663	29461872	29452661	29444086	29461872	29452661	21257	142.250.32.40
5	104	32	9	1	29468622	29461565	29468621	29454714	29460146	29468621	20188609	142.250.32.37
5	1	1	1	0	29452706	29452706	0	29452706	29452706	0	10978	160.225.165.35
5	106	45	7	0	29468621	29461472	0	29454714	29459961	0	18249449	142.250.32.36
5	105	34	4	4	29468622	29461517	29467342	29454714	29460607	29462244	16292030	142.250.32.35
5	19	19	0	0	29468621	0	0	29459961	0	0	232876	142.250.32.34
5	2	2	0	18	29440950	0	29440950	29440950	0	29440950	69792	44.255.40.125
5	4	1	1	0	29461872	29461873	0	29444086	29461873	0	31715	142.250.32.32
5	3	0	0	0	29441107	0	0	29441101	0	0	213	207.46.13.54
5	8	1	3	0	29453593	29453593	0	29453590	29453590	0	153118	106.75.64.28
5	1	1	1	0	29458730	29458730	0	29458730	29458730	0	11436	43.130.78.203
5	4	3	6	0	29457024	29457024	0	29457024	29457024	0	45786	103.82.25.168
5	4	3	6	0	29457373	29457373	0	29457373	29457373	0	45793	143.47.33.126
5	1	0	0	0	29460798	0	0	29460798	0	0	400179	54.201.24.142
5	4	1	26	2	29447007	29469386	29448883	29440248	29450400	29443225	171632	66.249.66.199
5	1	0	0	0	29468693	0	0	29468693	0	0	71	176.31.139.28
5	1	0	0	0	29447364	0	0	29447364	0	0	10606	185.6.11.146
5	3	1	28	4	29448883	29470286	29447463	29446810	29450400	29440248	8758	66.249.66.198
5	1	0	0	0	29444787	0	0	29444787	0	0	1708663	66.249.66.197
5	20	11	2	0	29449991	29449980	0	29448954	29449980	0	99174	162.55.217.135
5	1	1	0	5	29441987	0	29441987	29441987	0	29441987	10378	13.215.154.158
5	2	2	11	0	29443781	29470649	0	29441069	29443134	0	16573	66.249.66.200
5	1	0	0	0	29452285	0	0	29452285	0	0	10749	185.12.251.124
5	3	2	6	0	29461748	29461748	0	29461748	29461748	0	41518	118.99.50.51
5	0	0	0	1	0	0	29446496	0	0	29446496	0	199.188.196.30
5	0	0	1	0	0	29451413	0	0	29451413	0	0	134.122.44.163
5	1	0	0	0	29470814	0	0	29470814	0	0	71	176.31.139.15
5	1	1	1	0	29451003	29451003	0	29451003	29451003	0	10952	43.159.149.216
5	1	1	0	0	29446651	0	0	29446651	0	0	10521	192.36.109.131
5	0	0	1	0	0	29468615	0	0	29468615	0	0	173.252.127.113
5	0	0	0	1	0	0	29460656	0	0	29460656	0	43.135.144.126
5	3	0	0	0	29446651	0	0	29446651	0	0	31389	192.36.109.125
5	4	3	6	0	29458410	29458410	0	29458410	29458410	0	45798	148.66.24.142
5	1	0	0	0	29460492	0	0	29460492	0	0	11642	119.8.117.127
5	2	1	1	0	29452444	29452444	0	29450757	29452444	0	21294	43.130.150.80
5	1	0	0	0	29460898	0	0	29460898	0	0	13794	192.36.109.117
5	4	3	6	0	29461748	29461748	0	29461748	29461748	0	55352	118.99.50.33
5	5	1	0	1	29438492	0	29438492	29438492	0	29438492	4517	44.203.170.251
5	0	0	1	0	0	29460898	0	0	29460898	0	0	192.36.109.114
5	1	1	1	0	29462683	29462683	0	29462683	29462683	0	13694	43.130.3.122
5	4	2	14	1	29444997	29470661	29445017	29439767	29453234	29445017	72284	66.249.66.164
5	2	2	1	0	29442558	29441607	0	29441607	29441607	0	20146	43.130.3.120
5	1	0	16	1	29445614	29468803	29444637	29445614	29441208	29444637	0	66.249.66.163
5	4	2	11	2	29443319	29468622	29443421	29441097	29456238	29440540	64057	66.249.66.162
5	1	0	0	0	29460898	0	0	29460898	0	0	12274	192.36.109.108
5	1	0	0	4	29454721	0	29467305	29454721	0	29450024	71	216.41.235.195
5	0	0	1	0	0	29464692	0	0	29464692	0	0	62.73.123.42
5	1	0	0	0	29442681	0	0	29442681	0	0	46973	45.134.25.158
5	2	0	0	0	29464018	0	0	29441306	0	0	142	104.210.140.143
5	2	0	3	0	29464609	29468156	0	29461272	29453267	0	142	104.210.140.142
5	3	0	2	0	29446617	29469512	0	29443268	29457249	0	213	104.210.140.141
5	4	3	6	0	29458997	29458997	0	29458997	29458997	0	45792	112.213.110.158
5	4	0	1	0	29470085	29466779	0	29441931	29466779	0	284	104.210.140.139
5	3	0	0	0	29466779	0	0	29455922	0	0	213	104.210.140.140
5	6	0	0	0	29462794	0	0	29445301	0	0	426	104.210.140.138
5	1	0	0	1	29458591	0	29438670	29458591	0	29438670	71	104.210.140.137
5	3	0	0	0	29468313	0	0	29459186	0	0	213	104.210.140.136
5	1	1	0	0	29459051	0	0	29459051	0	0	11439	43.135.138.128
5	1	0	2	0	29441871	29455922	0	29441871	29451925	0	71	104.210.140.135
5	3	0	0	0	29469512	0	0	29457852	0	0	213	104.210.140.134
5	3	0	1	0	29462646	29464018	0	29445905	29464018	0	213	104.210.140.133
5	3	0	1	0	29466935	29454602	0	29451925	29454602	0	213	104.210.140.132
5	1	0	0	0	29471035	0	0	29471035	0	0	71	104.210.140.131
5	5	0	2	0	29465985	29462646	0	29444590	29461272	0	355	104.210.140.129
5	6	0	4	0	29470871	29470871	0	29439984	29450587	0	379	104.210.140.130
5	1	0	0	0	29466206	0	0	29466206	0	0	11517	98.156.151.220
5	2	0	0	0	29463236	0	0	29449865	0	0	142	104.210.140.128
5	4	3	6	0	29459636	29459636	0	29459636	29459636	0	45786	103.74.193.1
5	0	0	5	0	0	29460075	0	0	29459892	0	0	74.7.242.24
5	0	0	0	1	0	0	29462185	0	0	29462185	0	45.137.127.117
5	16	2	0	1	29456982	0	29449636	29453883	0	29449636	4283862	74.7.242.20
5	1	0	0	0	29464031	0	0	29464031	0	0	16804	173.252.69.116
5	4	3	6	0	29456277	29456277	0	29456277	29456277	0	45807	192.145.37.20
5	149	31	11	1	29441781	29441756	29441750	29441692	29441692	29441750	3622117	223.123.10.119
5	1	0	1	0	29456130	29456130	0	29456130	29456130	0	71	173.252.70.114
5	2	1	0	0	29445158	0	0	29445158	0	0	10634	44.250.165.94
5	1	0	0	0	29462684	0	0	29462684	0	0	123310	14.232.166.193
5	0	0	1	0	0	29467332	0	0	29467332	0	0	31.13.127.9
5	0	0	1	0	0	29467332	0	0	29467332	0	0	31.13.127.8
5	32	11	10	0	29463617	29463616	0	29463501	29463595	0	3352901	223.123.7.59
5	44	39	36	33	29464686	29464686	29464686	29464685	29464685	29464686	16962	89.108.117.128
5	1	1	0	0	29467332	0	0	29467332	0	0	49942	31.13.127.3
5	1	1	0	1	29452583	0	29466135	29452583	0	29466135	10975	43.159.138.217
5	0	0	1	0	0	29464031	0	0	29464031	0	0	31.13.127.2
5	1	0	0	0	29440327	0	0	29440327	0	0	163820	31.13.127.0
5	0	0	0	1	0	0	29468004	0	0	29468004	0	43.163.206.70
5	25	17	0	0	29468629	0	0	29461222	0	0	284165	134.195.199.50
5	1	1	0	0	29453295	0	0	29453295	0	0	10974	46.101.0.250
5	0	0	1	0	0	29460002	0	0	29460002	0	0	169.224.38.24
5	1	0	0	0	29460185	0	0	29460185	0	0	571732	80.187.100.96
5	0	0	0	1	0	0	29465831	0	0	29465831	0	186.52.188.98
5	1	0	0	0	29465097	0	0	29465097	0	0	2782525	198.244.240.228
5	2	0	1	2	29447145	29447146	29447146	29439158	29447146	29439158	1942	62.60.130.210
5	1	0	0	0	29440592	0	0	29440592	0	0	971	45.131.195.125
5	1	0	0	0	29470399	0	0	29470399	0	0	10206	43.132.228.218
5	0	0	1	0	0	29460509	0	0	29460509	0	0	186.122.1.249
5	3	3	2	0	29471215	29471215	0	29447344	29465406	0	38667	43.130.100.35
5	1	0	1	0	29457305	29457305	0	29457305	29457305	0	71	114.119.136.95
5	6	1	0	3	29440849	0	29440849	29440849	0	29440849	728489	151.115.90.235
5	2	0	1	0	29462469	29462469	0	29462469	29462469	0	21239	68.182.254.174
5	0	0	0	1	0	0	29470744	0	0	29470744	0	197.15.50.27
5	1	0	0	0	29470371	0	0	29470371	0	0	10159	57.129.139.88
5	0	0	1	0	0	29443436	0	0	29443436	0	0	45.86.202.238
5	1	1	0	0	29443436	0	0	29443436	0	0	37589	45.86.202.236
5	1	1	0	0	29469904	0	0	29469904	0	0	11873	57.129.139.80
5	4	3	6	0	29456837	29456837	0	29456837	29456837	0	45787	107.172.75.174
5	1	1	0	0	29443436	0	0	29443436	0	0	37589	45.86.202.232
5	0	0	209	209	0	29452727	29452727	0	29452725	29452725	0	172.190.142.176
5	2	2	1	0	29467841	29467841	0	29443335	29467841	0	24932	192.144.148.122
5	1	0	0	0	29459057	0	0	29459057	0	0	48628	45.187.226.75
5	1	1	1	0	29453437	29453437	0	29453437	29453437	0	10976	13.218.32.181
5	1	0	0	0	29470067	0	0	29470067	0	0	11110	94.74.84.188
5	1	1	0	2	29466407	0	29466407	29466407	0	29466407	13971	216.73.160.30
5	16	1	0	0	29468615	0	0	29462800	0	0	684604	173.252.87.9
5	0	0	3	0	0	29466407	0	0	29466407	0	0	216.73.160.26
5	1	0	0	0	29462800	0	0	29462800	0	0	71	173.252.87.6
5	4	3	6	0	29455490	29455490	0	29455490	29455490	0	43923	47.254.14.150
5	1	1	0	0	29456203	0	0	29456203	0	0	41228	173.252.87.5
5	0	0	0	1	0	0	29443534	0	0	29443534	0	136.117.242.91
5	1	0	1	0	29461339	29461339	0	29461339	29461339	0	71	173.252.87.1
5	1	0	1	0	29464770	29464770	0	29464770	29464770	0	626	198.244.240.178
5	1	0	1	0	29462723	29460953	0	29462723	29460953	0	11495	68.221.67.175
5	0	0	1	0	0	29460980	0	0	29460980	0	0	45.86.202.207
5	2	1	0	0	29462322	0	0	29462322	0	0	22555	68.221.67.174
5	1	1	1	0	29461904	29461867	0	29461904	29461867	0	11125	68.221.67.173
5	0	0	1	0	0	29462080	0	0	29462080	0	0	105.209.149.165
5	0	0	1	0	0	29461904	0	0	29461904	0	0	68.221.67.172
5	3	1	0	0	29462269	0	0	29461559	0	0	34378	68.221.67.171
5	1	1	1	0	29451108	29451108	0	29451108	29451108	0	10952	62.109.145.13
5	0	0	1	0	0	29462143	0	0	29462143	0	0	68.221.67.169
5	1	0	0	0	29462804	0	0	29462804	0	0	11492	68.221.67.168
5	1	1	1	0	29455523	29455523	0	29455523	29455523	0	10970	35.88.18.86
5	0	0	1	0	0	29462322	0	0	29462322	0	0	68.221.67.166
5	3	2	0	0	29462143	0	0	29460074	0	0	33828	68.221.67.165
5	1	0	1	0	29468338	29468338	0	29468338	29468338	0	738	198.244.242.7
5	1	1	0	0	29466406	0	0	29466406	0	0	11406	198.244.240.162
5	3	1	0	0	29462143	0	0	29460305	0	0	32902	68.221.67.163
5	1	0	1	0	29460804	29462269	0	29460804	29462269	0	11756	68.221.67.162
5	1	0	0	0	29460374	0	0	29460374	0	0	11642	68.221.67.161
5	1	1	0	1	29446940	0	29446940	29446940	0	29446940	8688	89.38.107.129
5	3	0	0	0	29465999	0	0	29460473	0	0	34657	68.221.67.160
5	15	14	6	2	29457219	29457219	29440085	29438557	29452894	29438976	174155	62.113.113.43
5	1	0	1	0	29468984	29468984	0	29468984	29468984	0	738	198.244.240.149
5	1	1	0	0	29464688	0	0	29464688	0	0	50648	57.141.20.9
5	0	0	2	0	0	29454710	0	0	29453734	0	0	57.141.20.6
5	0	0	1	0	0	29454310	0	0	29454310	0	0	57.141.20.5
5	1	0	0	0	29454310	0	0	29454310	0	0	30417	57.141.20.4
5	1	1	0	0	29468920	0	0	29468920	0	0	53166	57.141.20.3
5	1	1	1	0	29470331	29461341	0	29470331	29461341	0	53166	57.141.20.2
5	1	1	0	0	29464087	0	0	29464087	0	0	50452	57.141.20.1
5	1	0	0	0	29462169	0	0	29462169	0	0	11496	150.40.254.205
5	0	0	1	0	0	29460112	0	0	29460112	0	0	89.218.71.195
5	5	5	3	0	29452183	29452183	0	29438472	29450012	0	34264	104.28.192.94
5	2	1	0	0	29461472	0	0	29461472	0	0	24016	192.36.207.10
5	2	2	0	0	29447503	0	0	29446682	0	0	21045	43.156.202.34
5	1	0	1	0	29469919	29469919	0	29469919	29469919	0	738	198.244.240.128
5	1	0	0	0	29461185	0	0	29461185	0	0	11758	74.65.234.167
5	1	1	0	0	29456110	0	0	29456110	0	0	10972	202.170.91.69
5	1	1	0	0	29443324	0	0	29443324	0	0	10383	43.130.131.18
5	1	0	0	0	29470177	0	0	29470177	0	0	10294	116.204.76.126
5	1	1	0	0	29443087	0	0	29443087	0	0	10383	217.182.64.155
5	1	1	0	0	29449754	0	0	29449754	0	0	10654	43.130.39.254
5	0	0	2	0	0	29449620	0	0	29449620	0	0	138.68.171.131
5	0	0	1	0	0	29460001	0	0	29460001	0	0	116.90.105.207
5	2	2	1	0	29456169	29455047	0	29455047	29455047	0	21943	114.96.103.33
5	0	0	1	0	0	29460970	0	0	29460970	0	0	154.62.123.34
5	0	0	1	0	0	29464723	0	0	29464723	0	0	45.162.246.187
5	1	1	0	0	29439893	0	0	29439893	0	0	9619	1.162.186.237
5	1	0	0	0	29460412	0	0	29460412	0	0	11643	74.7.36.109
5	0	0	1	0	0	29462051	0	0	29462051	0	0	196.188.40.132
5	4	3	6	0	29456277	29456277	0	29456277	29456277	0	45792	173.208.145.130
5	1	1	0	0	29462047	0	0	29462047	0	0	11129	74.7.36.106
5	1	0	0	0	29462047	0	0	29462047	0	0	11572	74.7.36.101
5	0	0	1	0	0	29462047	0	0	29462047	0	0	74.7.36.100
5	29	3	14	0	29458933	29458933	0	29458827	29458827	0	6541086	223.123.19.28
5	2	1	0	0	29467403	0	0	29467403	0	0	14046	17.241.227.141
5	2	2	6	0	29458201	29458201	0	29458201	29458200	0	22871	72.60.54.215
5	1	0	0	0	29461400	0	0	29461400	0	0	400179	54.190.151.39
5	4	4	2	0	29460960	29460960	0	29449623	29451886	0	44440	170.106.192.208
5	1	1	1	0	29460608	29460608	0	29460608	29460608	0	11992	170.106.163.84
5	2	0	0	0	29462069	0	0	29460610	0	0	13863	20.12.141.99
5	56	6	22	0	29467773	29470762	0	29448992	29454387	0	18183656	34.122.147.229
5	0	0	0	1	0	0	29444980	0	0	29444980	0	162.62.231.139
5	1	0	0	0	29461472	0	0	29461472	0	0	13166	192.121.135.97
5	7	2	0	0	29443132	0	0	29443131	0	0	1944794	205.169.39.83
5	24	10	7	4	29448346	29443299	29439935	29439934	29439934	29439934	3639684	74.7.227.153
5	0	0	2	0	0	29467403	0	0	29467403	0	0	17.241.227.118
5	1	1	1	16	29450004	29450004	29450004	29450004	29450004	29450004	10950	31.6.11.7
5	1	1	0	0	29460061	0	0	29460061	0	0	11590	43.133.69.37
5	4	3	6	0	29457023	29457023	0	29457023	29457023	0	45792	206.119.72.109
5	2	2	0	0	29469381	0	0	29463369	0	0	28223	43.157.168.43
5	0	0	0	1	0	0	29464040	0	0	29464040	0	189.1.225.32
5	0	0	83	67	0	29453654	29453654	0	29453654	29453654	0	4.213.160.187
5	1	1	1	0	29466616	29466616	0	29466616	29466616	0	13971	43.157.181.189
5	0	0	1	0	0	29443436	0	0	29443436	0	0	91.217.249.4
5	1	1	0	0	29444643	0	0	29444643	0	0	10562	170.106.163.48
5	7	1	0	0	29446841	0	0	29446841	0	0	2288141	205.169.39.57
5	0	0	2	0	0	29466857	0	0	29466857	0	0	138.68.103.62
5	2	1	0	0	29447135	0	0	29447135	0	0	71530	128.90.108.27
5	371	28	28	28	29471026	29471026	29471026	29465842	29465842	29465842	19121288	173.249.17.45
5	8	1	3	0	29448992	29448992	0	29448992	29448992	0	2856716	205.169.39.53
5	1	0	0	0	29445001	0	0	29445001	0	0	10604	170.106.197.109
5	0	0	1	0	0	29469195	0	0	29469195	0	0	43.130.34.214
5	1	1	0	0	29438492	0	0	29438492	0	0	701	54.163.48.20
5	0	0	1	0	0	29455703	0	0	29455703	0	0	197.205.238.137
5	1	0	0	0	29468525	0	0	29468525	0	0	10678	43.167.232.38
5	0	0	0	1	0	0	29464564	0	0	29464564	0	54.39.6.1
5	0	0	1	0	0	29464782	0	0	29464782	0	0	92.119.186.110
5	0	0	2	0	0	29458254	0	0	29458254	0	0	146.190.231.154
5	2	0	0	0	29462188	0	0	29462188	0	0	11496	190.92.230.42
5	0	0	0	1	0	0	29466662	0	0	29466662	0	41.121.10.131
5	1	1	1	0	29460697	29460697	0	29460697	29460697	0	9758	64.140.128.130
5	6	1	0	0	29443131	0	0	29443131	0	0	1936197	205.169.39.28
5	4	3	6	0	29457355	29457355	0	29457355	29457355	0	45793	111.92.242.173
5	1	1	1	0	29458551	29458551	0	29458551	29458551	0	11437	185.152.219.182
5	1	1	1	0	29453181	29453181	0	29453181	29453181	0	10970	149.57.180.0
5	1	1	1	0	29456219	29456219	0	29456219	29456219	0	11108	49.51.39.209
5	1	1	1	0	29454392	29454392	0	29454392	29454392	0	10994	205.169.39.15
5	0	0	1	0	0	29469321	0	0	29469321	0	0	206.127.50.125
5	3	1	0	0	29441090	0	0	29441090	0	0	124268	205.169.39.13
5	1	1	0	0	29454255	0	0	29454255	0	0	10993	54.174.58.254
5	4	1	0	0	29439381	0	0	29439381	0	0	715401	184.72.206.237
5	1	1	2	0	29451525	29451525	0	29451525	29451524	0	11013	89.104.101.62
5	1	0	2	0	29463690	29454255	0	29463690	29454255	0	71	54.174.58.248
5	0	0	1	0	0	29465831	0	0	29465831	0	0	190.150.146.120
5	2	0	0	0	29454255	0	0	29444192	0	0	142	54.174.58.245
5	6	1	1	0	29444192	29463690	0	29444192	29463690	0	1936198	54.174.58.244
5	80	9	5	0	29470762	29466268	0	29442565	29455887	0	27725919	104.197.69.115
5	1	0	0	0	29461224	0	0	29461224	0	0	11754	20.169.73.42
5	10	2	0	0	29441304	0	0	29441304	0	0	458859	34.105.43.202
5	0	0	0	1	0	0	29439188	0	0	29439188	0	34.1.16.107
5	1	0	1	1	29442749	29442749	29442749	29442749	29442749	29442749	971	5.189.187.80
5	1	1	1	0	29461084	29461084	0	29461084	29461084	0	11799	101.33.81.73
5	0	0	1	0	0	29470541	0	0	29470541	0	0	198.13.238.195
5	4	3	6	0	29457526	29457526	0	29457526	29457526	0	45797	47.120.57.52
5	0	0	1	0	0	29463690	0	0	29463690	0	0	54.174.58.229
5	99	25	46	0	29456230	29456229	0	29456190	29456190	0	7110107	223.123.1.90
5	1	0	0	0	29466406	0	0	29466406	0	0	71	51.68.247.221
5	1	1	0	0	29444192	0	0	29444192	0	0	10383	54.174.58.228
5	1	1	0	0	29441022	0	0	29441022	0	0	7982	154.28.229.14
5	1	1	0	0	29440923	0	0	29440923	0	0	9662	43.135.183.82
5	3	0	1	1	29462985	29462985	29462985	29454714	29462985	29462985	213	209.163.119.141
5	6	1	0	0	29443830	0	0	29443830	0	0	1936198	3.215.177.189
5	1	1	0	0	29464152	0	0	29464152	0	0	13619	170.106.181.163
5	1	1	0	0	29463690	0	0	29463690	0	0	13618	54.174.58.224
5	1	0	0	0	29460084	0	0	29460084	0	0	13660	43.157.150.69
5	2	0	0	0	29470986	0	0	29469904	0	0	77243	51.91.250.17
5	1	0	0	0	29461472	0	0	29461472	0	0	11717	162.120.187.65
5	1	0	0	0	29460898	0	0	29460898	0	0	13174	192.36.109.99
5	1	0	0	0	29460697	0	0	29460697	0	0	10821	142.111.100.113
5	0	0	1	0	0	29469679	0	0	29469679	0	0	101.199.254.243
5	0	0	0	1	0	0	29445288	0	0	29445288	0	38.33.147.48
5	4	3	6	0	29457825	29457825	0	29457825	29457825	0	45799	151.106.112.6
5	1	1	0	0	29442563	0	0	29442563	0	0	8461	34.22.245.55
5	1	1	0	0	29453754	0	0	29453754	0	0	10975	43.157.175.122
5	1	1	0	0	29440578	0	0	29440578	0	0	9657	89.104.101.12
5	2	0	0	0	29460238	0	0	29460238	0	0	11645	159.138.136.85
5	4	3	6	0	29457078	29457078	0	29457078	29457078	0	45798	148.251.222.41
5	1	0	0	0	29463846	0	0	29463846	0	0	400179	34.221.79.253
5	0	0	1	0	0	29469169	0	0	29469169	0	0	103.72.0.160
5	0	0	2	0	0	29462043	0	0	29460405	0	0	172.213.21.159
5	1	1	0	0	29460898	0	0	29460898	0	0	11799	192.36.109.73
5	1	0	1	1	29440803	29440803	29440803	29440803	29440803	29440803	971	217.156.123.246
5	4	1	0	0	29461855	0	0	29460114	0	0	44500	172.213.21.155
5	1	0	0	0	29462043	0	0	29462043	0	0	11577	172.213.21.154
5	0	0	1	0	0	29461833	0	0	29461833	0	0	172.213.21.153
5	3	0	1	0	29462122	29462890	0	29460508	29462890	0	34869	172.213.21.152
5	1	0	0	0	29462497	0	0	29462497	0	0	11494	74.7.36.88
5	1	0	1	1	29470509	29468319	29468319	29470509	29468319	29468319	12217	47.237.172.215
5	2	1	1	0	29462890	29461046	0	29462890	29461046	0	22557	172.213.21.149
5	1	1	1	0	29453842	29453842	0	29453842	29453842	0	10976	43.165.189.110
5	0	0	1	0	0	29462714	0	0	29462714	0	0	45.172.170.119
5	2	2	0	0	29462043	0	0	29461833	0	0	22256	172.213.21.145
5	0	0	1	0	0	29470755	0	0	29470755	0	0	77.223.252.185
5	0	0	3	3	0	29470270	29470270	0	29470270	29470270	0	212.34.139.201
5	1	1	0	0	29461046	0	0	29461046	0	0	9761	172.213.21.144
5	1	0	0	0	29460517	0	0	29460517	0	0	11642	74.7.36.81
5	1	1	0	0	29469679	0	0	29469679	0	0	14530	101.199.254.207
5	1	0	0	0	29469679	0	0	29469679	0	0	800	101.199.254.206
5	1	0	0	0	29469679	0	0	29469679	0	0	71	101.199.254.205
5	1	0	0	0	29469679	0	0	29469679	0	0	46973	101.199.254.204
5	4	3	6	0	29456944	29456944	0	29456944	29456944	0	45799	38.47.227.221
5	0	0	1	0	0	29469679	0	0	29469679	0	0	101.199.254.203
5	1	1	1	0	29463075	29463075	0	29463075	29463075	0	13693	43.157.170.126
5	1	0	0	0	29461562	0	0	29461562	0	0	11744	213.201.158.60
5	0	0	1	0	0	29469679	0	0	29469679	0	0	101.199.254.202
5	1	1	0	0	29441223	0	0	29441223	0	0	9718	98.88.142.13
5	4	3	6	0	29456798	29456798	0	29456798	29456798	0	45798	134.122.174.209
5	1	0	0	0	29462368	0	0	29462368	0	0	11495	74.7.36.72
5	0	0	1	0	0	29469679	0	0	29469679	0	0	101.199.254.201
5	4	3	6	0	29456933	29456933	0	29456933	29456933	0	45792	148.66.9.242
5	0	0	0	1	0	0	29452108	0	0	29452108	0	154.195.239.96
5	1	0	0	0	29444086	0	0	29444086	0	0	6543	66.249.83.34
5	1	0	0	0	29461894	0	0	29461894	0	0	11575	172.213.21.127
5	1	1	1	0	29460188	29460188	0	29460188	29460188	0	43398	113.167.115.20
5	4	3	6	0	29459149	29459149	0	29459149	29459149	0	45798	121.127.233.51
5	0	0	0	1	0	0	29441240	0	0	29441240	0	169.197.83.34
5	2	2	1	0	29461894	29461737	0	29461737	29461737	0	22401	172.213.21.125
5	0	0	1	0	0	29470453	0	0	29470453	0	0	66.102.7.73
5	0	0	2	0	0	29469834	0	0	29469834	0	0	161.35.185.1
5	2	0	0	0	29462462	0	0	29461821	0	0	23070	172.213.21.121
5	0	0	2	0	0	29470802	0	0	29470453	0	0	66.102.7.71
5	1	0	0	0	29460368	0	0	29460368	0	0	11644	172.213.21.120
5	0	0	1	0	0	29461894	0	0	29461894	0	0	172.213.21.118
5	0	0	0	2	0	0	29445046	0	0	29444946	0	45.148.10.238
5	0	0	1	0	0	29459790	0	0	29459790	0	0	181.95.185.194
5	1	1	1	0	29462012	29462012	0	29462012	29462012	0	11125	172.213.21.117
5	3	1	0	0	29462428	0	0	29460810	0	0	34311	172.213.21.116
5	0	0	1	0	0	29462428	0	0	29462428	0	0	172.213.21.115
5	1	1	2	0	29460926	29460926	0	29460926	29460926	0	44259	112.208.64.0
5	2	0	0	0	29467982	0	0	29442102	0	0	67757	43.157.153.236
5	2	0	0	0	29462012	0	0	29461744	0	0	23320	172.213.21.112
5	0	0	0	1	0	0	29465262	0	0	29465262	0	187.62.241.22
5	0	0	1	1	0	29463481	29463481	0	29463481	29463481	0	47.82.11.147
5	9	1	3	0	29458667	29458667	0	29458667	29458667	0	5159664	128.140.55.43
5	63	28	17	0	29447537	29468621	0	29439142	29454723	0	2955134	142.250.32.5
5	76	29	18	0	29447611	29464200	0	29439140	29454741	0	4924967	142.250.32.4
5	66	25	26	0	29447537	29468621	0	29439140	29441236	0	3641214	142.250.32.3
5	1	1	1	0	29454525	29454525	0	29454525	29454525	0	41228	185.11.61.87
5	0	0	1	0	0	29461729	0	0	29461729	0	0	181.224.223.166
5	7	7	4	0	29458402	29458402	0	29458402	29458402	0	22879	3.250.54.217
5	1	1	1	0	29464824	29464824	0	29464824	29464824	0	13610	54.213.195.184
5	1	1	1	0	29455656	29455656	0	29455656	29455656	0	10968	176.53.220.241
5	1	1	0	0	29441791	0	0	29441791	0	0	10376	43.128.156.124
5	0	0	1	1	0	29469962	29469962	0	29469962	29469962	0	47.82.11.130
5	0	0	1	1	0	29465260	29465260	0	29465260	29465260	0	47.82.11.128
5	4	3	6	0	29456801	29456801	0	29456801	29456801	0	45794	154.89.195.152
5	3	1	2	0	29467305	29467305	0	29450023	29450023	0	14113	142.147.111.112
5	0	0	2	2	0	29469106	29469106	0	29467663	29467663	0	47.82.11.126
5	1	1	1	0	29451874	29451874	0	29451874	29451874	0	40683	209.38.216.98
5	1	0	0	0	29469964	0	0	29469964	0	0	9552	47.82.11.124
5	0	0	1	1	0	29470762	29470762	0	29470762	29470762	0	47.82.11.122
5	0	0	1	1	0	29464240	29464240	0	29464240	29464240	0	47.82.11.119
5	4	3	6	0	29456972	29456972	0	29456972	29456972	0	45795	198.46.221.196
5	2	1	1	0	29456651	29456651	0	29440639	29456651	0	19266	43.166.129.247
5	1	0	1	0	29470372	29470372	0	29470372	29470372	0	71	114.119.129.25
5	0	0	0	1	0	0	29464451	0	0	29464451	0	84.53.216.38
5	4	3	6	0	29456995	29456995	0	29456995	29456995	0	45799	38.181.34.202
5	4	3	6	0	29457409	29457409	0	29457409	29457409	0	45801	65.20.87.66
5	0	0	0	1	0	0	29466021	0	0	29466021	0	103.173.88.206
5	1	0	0	0	29470288	0	0	29470288	0	0	10363	129.226.100.151
5	8	0	2	2	29471020	29471019	29471019	29471019	29471019	29471019	322995	192.42.116.199
5	0	0	1	1	0	29469523	29469523	0	29469523	29469523	0	47.82.11.105
5	0	0	1	0	0	29460970	0	0	29460970	0	0	103.153.210.139
5	5	3	0	0	29459915	0	0	29459908	0	0	49256	34.207.75.194
5	1	1	0	0	29467952	0	0	29467952	0	0	14532	17.246.15.160
5	1	1	1	0	29457158	29457158	0	29457158	29457158	0	9567	150.109.45.79
5	1	1	0	0	29448459	0	0	29448459	0	0	10649	176.53.220.188
5	2	1	1	0	29449639	29449639	0	29449639	29449639	0	70853	185.218.109.187
5	3	3	3	0	29468258	29468258	0	29468256	29468256	0	43602	91.52.99.205
5	0	0	1	1	0	29468002	29468002	0	29468002	29468002	0	138.204.79.161
5	4	3	6	0	29456540	29456540	0	29456540	29456540	0	45789	180.178.34.19
5	1	0	0	0	29471284	0	0	29471284	0	0	16804	17.241.75.67
5	10	1	2	0	29464818	29464818	0	29464818	29464818	0	1112556	52.36.254.212
5	15	1	1	1	29468642	29468641	29468642	29468641	29468641	29468642	644084	223.123.9.248
5	0	0	0	2	0	0	29438969	0	0	29438969	0	176.53.219.179
5	1	1	0	0	29447914	0	0	29447914	0	0	10657	5.245.52.48
5	0	0	1	0	0	29451024	0	0	29451024	0	0	193.56.28.27
5	0	0	0	1	0	0	29467284	0	0	29467284	0	72.27.205.180
5	0	0	1	0	0	29464031	0	0	29464031	0	0	173.252.95.41
5	1	0	0	0	29468615	0	0	29468615	0	0	21539	173.252.95.40
5	1	0	1	0	29465013	29465013	0	29465013	29465013	0	71	54.39.136.208
5	9	1	0	1	29464031	0	29464031	29464031	0	29464031	623203	173.252.95.34
5	1	0	0	0	29441300	0	0	29441300	0	0	71	54.87.95.7
5	0	0	2	0	0	29458388	0	0	29458388	0	0	17.246.15.128
5	3	3	0	0	29441107	0	0	29441101	0	0	23985	207.46.13.155
5	1	1	0	0	29445221	0	0	29445221	0	0	10546	180.110.203.108
5	1	1	0	0	29440557	0	0	29440557	0	0	9656	176.103.89.80
5	1	1	0	0	29466244	0	0	29466244	0	0	13751	43.165.65.75
5	4	3	6	0	29457528	29457528	0	29457528	29457528	0	45796	31.97.95.17
5	2	0	182	179	29470381	29470382	29470382	29470380	29470378	29470378	3372	40.119.197.161
5	1	0	1	0	29470873	29470873	0	29470873	29470873	0	811	198.244.168.237
5	2	2	0	0	29446604	0	0	29444944	0	0	21082	34.87.42.98
5	4	3	6	0	29456535	29456535	0	29456535	29456535	0	45788	166.88.55.46
5	1	0	0	0	29465175	0	0	29465175	0	0	8906	198.244.168.228
5	1	1	0	0	29442679	0	0	29442679	0	0	10423	109.94.210.175
5	1	1	0	0	29440646	0	0	29440646	0	0	9656	117.40.114.236
5	4	2	0	0	29438481	0	0	29438480	0	0	3014	146.70.185.32
5	0	0	1	0	0	29467945	0	0	29467945	0	0	109.236.45.210
5	28	9	4	1	29441887	29441886	29441874	29441854	29441885	29441874	361395	223.123.9.191
5	3	1	0	2	29463978	0	29454345	29454718	0	29454345	13759	193.150.189.2
5	8	6	12	0	29459004	29459004	0	29456936	29456936	0	91594	141.98.199.241
5	0	0	1	1	0	29466079	29466079	0	29466079	29466079	0	170.106.153.159
5	1	1	0	0	29447118	0	0	29447118	0	0	8686	89.110.103.94
5	0	0	0	1	0	0	29440100	0	0	29440100	0	189.217.104.77
5	1	0	0	0	29460782	0	0	29460782	0	0	40799	173.252.82.9
5	1	1	0	0	29450623	0	0	29450623	0	0	10952	43.130.26.3
5	1	0	1	0	29458834	29458834	0	29458834	29458834	0	71	173.252.82.8
5	1	0	0	0	29448387	0	0	29448387	0	0	71	173.252.82.5
5	1	1	0	0	29460697	0	0	29460697	0	0	9758	67.22.62.127
5	1	0	1	0	29449749	29449749	0	29449749	29449749	0	71	173.252.82.4
5	1	0	0	0	29441291	0	0	29441291	0	0	8619	207.46.13.102
5	1	0	1	0	29453432	29453432	0	29453432	29453432	0	71	173.252.82.3
5	1	0	0	0	29463501	0	0	29463501	0	0	11495	84.32.212.146
5	1	1	0	1	29443024	0	29443024	29443024	0	29443024	0	138.68.251.148
5	0	0	0	1	0	0	29441439	0	0	29441439	0	170.106.65.93
5	1	0	1	0	29463119	29463119	0	29463119	29463119	0	71	54.39.89.25
5	1	0	1	0	29468769	29468769	0	29468769	29468769	0	738	198.244.168.179
5	1	0	1	0	29470113	29470113	0	29470113	29470113	0	738	198.244.168.177
5	1	1	0	0	29445003	0	0	29445003	0	0	10567	43.156.168.214
5	4	3	2	0	29469504	29469503	0	29446443	29465451	0	50463	43.135.186.135
5	3	3	0	1	29463756	0	29471151	29444136	0	29471151	35009	43.135.145.77
5	1	0	0	0	29460610	0	0	29460610	0	0	71	130.107.228.224
5	0	0	0	1	0	0	29469741	0	0	29469741	0	45.82.21.135
5	2	0	0	0	29457993	0	0	29440559	0	0	19916	43.153.85.46
5	2	2	1	0	29471224	29457490	0	29457490	29457490	0	25969	43.166.130.123
5	3	3	1	0	29469034	29469034	0	29445311	29469034	0	35619	43.135.145.73
5	4	3	6	0	29459488	29459488	0	29459487	29459487	0	45792	103.112.98.178
5	4	3	6	0	29460600	29460600	0	29460600	29460600	0	48024	206.119.177.133
5	4	3	6	0	29457162	29457162	0	29457162	29457162	0	45788	103.112.98.177
5	4	3	6	0	29457598	29457598	0	29457597	29457597	0	45795	160.250.137.191
5	0	0	1	0	0	29463310	0	0	29463310	0	0	111.88.170.162
5	2	0	0	1	29458665	0	29462985	29454718	0	29462985	142	172.96.93.220
5	0	0	0	1	0	0	29452736	0	0	29452736	0	152.42.181.79
5	1	1	0	0	29468020	0	0	29468020	0	0	11874	198.244.168.155
5	2	0	0	0	29460754	0	0	29460754	0	0	11755	27.106.118.56
5	1	1	1	0	29459582	29459582	0	29459582	29459582	0	9565	170.205.30.11
5	3	3	2	0	29459648	29459648	0	29442363	29459138	0	33246	43.130.105.21
5	1	0	0	0	29463171	0	0	29463171	0	0	400179	35.88.165.142
5	2	0	0	0	29471330	0	0	29470676	0	0	168592	151.80.133.55
5	2	0	0	0	29467253	0	0	29460335	0	0	1214673	3.224.62.45
5	4	3	6	0	29456297	29456297	0	29456297	29456297	0	45795	45.114.124.13
5	1	1	1	0	29464179	29464179	0	29464179	29464179	0	13619	213.109.147.102
5	1	1	0	0	29470814	0	0	29470814	0	0	11826	198.244.168.136
5	4	3	6	0	29457074	29457074	0	29457074	29457074	0	45800	156.244.9.24
5	2	1	0	0	29460474	0	0	29459162	0	0	24651	129.226.213.145
5	1	0	1	0	29462597	29462597	0	29462597	29462597	0	71	74.7.228.60
5	4	3	6	0	29456645	29456645	0	29456645	29456645	0	45796	194.32.149.111
5	4	3	6	0	29457640	29457640	0	29457640	29457640	0	45792	202.95.22.14
5	3	3	0	0	29464803	0	0	29440889	0	0	33161	43.157.142.101
5	2	0	0	1	29458665	0	29462985	29450023	0	29462985	142	172.96.87.218
5	0	0	0	1	0	0	29448615	0	0	29448615	0	18.143.72.152
5	4	3	6	0	29457465	29457465	0	29457465	29457465	0	45792	203.91.77.31
5	4	3	6	0	29457013	29457013	0	29457013	29457013	0	45800	206.119.172.119
5	1	0	0	0	29461853	0	0	29461853	0	0	71	35.172.125.172
5	2	1	1	0	29451742	29451742	0	29451742	29451742	0	77090	46.8.16.244
5	4	3	6	0	29457769	29457769	0	29457769	29457769	0	45792	156.239.14.97
5	2	1	1	0	29460786	29460786	0	29460786	29460786	0	85058	109.248.142.217
5	0	0	1	0	0	29451077	0	0	29451077	0	0	176.222.57.35
5	0	0	1	0	0	29468640	0	0	29468640	0	0	186.132.166.172
5	4	3	6	0	29457123	29457123	0	29457123	29457123	0	45791	77.90.21.125
5	4	3	6	0	29457697	29457697	0	29457697	29457696	0	45790	160.187.211.139
5	1	0	0	0	29443492	0	0	29443492	0	0	971	13.60.228.180
5	0	0	0	1	0	0	29471372	0	0	29471372	0	144.48.111.248
5	1	1	0	0	29458050	0	0	29458050	0	0	11434	93.158.90.74
5	2	0	0	0	29463637	0	0	29461133	0	0	971911	34.211.52.93
5	1	0	0	0	29457267	0	0	29457267	0	0	13057	93.158.90.73
5	1	0	0	0	29447978	0	0	29447978	0	0	71	74.7.228.16
5	1	0	0	0	29464707	0	0	29464707	0	0	10522	15.235.98.182
5	0	0	1	0	0	29458050	0	0	29458050	0	0	93.158.90.72
5	1	0	0	0	29442212	0	0	29442212	0	0	8123	40.160.21.14
5	0	0	1	0	0	29462051	0	0	29462051	0	0	177.203.69.52
5	2	0	2	0	29458050	29458050	0	29457266	29457266	0	12272	93.158.90.67
5	4	1	2	0	29461926	29461926	0	29461926	29461926	0	379511	208.127.126.47
5	1	1	0	0	29457266	0	0	29457266	0	0	11435	93.158.90.66
5	1	0	0	0	29439934	0	0	29439934	0	0	24	74.7.228.10
5	1	0	0	0	29457267	0	0	29457267	0	0	11998	93.158.90.65
5	12	11	23	0	29461121	29461121	0	29461119	29461119	0	486849	20.189.202.60
5	1	0	0	2	29470765	0	29471141	29470765	0	29467807	12943	43.155.195.141
5	1	1	1	0	29451855	29451855	0	29451855	29451855	0	11009	87.236.176.232
5	0	0	2	2	0	29451560	29451560	0	29451560	29451560	0	68.183.180.10
5	1	0	0	0	29465072	0	0	29465072	0	0	14176	93.158.90.53
5	0	0	1	0	0	29468395	0	0	29468395	0	0	187.189.207.238
5	4	3	6	0	29457428	29457428	0	29457428	29457428	0	45793	82.25.77.115
5	4	3	6	0	29457014	29457014	0	29457014	29457014	0	45795	152.32.158.37
5	4	3	6	0	29457480	29457480	0	29457480	29457480	0	45790	47.253.135.70
5	1	0	0	0	29459912	0	0	29459912	0	0	10333	45.154.149.216
5	1	1	0	0	29462089	0	0	29462089	0	0	11149	31.223.91.229
5	1	1	0	0	29465072	0	0	29465072	0	0	13609	93.158.90.42
5	4	3	6	0	29459137	29459137	0	29459137	29459137	0	45799	208.87.201.230
5	1	0	0	0	29469956	0	0	29469956	0	0	10854	116.204.69.83
5	0	0	1	0	0	29451299	0	0	29451299	0	0	66.249.92.200
5	4	3	6	0	29457054	29457054	0	29457054	29457054	0	45794	18.162.64.201
5	4	1	4	0	29452412	29452412	0	29452412	29452412	0	149967	148.72.140.6
5	1	0	0	0	29465072	0	0	29465072	0	0	12916	93.158.90.32
5	0	0	2	0	0	29450109	0	0	29450109	0	0	98.159.37.51
5	1	1	1	0	29468162	29468162	0	29468162	29468162	0	11871	192.104.34.34
5	2	1	4	0	29456561	29456561	0	29456561	29456561	0	79306	103.234.161.118
5	1	0	0	0	29465072	0	0	29465072	0	0	13564	93.158.90.29
5	1	1	0	0	29445422	0	0	29445422	0	0	10549	52.23.253.162
5	2	1	0	0	29446046	0	0	29446046	0	0	71530	72.195.34.42
5	1	0	0	0	29460967	0	0	29460967	0	0	10388	85.254.43.213
5	1	0	0	0	29461498	0	0	29461498	0	0	11716	20.215.214.31
5	0	0	0	1	0	0	29469169	0	0	29469169	0	103.137.12.28
5	1	0	0	0	29460636	0	0	29460636	0	0	11760	20.215.214.29
5	1	0	0	0	29460726	0	0	29460726	0	0	11755	20.215.214.30
5	1	1	0	0	29466691	0	0	29466691	0	0	13973	216.180.106.172
5	1	0	0	0	29444794	0	0	29444794	0	0	31680	45.84.107.76
5	0	0	1	0	0	29467253	0	0	29467253	0	0	66.249.92.164
5	0	0	2	13	0	29454245	29454245	0	29454245	29454245	0	205.237.107.42
5	1	0	0	0	29460239	0	0	29460239	0	0	11645	20.215.214.26
5	0	0	0	1	0	0	29467111	0	0	29467111	0	119.163.43.54
5	1	0	0	0	29461712	0	0	29461712	0	0	11746	20.215.214.21
5	2	2	2	0	29452834	29452834	0	29451184	29451184	0	81136	31.171.155.11
5	1	0	0	0	29460845	0	0	29460845	0	0	11759	20.215.214.18
5	1	0	0	0	29461423	0	0	29461423	0	0	11718	20.215.214.17
5	1	0	0	0	29468020	0	0	29468020	0	0	71	142.44.228.31
5	0	0	0	1	0	0	29438793	0	0	29438793	0	64.15.129.102
5	3	0	0	0	29460230	0	0	29460230	0	0	1190410	62.74.16.76
5	1	0	0	0	29460757	0	0	29460757	0	0	11760	5.161.74.213
5	3	2	6	0	29461748	29461748	0	29461748	29461748	0	41521	118.99.50.147
5	0	0	1	0	0	29470457	0	0	29470457	0	0	192.178.15.99
5	1	0	0	0	29468615	0	0	29468615	0	0	17453	173.252.79.7
5	1	1	1	0	29452175	29452175	0	29452175	29452175	0	9131	172.96.142.173
5	0	0	8	6	0	29463060	29463060	0	29463059	29463059	0	4.213.16.78
5	2	0	0	1	29440327	0	29440327	29440327	0	29440327	162817	108.174.5.113
5	11	4	2	0	29444794	29444794	0	29444794	29444794	0	372673	45.84.107.55
5	4	3	6	0	29456695	29456695	0	29456695	29456695	0	45786	149.30.232.140
5	0	0	1	0	0	29459745	0	0	29459745	0	0	45.172.57.193
5	0	0	1	0	0	29449060	0	0	29449060	0	0	104.219.234.250
5	56	22	14	1	29442885	29464398	29439140	29440397	29454741	29439140	1706668	66.249.81.228
5	58	22	14	0	29442553	29467343	0	29439140	29454714	0	2186532	66.249.81.227
5	2	0	4	1	29465841	29465841	29465841	29465841	29465841	29465841	1942	51.89.175.200
5	3	0	5	4	29450283	29450283	29450283	29440341	29440341	29438735	2913	77.90.185.10
5	60	26	16	0	29442885	29468621	0	29439140	29460146	0	3919446	66.249.81.226
5	4	3	6	0	29457434	29457434	0	29457434	29457434	0	45797	45.204.195.170
5	1	0	0	0	29446246	0	0	29446246	0	0	971	216.24.210.26
5	3	3	5	0	29461398	29461398	0	29461398	29461398	0	35044	24.199.122.147
5	378	6	383	0	29470473	29470473	0	29440189	29455050	0	18465196	185.242.177.4
5	5	0	0	2	29467253	0	29468482	29451299	0	29462474	948669	192.178.16.105
5	8	2	0	3	29467253	0	29468494	29451298	0	29462489	219650	192.178.16.104
5	1	1	1	0	29464686	29464686	0	29464686	29464686	0	50648	34.228.185.123
5	1	0	0	0	29462483	0	0	29462483	0	0	11496	20.27.94.140
5	0	0	0	1	0	0	29469366	0	0	29469366	0	3.216.86.144
5	1	0	0	0	29448506	0	0	29448506	0	0	971	146.190.136.92
5	1	0	0	0	29460526	0	0	29460526	0	0	11642	20.27.94.134
5	4	3	6	0	29457726	29457726	0	29457726	29457726	0	45791	47.238.150.26
5	24	3	16	0	29454722	29454722	0	29454714	29454714	0	5655927	188.245.91.77
5	1	1	1	0	29460469	29460469	0	29460469	29460469	0	11593	79.99.151.168
5	0	0	0	2	0	0	29440144	0	0	29440128	0	47.238.225.160
5	1	0	0	0	29464707	0	0	29464707	0	0	214270	148.113.128.224
5	2	2	0	0	29462186	0	0	29461924	0	0	27345	43.166.226.186
5	5	4	0	0	29470563	0	0	29449179	0	0	57830	43.155.27.244
5	0	0	0	1	0	0	29467015	0	0	29467015	0	181.51.88.121
5	7	0	0	0	29458806	0	0	29458806	0	0	257958	109.70.100.1
5	2	1	0	0	29467404	0	0	29467404	0	0	14042	17.22.237.34
5	2	2	2	0	29467467	29467467	0	29465551	29465551	0	27584	43.153.192.98
5	1	1	0	0	29452253	0	0	29452253	0	0	10974	46.184.53.222
5	22	12	5	0	29464199	29464195	0	29463619	29463620	0	858922	108.181.70.65
5	0	0	0	1	0	0	29438501	0	0	29438501	0	185.177.72.75
5	0	0	1	1	0	29456816	29456816	0	29456816	29456816	0	191.96.67.12
5	122	50	10	8	29461873	29461872	29461872	29461496	29461510	29461508	7074892	223.123.18.227
5	1	0	1	0	29451855	29451855	0	29451855	29451855	0	46973	87.236.176.105
5	13	2	0	0	29467253	0	0	29456202	0	0	472538	192.178.11.105
5	7	2	0	0	29470457	0	0	29456202	0	0	288615	192.178.11.104
5	2	2	1	0	29462488	29462488	0	29446753	29462488	0	24215	49.233.45.47
5	2	2	0	0	29456509	0	0	29456509	0	0	9566	35.187.132.197
5	1	0	1	0	29464553	29464553	0	29464553	29464553	0	71	114.119.154.65
5	1	1	0	0	29456509	0	0	29456509	0	0	9562	35.187.132.196
5	4	3	6	0	29456887	29456887	0	29456887	29456887	0	45796	104.143.46.69
5	1	1	0	0	29456509	0	0	29456509	0	0	0	35.187.132.195
5	1	1	0	0	29467956	0	0	29467956	0	0	14532	17.241.75.231
5	1	1	0	0	29443528	0	0	29443528	0	0	10381	77.74.177.114
5	18	1	0	1	29464169	0	29464169	29464169	0	29464169	1638893	74.7.241.57
5	4	3	6	0	29457219	29457219	0	29457219	29457219	0	45802	154.219.115.195
5	3	0	0	0	29467304	0	0	29454722	0	0	213	167.160.79.139
5	4	3	6	0	29457087	29457087	0	29457087	29457087	0	45792	46.250.236.130
5	3	0	0	0	29460657	0	0	29460657	0	0	1190410	217.97.95.6
5	1	0	0	0	29464679	0	0	29464679	0	0	12106	54.147.185.7
5	0	0	1	1	0	29466423	29466423	0	29466423	29466423	0	223.185.49.158
5	0	0	0	36	0	0	29439964	0	0	29439964	0	176.123.2.217
5	7	4	8	0	29460703	29460703	0	29460703	29460703	0	669474	141.237.199.55
5	1	1	1	0	29469312	29469312	0	29469312	29469312	0	53166	205.210.31.184
5	0	0	1	0	0	29457023	0	0	29457023	0	0	118.194.228.7
5	1	0	53	52	29469939	29469939	29469939	29469939	29469938	29469938	53636	74.225.218.73
5	0	0	1	0	0	29463972	0	0	29463972	0	0	109.60.28.186
5	4	1	2	1	29466691	29458665	29454345	29454718	29454718	29454345	14185	147.92.52.134
5	1	1	1	0	29457330	29457329	0	29457330	29457329	0	11437	98.88.137.2
5	2	2	4	2	29470226	29470226	29470197	29463002	29463002	29463002	103827	15.204.155.25
5	2	0	0	0	29447611	0	0	29447611	0	0	3858	66.249.88.98
5	0	0	1	0	0	29467321	0	0	29467321	0	0	103.154.236.243
5	9	9	4	0	29468727	29468727	0	29438547	29454327	0	74147	172.236.122.62
5	0	0	0	1	0	0	29438492	0	0	29438492	0	52.90.2.241
5	1	1	1	0	29461962	29461962	0	29461962	29461962	0	13655	31.44.106.138
5	1	1	1	0	29456549	29456549	0	29456549	29456549	0	11437	176.100.243.133
5	2	1	0	1	29469094	0	29462985	29462986	0	29462985	14601	185.221.24.149
5	6	0	0	0	29462861	0	0	29460512	0	0	68654	18.97.9.103
5	1	1	1	18	29449384	29449384	29449384	29449384	29449384	29449384	39106	165.245.137.102
5	2	0	0	0	29463034	0	0	29460935	0	0	142	18.97.9.102
5	3	1	3	0	29461387	29461387	0	29461387	29461387	0	24218	23.81.120.3
5	5	0	0	0	29464561	0	0	29459527	0	0	40801	18.97.9.101
5	7	5	4	0	29460075	29460075	0	29459892	29459892	0	1019991	74.7.241.21
5	2	0	0	0	29462971	0	0	29460693	0	0	25590	18.97.9.100
5	1	0	0	0	29463637	0	0	29463637	0	0	571732	52.24.159.24
5	0	0	1	0	0	29464076	0	0	29464076	0	0	177.75.71.149
5	4	3	6	0	29457177	29457177	0	29457177	29457177	0	45798	194.135.81.234
5	1	1	0	4	29442215	0	29442216	29442215	0	29442215	10379	185.177.72.11
5	2	1	2	0	29460117	29460117	0	29460117	29460117	0	11666	17.241.75.173
5	1	0	0	0	29469401	0	0	29469401	0	0	10131	119.28.15.89
5	1	0	1	0	29460785	29460785	0	29460785	29460785	0	48628	35.87.153.219
5	1	0	0	0	29460939	0	0	29460939	0	0	11759	20.117.22.237
5	2	0	0	0	29461977	0	0	29461006	0	0	23330	20.117.22.235
5	1	1	0	0	29461504	0	0	29461504	0	0	11251	20.117.22.232
5	0	0	1	0	0	29461504	0	0	29461504	0	0	20.117.22.231
5	3	1	0	1	29439381	0	29439381	29439381	0	29439381	173346	100.24.49.243
5	1	0	0	0	29460971	0	0	29460971	0	0	11758	20.117.22.229
5	1	0	0	0	29464519	0	0	29464519	0	0	10125	142.44.233.237
5	8	1	2	0	29451260	29451260	0	29451254	29451256	0	44554	223.123.13.181
5	1	0	0	0	29460546	0	0	29460546	0	0	11647	20.117.22.228
5	42	16	9	0	29468915	29468913	0	29440177	29448991	0	10877580	37.59.187.20
5	0	0	1	0	0	29456509	0	0	29456509	0	0	35.187.132.129
5	0	0	1	0	0	29456509	0	0	29456509	0	0	35.187.132.128
5	1	0	0	0	29460888	0	0	29460888	0	0	11755	20.117.22.225
5	0	0	1	0	0	29459790	0	0	29459790	0	0	105.235.128.97
5	1	1	1	0	29463837	29463837	0	29463837	29463837	0	13617	43.130.71.237
5	3	0	1	1	29454723	29454723	29454345	29454714	29454723	29454345	213	216.41.233.247
5	0	0	0	1	0	0	29462623	0	0	29462623	0	105.235.128.87
5	0	0	1	0	0	29463303	0	0	29463303	0	0	38.3.231.141
5	0	0	0	1	0	0	29465142	0	0	29465142	0	141.98.141.84
5	0	0	1	0	0	29462535	0	0	29462535	0	0	130.250.228.118
5	4	3	6	0	29458016	29458016	0	29458016	29458015	0	45794	103.171.34.79
5	112	16	48	5	29454740	29454739	29454687	29454659	29454659	29454684	4482465	223.123.18.110
5	0	0	1	0	0	29469036	0	0	29469036	0	0	45.166.25.216
5	1	0	0	0	29460967	0	0	29460967	0	0	7325	107.173.151.154
5	1	0	0	0	29471324	0	0	29471324	0	0	17453	17.241.75.124
5	1	1	0	0	29464282	0	0	29464282	0	0	11067	142.44.233.200
5	0	0	0	1	0	0	29470211	0	0	29470211	0	143.255.134.45
5	3	3	1	0	29465918	29458762	0	29448293	29458762	0	35840	101.91.148.219
5	1	0	0	0	29470570	0	0	29470570	0	0	10130	57.129.81.227
5	1	0	0	0	29471349	0	0	29471349	0	0	10659	57.129.81.225
5	1	0	0	0	29470987	0	0	29470987	0	0	9600	57.129.81.224
5	0	0	2	0	0	29452896	0	0	29452896	0	0	18.183.29.115
5	0	0	1	0	0	29460075	0	0	29460075	0	0	74.7.229.6
5	0	0	1	0	0	29459753	0	0	29459753	0	0	190.61.47.115
5	2	1	1	0	29453289	29453289	0	29453289	29453289	0	77204	45.11.21.40
5	3	1	0	1	29439510	0	29439510	29439510	0	29439510	173348	54.159.74.23
5	1	0	0	0	29450613	0	0	29450613	0	0	71	173.252.70.31
5	0	0	0	1	0	0	29468726	0	0	29468726	0	103.166.101.236
5	1	0	0	0	29465490	0	0	29465490	0	0	71	173.252.70.30
5	2	2	0	0	29447928	0	0	29442932	0	0	21047	182.44.8.254
5	2	0	2	0	29470047	29470047	0	29456703	29456703	0	142	173.252.70.28
5	4	0	0	0	29469931	0	0	29447081	0	0	284	173.252.70.27
5	0	0	1	0	0	29469050	0	0	29469050	0	0	140.99.68.105
5	1	0	0	0	29443019	0	0	29443019	0	0	71	173.252.70.25
5	3	0	3	0	29468694	29468694	0	29454000	29454000	0	213	173.252.70.23
5	1	0	0	0	29464287	0	0	29464287	0	0	33676	142.44.233.159
5	4	3	6	0	29456309	29456309	0	29456309	29456309	0	45793	118.99.16.191
5	0	0	0	1	0	0	29444107	0	0	29444107	0	198.64.169.81
5	1	0	1	0	29451085	29451085	0	29451085	29451085	0	71	173.252.70.18
5	0	0	1	0	0	29470874	0	0	29470874	0	0	77.246.104.103
5	3	0	1	0	29467332	29467332	0	29444381	29467332	0	213	173.252.70.14
5	0	0	1	0	0	29463483	0	0	29463483	0	0	170.78.26.98
5	0	0	1	0	0	29461962	0	0	29461962	0	0	46.203.66.255
5	1	0	0	0	29455990	0	0	29455990	0	0	71	173.252.70.13
5	2	2	1	0	29449564	29449564	0	29440992	29449564	0	20316	43.173.1.57
5	1	0	1	0	29449767	29449767	0	29449767	29449767	0	71	173.252.70.12
5	1	0	0	0	29462020	0	0	29462020	0	0	571732	80.187.71.229
5	1	0	1	0	29461555	29461555	0	29461555	29461555	0	71	173.252.70.11
5	4	3	6	0	29458016	29458016	0	29458016	29458015	0	45797	103.171.34.27
5	0	0	0	1	0	0	29439208	0	0	29439208	0	77.83.39.157
5	1	0	1	0	29468769	29468769	0	29468769	29468769	0	71	142.44.233.144
5	1	1	0	4	29440678	0	29442709	29440678	0	29438565	9662	23.111.114.116
5	3	2	1	4	29442575	29441200	29442844	29441200	29441200	29438608	16205	66.249.64.132
5	8	3	0	1	29442575	0	29438608	29440018	0	29438608	92511	66.249.64.131
5	1	0	0	1	29441032	0	29441430	29441032	0	29441430	71	66.249.64.128
5	87	4	32	3	29471095	29469059	29471095	29468412	29468412	29470776	536574	144.76.32.190
5	0	0	0	1	0	0	29465372	0	0	29465372	0	176.29.235.135
5	1	1	1	0	29453068	29453068	0	29453068	29453068	0	10976	34.205.24.238
5	1	1	19	0	29457741	29457741	0	29457741	29457741	0	42351	143.198.154.129
5	27	3	6	3	29462995	29462995	29462995	29450023	29450023	29462995	10272945	46.224.65.118
5	1	0	0	0	29464587	0	0	29464587	0	0	27587	54.39.6.178
5	2	1	0	0	29456648	0	0	29450023	0	0	11509	139.180.224.20
5	1	1	0	0	29440254	0	0	29440254	0	0	7777	66.249.83.9
5	2	2	0	0	29440254	0	0	29440248	0	0	15383	66.249.83.8
5	1	1	0	0	29440248	0	0	29440248	0	0	7614	66.249.83.7
5	1	0	0	0	29462293	0	0	29462293	0	0	11496	167.160.57.134
5	2	0	150	148	29453383	29453384	29453384	29453383	29453382	29453382	3372	4.178.168.174
5	2	0	0	0	29464681	0	0	29464681	0	0	24219	98.94.8.232
5	46	10	8	1	29466665	29466665	29438657	29438656	29455132	29438657	13205951	91.134.69.56
5	0	0	0	1	0	0	29450787	0	0	29450787	0	43.130.60.195
5	1	1	0	0	29444314	0	0	29444314	0	0	10382	45.90.63.227
5	0	0	1	1	0	29463390	29463390	0	29463390	29463390	0	96.242.29.137
5	2	1	1	0	29470914	29461891	0	29461891	29461891	0	26364	43.153.10.83
5	1	1	1	0	29455849	29455849	0	29455849	29455849	0	10967	43.159.136.201
5	0	0	1	0	0	29464752	0	0	29464752	0	0	41.223.73.255
5	15	1	1	3	29468001	29468001	29468001	29468001	29468001	29468001	644086	188.245.120.27
5	11	0	0	1	29462366	0	29462124	29460918	0	29462124	150029	20.50.168.91
5	1	0	0	0	29460075	0	0	29460075	0	0	11646	74.7.242.184
5	1	0	0	0	29448346	0	0	29448346	0	0	71	74.7.228.3
5	0	0	1	0	0	29453854	0	0	29453854	0	0	45.3.34.42
5	7	0	8	0	29457508	29457508	0	29449636	29449636	0	497	74.7.228.2
5	4	3	6	0	29457365	29457365	0	29457365	29457365	0	45800	134.122.194.76
5	0	0	0	1	0	0	29465627	0	0	29465627	0	198.244.183.95
5	1	0	0	0	29460967	0	0	29460967	0	0	10507	45.67.143.51
5	1	1	0	0	29441747	0	0	29441747	0	0	10327	45.90.63.194
5	0	0	0	2	0	0	29459221	0	0	29459221	0	157.230.231.70
5	1	0	0	0	29462587	0	0	29462587	0	0	11636	45.228.139.75
5	4	3	6	0	29457770	29457770	0	29457770	29457770	0	45792	112.213.124.22
5	0	0	1	0	0	29467925	0	0	29467925	0	0	190.103.28.84
5	1	0	0	0	29465222	0	0	29465222	0	0	69349	198.244.183.84
5	1	0	0	0	29465177	0	0	29465177	0	0	175568	198.244.183.83
5	1	0	53	52	29470044	29470044	29470044	29470044	29470043	29470043	53636	4.197.236.122
5	3	0	1	0	29462594	29462594	0	29462594	29462594	0	630174	103.75.222.239
5	17	5	0	0	29448951	0	0	29448951	0	0	121777	46.30.212.200
5	1	0	0	0	29462280	0	0	29462280	0	0	11496	40.84.221.230
5	1	0	1	0	29468615	29468615	0	29468615	29468615	0	21539	31.13.115.9
5	1	0	0	0	29470986	0	0	29470986	0	0	175568	51.38.112.81
5	0	0	1	0	0	29464031	0	0	29464031	0	0	31.13.115.6
5	1	0	0	0	29461332	0	0	29461332	0	0	11756	40.84.221.224
5	1	1	0	0	29464031	0	0	29464031	0	0	50452	31.13.115.5
5	1	1	1	0	29460075	29460075	0	29460075	29460075	0	9640	74.7.242.145
5	0	0	0	1	0	0	29468615	0	0	29468615	0	31.13.115.3
5	14	1	0	1	29468615	0	29468615	29468615	0	29468615	597138	31.13.115.2
5	1	0	0	0	29460666	0	0	29460666	0	0	12275	43.134.141.244
5	1	1	1	0	29458209	29458209	0	29458209	29458209	0	11435	43.157.98.187
5	1	0	0	0	29461931	0	0	29461931	0	0	11573	40.84.221.213
5	1	0	0	0	29460144	0	0	29460144	0	0	571732	74.7.242.135
5	5	3	3	0	29461784	29461784	0	29460918	29460918	0	131377	20.191.45.212
5	0	0	0	1	0	0	29454345	0	0	29454345	0	147.92.55.89
5	4	3	6	0	29456744	29456744	0	29456744	29456744	0	45791	154.94.233.179
5	1	1	0	0	29441260	0	0	29441260	0	0	34972	74.178.242.129
5	1	0	1	0	29471357	29471357	0	29471357	29471357	0	811	198.244.183.51
5	0	0	1	0	0	29463626	0	0	29463626	0	0	1.92.217.116
5	1	0	0	0	29451085	0	0	29451085	0	0	46973	85.142.41.64
5	2	1	2	0	29456683	29456683	0	29456683	29456683	0	56511	185.204.1.222
5	4	2	2	0	29470156	29470156	0	29466739	29466739	0	188570	46.8.107.231
5	1	1	0	0	29442422	0	0	29442422	0	0	10390	170.106.143.6
5	0	0	0	1	0	0	29444121	0	0	29444121	0	185.191.171.19
5	1	1	1	0	29451116	29451116	0	29451116	29451116	0	10949	43.155.140.157
5	3	0	0	0	29463593	0	0	29454566	0	0	213	185.191.171.18
5	1	0	0	0	29460844	0	0	29460844	0	0	11757	172.252.201.165
5	3	0	1	0	29458867	29451689	0	29445748	29451689	0	22087	185.191.171.17
5	2	0	2	1	29459291	29445068	29444118	29444792	29443972	29444118	12268	185.191.171.16
5	4	0	2	0	29454486	29463593	0	29445533	29445748	0	20926	185.191.171.15
5	2	2	0	0	29438474	0	0	29438474	0	0	1402	134.199.132.123
5	2	0	1	2	29454277	29445540	29454623	29445207	29445540	29445309	18854	185.191.171.14
5	0	0	1	1	0	29450236	29444792	0	29450236	29444792	0	185.191.171.13
5	3	0	0	1	29454717	0	29443965	29454240	0	29443965	20733	185.191.171.12
5	3	0	2	0	29454717	29458758	0	29445500	29444121	0	17362	185.191.171.11
5	0	0	1	0	0	29450236	0	0	29450236	0	0	185.191.171.10
5	3	0	1	0	29468310	29468310	0	29468310	29468310	0	630286	154.30.70.59
5	0	0	2	0	0	29465432	0	0	29465432	0	0	98.81.74.230
5	0	0	1	0	0	29454415	0	0	29454415	0	0	13.236.95.230
5	1	0	0	0	29460090	0	0	29460090	0	0	571732	95.90.236.186
5	4	2	7	1	29466574	29466574	29466574	29460983	29460983	29466574	174622	198.8.84.3
5	4	3	6	0	29458551	29458551	0	29458551	29458551	0	45796	112.121.184.114
5	1	1	2	0	29458728	29458728	0	29458728	29458728	0	11436	202.90.199.98
5	34	7	10	1	29463689	29463207	29463689	29456893	29456893	29463689	283960	37.27.130.10
5	1	1	0	1	29438647	0	29438647	29438647	0	29438647	705	17.241.219.230
5	4	3	6	0	29456677	29456677	0	29456677	29456676	0	45789	137.220.143.90
5	1	0	1	0	29467332	29467332	0	29467332	29467332	0	48628	31.13.127.76
5	2	2	2	0	29467050	29467050	0	29463984	29463984	0	27591	203.2.64.59
5	5	1	0	0	29440179	0	0	29440179	0	0	565376	103.4.250.78
5	1	1	1	0	29466053	29466053	0	29466053	29466053	0	11254	66.23.227.62
5	0	0	1	0	0	29469057	0	0	29469057	0	0	198.244.226.201
5	1	1	0	0	29456016	0	0	29456016	0	0	12523	164.92.204.122
5	3	2	6	0	29458887	29458887	0	29458887	29458887	0	34362	134.122.204.254
5	1	1	1	0	29449757	29449757	0	29449757	29449757	0	10658	89.104.100.69
5	0	0	1	0	0	29467063	0	0	29467063	0	0	41.158.254.52
5	1	0	0	0	29464808	0	0	29464808	0	0	866495	198.244.226.186
5	0	0	1	0	0	29459504	0	0	29459504	0	0	179.8.84.125
5	0	0	1	0	0	29456358	0	0	29456358	0	0	200.14.124.159
5	2	2	0	1	29456822	0	29467815	29454164	0	29467815	22414	43.133.220.37
5	1	0	0	0	29442934	0	0	29442934	0	0	71	114.119.133.228
5	1	1	0	0	29467364	0	0	29467364	0	0	11458	198.244.226.183
5	1	0	0	0	29447569	0	0	29447569	0	0	71	62.234.70.226
5	0	0	1	0	0	29455780	0	0	29455780	0	0	45.10.70.171
5	1	1	0	0	29441806	0	0	29441806	0	0	10391	119.96.24.54
5	9	3	0	0	29442842	0	0	29442842	0	0	1944877	149.56.150.36
5	2	2	0	0	29461656	0	0	29440568	0	0	23492	43.157.82.252
5	1	0	0	0	29468218	0	0	29468218	0	0	12682	198.244.226.178
5	2	0	1	0	29454793	29454793	0	29448417	29454793	0	142	173.252.82.26
5	0	0	0	1	0	0	29439830	0	0	29439830	0	88.217.180.92
5	1	0	1	0	29465401	29465401	0	29465401	29465401	0	71	173.252.82.25
5	0	0	0	1	0	0	29448704	0	0	29448704	0	216.81.248.5
5	4	1	1	0	29470797	29470797	0	29451952	29470797	0	58193	173.252.82.24
5	0	0	0	1	0	0	29470588	0	0	29470588	0	38.33.146.87
5	1	0	1	0	29460782	29460782	0	29460782	29460782	0	48628	173.252.82.23
5	2	0	2	0	29464255	29464255	0	29460782	29460782	0	48699	173.252.82.22
5	1	1	0	0	29456133	0	0	29456133	0	0	10970	43.130.57.46
5	1	1	0	1	29444860	0	29461730	29444860	0	29461730	10562	43.135.182.95
5	1	0	0	0	29461460	0	0	29461460	0	0	11718	51.8.155.71
5	0	0	81	51	0	29465124	29465124	0	29465124	29465124	0	4.213.168.151
5	1	1	1	0	29460782	29460782	0	29460782	29460782	0	11797	173.252.82.20
5	2	0	2	0	29458041	29458041	0	29455360	29455360	0	142	173.252.82.18
5	2	2	2	0	29464625	29464625	0	29450713	29450713	0	24564	43.152.72.247
5	1	0	1	0	29461760	29461760	0	29461760	29461760	0	550	92.222.108.99
5	1	0	0	0	29464031	0	0	29464031	0	0	21357	69.171.230.114
5	0	0	0	1	0	0	29444207	0	0	29444207	0	100.29.63.24
5	1	0	0	0	29460782	0	0	29460782	0	0	40799	173.252.82.14
5	1	0	0	0	29464031	0	0	29464031	0	0	358073	69.171.230.113
5	2	0	2	0	29468090	29468090	0	29457489	29457489	0	142	173.252.82.13
5	2	0	2	0	29471393	29471393	0	29460194	29460194	0	142	173.252.82.12
5	1	0	0	0	29458929	0	0	29458929	0	0	10180	192.178.4.97
5	2	0	1	0	29460782	29460782	0	29441668	29460782	0	48699	173.252.82.11
5	116	17	8	11	29470762	29461844	29468385	29447583	29456387	29446111	11095571	192.178.4.96
5	1	0	0	0	29465070	0	0	29465070	0	0	10050	198.244.226.159
5	1	1	1	17	29464398	29464398	29464398	29464398	29464398	29464398	50648	2.58.56.18
5	0	0	1	0	0	29468517	0	0	29468517	0	0	45.91.91.48
5	1	0	0	0	29456202	0	0	29456202	0	0	48628	31.13.127.34
5	0	0	0	1	0	0	29462714	0	0	29462714	0	167.148.117.203
5	1	1	0	1	29445793	0	29440549	29445793	0	29440549	10545	49.51.243.156
5	1	0	0	0	29466408	0	0	29466408	0	0	41778	51.195.215.72
5	1	0	0	0	29463364	0	0	29463364	0	0	11494	20.215.220.97
5	0	0	1	0	0	29461988	0	0	29461988	0	0	196.131.126.248
5	1	0	1	0	29465969	29465969	0	29465969	29465969	0	680	51.195.215.64
5	4	3	6	0	29456517	29456517	0	29456517	29456517	0	45796	47.237.66.46
5	0	0	1	0	0	29468031	0	0	29468031	0	0	147.185.132.30
5	1	1	0	0	29465463	0	0	29465463	0	0	13607	43.130.32.245
5	1	1	0	0	29464031	0	0	29464031	0	0	50452	31.13.127.17
5	1	0	0	0	29461301	0	0	29461301	0	0	11754	52.230.164.182
5	1	1	0	0	29467332	0	0	29467332	0	0	49942	31.13.127.16
5	2	1	4	0	29456462	29456461	0	29456461	29456461	0	79306	112.35.70.141
5	1	0	0	0	29460331	0	0	29460331	0	0	11643	193.186.4.97
5	0	0	1	0	0	29451186	0	0	29451186	0	0	209.38.143.33
5	2	2	0	8	29441022	0	29441023	29441022	0	29441023	15961	103.4.250.13
5	0	0	0	1	0	0	29463407	0	0	29463407	0	173.239.211.140
5	0	0	0	1	0	0	29463407	0	0	29463407	0	173.239.211.139
5	0	0	1	0	0	29467956	0	0	29467956	0	0	17.241.219.148
5	2	1	0	0	29443272	0	0	29443272	0	0	17380	84.32.41.136
5	0	0	1	0	0	29468850	0	0	29468850	0	0	217.113.194.190
5	1	0	1	0	29471357	29471357	0	29471357	29471357	0	71	37.59.204.143
5	0	0	0	1	0	0	29463406	0	0	29463406	0	173.239.211.135
5	1	0	1	0	29468850	29468850	0	29468850	29468850	0	71	217.113.194.186
5	1	1	0	1	29446649	0	29470894	29446649	0	29470894	10519	43.157.148.38
5	1	1	1	0	29455457	29455457	0	29455457	29455457	0	10973	43.135.182.43
5	10	4	3	5	29442842	29442842	29442842	29442842	29442842	29442842	275141	144.217.135.136
5	0	0	0	1	0	0	29441046	0	0	29441046	0	43.134.186.61
5	0	0	0	1	0	0	29462191	0	0	29462191	0	45.174.238.227
5	27	4	4	1	29470662	29470662	29470661	29448912	29451292	29470661	1651909	198.145.121.235
5	10	3	5	0	29450279	29450279	0	29450279	29450279	0	4534037	14.194.11.238
5	1	0	1	0	29465126	29465126	0	29465126	29465126	0	626	51.195.215.31
5	18	2	6	0	29458363	29458363	0	29455557	29455557	0	10318903	72.152.84.13
5	0	0	1	0	0	29452507	0	0	29452507	0	0	156.238.31.144
5	1	1	1	0	29454623	29454623	0	29454623	29454623	0	10971	49.51.233.95
5	2	0	0	2	29454718	0	29462985	29450024	0	29450024	142	209.163.117.199
5	2	1	1	0	29452484	29452484	0	29452484	29452484	0	77204	94.158.190.173
5	0	0	1	0	0	29466212	0	0	29466212	0	0	202.55.188.34
5	0	0	1	1	0	29466412	29466412	0	29466412	29466412	0	37.19.221.23
5	1	0	1	0	29462076	29462076	0	29462076	29462076	0	48628	44.244.208.46
5	1	0	0	0	29451855	0	0	29451855	0	0	46973	185.247.137.223
5	1	1	0	0	29445298	0	0	29445298	0	0	38380	89.248.168.222
5	4	3	6	0	29456866	29456866	0	29456866	29456866	0	45793	206.119.64.101
5	1	0	0	0	29460696	0	0	29460696	0	0	9963	43.165.65.180
5	1	1	0	0	29460805	0	0	29460805	0	0	9764	74.7.35.58
5	0	0	1	0	0	29460805	0	0	29460805	0	0	74.7.35.53
5	4	3	6	0	29456866	29456866	0	29456866	29456866	0	45797	38.14.248.137
5	1	0	0	0	29461267	0	0	29461267	0	0	11758	74.7.35.52
5	0	0	0	1	0	0	29467155	0	0	29467155	0	216.81.245.160
5	4	3	6	0	29457000	29457000	0	29457000	29457000	0	45817	45.150.227.136
5	0	0	1	0	0	29462713	0	0	29462713	0	0	167.148.117.102
5	1	1	1	0	29457057	29457057	0	29457057	29457057	0	9565	209.50.173.72
5	4	3	6	0	29457012	29457011	0	29457011	29457011	0	45792	129.226.120.137
5	3	2	1	0	29461006	29461006	0	29442876	29461006	0	122647	185.39.19.97
5	1	1	0	0	29443202	0	0	29443202	0	0	10399	43.135.36.201
5	0	0	1	0	0	29459753	0	0	29459753	0	0	190.140.114.14
5	1	0	0	0	29441223	0	0	29441223	0	0	971	136.144.33.8
5	4	3	6	0	29456645	29456645	0	29456645	29456645	0	45798	122.10.117.2
5	0	0	1	0	0	29462587	0	0	29462587	0	0	94.202.195.44
5	8	0	3	0	29461021	29461021	0	29461020	29461021	0	1044480	34.173.239.49
5	0	0	2	0	0	29467345	0	0	29467345	0	0	17.246.19.60
5	1	1	0	0	29456577	0	0	29456577	0	0	11437	91.90.124.27
5	1	0	0	0	29460551	0	0	29460551	0	0	11643	52.255.111.2
5	0	0	0	1	0	0	29448326	0	0	29448326	0	111.119.161.7
5	1	1	1	0	29467403	29467403	0	29467403	29467403	0	13974	144.76.22.19
5	10	1	4	0	29457381	29457381	0	29457381	29457381	0	5206608	54.218.163.213
5	11	1	1	1	29466328	29466328	29466328	29466328	29466328	29466328	553430	111.119.161.5
5	0	0	1	0	0	29451676	0	0	29451676	0	0	160.20.204.64
5	1	1	0	0	29442699	0	0	29442699	0	0	10440	160.224.46.16
5	45	0	4	13	29470658	29470658	29470658	29470489	29470489	29470490	10111142	198.145.121.151
5	0	0	1	0	0	29456358	0	0	29456358	0	0	185.54.158.234
5	4	3	6	0	29457873	29457873	0	29457873	29457873	0	45796	154.37.153.132
5	1	0	0	0	29464726	0	0	29464726	0	0	10992	167.114.139.152
5	4	3	6	0	29456446	29456446	0	29456446	29456446	0	45792	18.197.14.244
5	1	1	2	0	29458354	29458354	0	29458354	29458354	0	42351	139.135.34.147
5	3	0	1	0	29467481	29467481	0	29467481	29467481	0	630286	213.201.242.203
5	1	1	0	0	29442793	0	0	29442793	0	0	10382	8.219.185.154
5	1	0	0	0	29446364	0	0	29446364	0	0	971	193.19.109.172
5	0	0	1	0	0	29461963	0	0	29461963	0	0	196.207.222.48
5	2	0	0	0	29450431	0	0	29450431	0	0	10121	147.135.252.179
5	1	1	0	0	29470351	0	0	29470351	0	0	14533	43.157.22.57
5	3	3	3	0	29469096	29469096	0	29465055	29465055	0	156980	185.39.19.49
5	1	1	1	0	29469655	29469655	0	29469655	29469655	0	53166	185.39.19.48
5	2	2	2	0	29451550	29451550	0	29451013	29451013	0	81111	185.39.19.47
5	1	1	1	0	29461082	29461081	0	29461082	29461081	0	44259	185.39.19.43
5	1	1	0	1	29438690	0	29438690	29438690	0	29438690	701	17.246.19.12
5	1	0	0	0	29461472	0	0	29461472	0	0	13772	192.36.172.171
5	0	0	1	0	0	29460852	0	0	29460852	0	0	2.63.86.176
5	3	2	1	0	29461735	29461735	0	29440581	29461735	0	79193	170.106.167.214
5	0	0	0	1	0	0	29449976	0	0	29449976	0	156.242.51.109
5	1	1	1	0	29466514	29466514	0	29466514	29466514	0	49940	185.39.19.34
5	0	0	1	0	0	29469857	0	0	29469857	0	0	51.36.219.115
5	1	0	1	0	29460380	29460380	0	29460380	29460380	0	71	114.119.151.1
5	1	1	0	0	29465832	0	0	29465832	0	0	13611	3.232.106.50
5	0	0	1	0	0	29461956	0	0	29461956	0	0	103.31.179.66
5	4	3	6	0	29456437	29456437	0	29456437	29456437	0	45797	43.133.62.78
5	158	12	22	26	29470662	29470651	29470663	29470257	29470258	29470257	15576656	223.123.12.40
5	0	0	0	1	0	0	29468615	0	0	29468615	0	173.252.127.6
5	1	1	1	0	29456509	29456509	0	29456509	29456509	0	11436	3.20.205.215
5	1	0	1	0	29467925	29467925	0	29467925	29467925	0	738	198.244.183.236
5	0	0	0	2	0	0	29448631	0	0	29448631	0	64.227.99.208
5	2	2	1	0	29470883	29470883	0	29457665	29470883	0	25969	175.6.217.4
5	1	1	1	0	29466847	29466847	0	29466847	29466847	0	13971	43.130.154.56
5	3	0	1	0	29465329	29465329	0	29465329	29465329	0	630196	84.37.181.142
5	0	0	1	0	0	29464950	0	0	29464950	0	0	102.141.45.74
5	4	3	6	0	29456386	29456386	0	29456386	29456386	0	45794	38.148.203.141
5	1	1	0	0	29450922	0	0	29450922	0	0	10947	111.172.249.49
5	0	0	1	0	0	29464451	0	0	29464451	0	0	131.255.62.159
5	1	0	1	0	29469464	29469464	0	29469464	29469464	0	738	198.244.183.223
5	7	4	8	0	29460170	29460170	0	29460170	29460170	0	674742	79.140.117.225
5	1	1	0	0	29451417	0	0	29451417	0	0	11035	43.167.236.228
5	4	3	6	0	29457251	29457251	0	29457251	29457251	0	45795	47.236.206.231
5	1	0	0	0	29460449	0	0	29460449	0	0	0	52.187.246.142
5	1	0	1	0	29470372	29470372	0	29470372	29470372	0	71	114.119.159.26
5	1	0	0	0	29460679	0	0	29460679	0	0	11757	68.221.75.27
5	1	0	0	0	29462000	0	0	29462000	0	0	11575	162.120.188.218
5	1	1	0	0	29443633	0	0	29443633	0	0	10401	43.153.96.233
5	6	3	6	0	29460747	29460747	0	29460747	29460747	0	659712	73.34.114.26
5	0	0	1	0	0	29455039	0	0	29455039	0	0	18.234.162.173
5	1	0	0	0	29460115	0	0	29460115	0	0	11648	68.221.75.25
5	1	1	0	0	29444592	0	0	29444592	0	0	10383	176.53.223.212
5	1	0	1	0	29468514	29468514	0	29468514	29468514	0	738	198.244.183.197
5	1	0	0	0	29465096	0	0	29465096	0	0	10064	198.244.183.206
5	2	0	0	0	29461111	0	0	29460886	0	0	23516	68.221.75.18
5	1	1	1	0	29464669	29464669	0	29464669	29464669	0	0	54.226.166.214
5	1	0	0	0	29460584	0	0	29460584	0	0	11643	68.221.75.17
5	1	1	0	0	29440522	0	0	29440522	0	0	9662	176.53.217.247
5	1	1	1	0	29451506	29451506	0	29451506	29451506	0	11013	43.156.204.134
5	3	2	0	1	29470874	0	29441066	29442122	0	29441066	34637	43.135.211.148
5	1	0	0	0	29460697	0	0	29460697	0	0	7126	45.41.141.203
5	1	0	0	0	29461403	0	0	29461403	0	0	11755	13.76.115.249
5	1	0	0	0	29450729	0	0	29450729	0	0	8822	43.164.196.57
5	1	0	0	0	29460622	0	0	29460622	0	0	11759	13.76.115.248
5	2	2	1	0	29469160	29469160	0	29469160	29469160	0	106332	157.90.212.78
5	1	0	0	0	29461707	0	0	29461707	0	0	11741	162.120.188.183
5	15	1	2	0	29468155	29468155	0	29468155	29468155	0	644084	82.102.17.189
5	1	1	0	0	29439209	0	0	29439209	0	0	0	82.102.17.186
5	2	2	2	0	29459501	29459501	0	29454289	29454289	0	22429	60.188.57.0
5	1	0	0	0	29448083	0	0	29448083	0	0	10551	43.135.144.81
5	0	0	1	0	0	29462415	0	0	29462415	0	0	190.103.28.172
5	0	0	1	0	0	29464801	0	0	29464801	0	0	179.37.113.134
5	1	0	0	0	29470872	0	0	29470872	0	0	11659	51.77.211.229
5	4	3	6	0	29457183	29457183	0	29457183	29457183	0	45802	47.84.207.39
5	1	0	1	0	29461853	29461853	0	29461853	29461853	0	71	100.27.153.9
5	2	2	0	2	29438473	0	29438473	29438473	0	29438473	1402	51.81.245.138
5	2	1	1	0	29462208	29457975	0	29457975	29457975	0	25587	43.164.197.209
5	4	3	6	0	29458797	29458797	0	29458797	29458797	0	45791	185.106.179.25
5	1	0	0	0	29464821	0	0	29464821	0	0	10096	198.244.226.5
5	0	0	2	0	0	29455000	0	0	29455000	0	0	193.36.225.180
5	4	3	6	0	29456422	29456422	0	29456422	29456422	0	45789	156.224.139.72
5	1	0	0	0	29460827	0	0	29460827	0	0	571732	3.135.222.50
5	1	1	0	0	29444580	0	0	29444580	0	0	10381	34.26.248.126
5	1	1	3	2	29464180	29464180	29464180	29464180	29464180	29464180	13619	3.144.244.232
5	2	0	0	0	29471258	0	0	29469904	0	0	44615	51.77.211.191
5	1	1	1	0	29464245	29464245	0	29464245	29464245	0	13618	43.164.197.177
5	4	3	0	4	29439912	0	29439912	29438472	0	29438472	202768	141.148.153.213
5	1	0	1	0	29465013	29465013	0	29465013	29465013	0	626	198.244.183.135
5	4	3	6	0	29456801	29456801	0	29456801	29456801	0	45790	38.47.220.158
5	1	0	0	0	29470973	0	0	29470973	0	0	11235	198.244.183.132
5	4	3	6	0	29457051	29457051	0	29457051	29457051	0	45793	124.156.133.117
5	1	0	1	0	29470339	29470339	0	29470339	29470339	0	738	198.244.183.122
5	0	0	1	0	0	29451574	0	0	29451574	0	0	192.71.42.108
5	11	1	4	0	29464676	29464676	0	29464676	29464676	0	1755499	51.89.36.64
5	1	0	1	0	29470659	29470659	0	29470659	29470659	0	811	198.244.183.114
5	1	0	1	0	29466955	29466955	0	29466955	29466955	0	680	198.244.183.113
5	2	0	2	0	29451655	29451655	0	29451654	29451654	0	97256	184.72.115.35
5	1	1	2	0	29452687	29452687	0	29452687	29452687	0	10971	61.79.198.56
5	1	1	1	0	29459914	29459914	0	29459914	29459914	0	42181	165.227.75.125
5	4	3	6	0	29456393	29456393	0	29456393	29456393	0	45790	103.233.8.86
5	1	1	1	0	29453066	29453066	0	29453066	29453066	0	10974	43.133.253.253
5	0	0	1	0	0	29453594	0	0	29453594	0	0	111.94.167.56
5	1	0	0	0	29460677	0	0	29460677	0	0	11760	162.120.188.109
5	1	0	1	0	29463389	29463389	0	29463389	29463389	0	570	198.244.183.106
5	1	0	1	0	29470113	29470113	0	29470113	29470113	0	71	198.244.183.105
5	1	1	2	0	29466900	29466900	0	29466900	29466900	0	13967	61.79.198.49
5	0	0	0	1	0	0	29463483	0	0	29463483	0	91.218.89.106
5	0	0	1	0	0	29466642	0	0	29466642	0	0	74.7.227.43
5	5	1	0	0	29440206	0	0	29440206	0	0	565376	188.212.141.151
5	1	0	1	0	29452135	29452135	0	29452135	29452135	0	71	114.119.141.40
5	4	2	2	0	29468441	29466676	0	29466676	29466676	0	23420	46.105.40.140
5	0	0	10	0	0	29462806	0	0	29449636	0	0	74.7.227.28
5	0	0	2	0	0	29449108	0	0	29449108	0	0	193.36.225.115
5	2	1	0	1	29443829	0	29443829	29443829	0	29443829	57354	3.238.201.244
5	1	0	0	0	29471258	0	0	29471258	0	0	10898	51.77.211.137
5	10	10	10	0	29461201	29461201	0	29461201	29461201	0	442590	52.169.124.184
5	0	0	1	0	0	29470233	0	0	29470233	0	0	74.7.227.23
5	2	1	3	1	29449558	29449558	29449558	29449558	29449558	29449558	70853	62.113.117.27
5	0	0	0	1	0	0	29468517	0	0	29468517	0	181.214.118.200
5	0	0	0	1	0	0	29463800	0	0	29463800	0	43.131.45.213
5	4	4	1	0	29448973	29448973	0	29448957	29448973	0	35464	223.123.7.176
5	9	1	3	0	29456569	29456569	0	29456569	29456569	0	5159666	205.169.39.7
5	1	1	1	0	29464769	29464769	0	29464769	29464769	0	13609	205.169.39.5
5	4	3	6	0	29458138	29458138	0	29458138	29458138	0	45799	43.163.104.136
5	4	3	6	0	29458448	29458448	0	29458448	29458448	0	45800	38.175.195.88
5	2	0	0	0	29440199	0	0	29440199	0	0	325608	205.169.39.3
5	2	0	0	0	29470775	0	0	29467797	0	0	28184	43.153.79.218
5	1	1	1	0	29464566	29464566	0	29464566	29464566	0	13610	213.232.235.84
5	4	4	14	2	29464497	29464497	29464497	29454608	29454608	29454608	175455	176.36.146.80
5	0	0	1	0	0	29467046	0	0	29467046	0	0	64.177.81.237
5	3	2	0	1	29467978	0	29454256	29448826	0	29454256	34089	43.157.43.147
5	1	0	0	0	29447569	0	0	29447569	0	0	71	113.44.116.24
5	3	0	1	1	29462437	29462437	29462437	29462437	29462437	29462437	630174	152.228.41.108
5	4	3	6	0	29456701	29456701	0	29456701	29456701	0	45785	137.220.242.109
5	1	1	0	0	29456359	0	0	29456359	0	0	9565	176.199.251.32
5	1	1	0	0	29461143	0	0	29461143	0	0	11800	170.106.15.3
5	49	3	3	4	29469402	29469402	29469402	29465939	29467375	29465940	2288375	207.244.71.84
5	6	2	5	0	29460369	29460369	0	29460369	29460369	0	1049784	143.244.46.101
5	45	3	3	3	29471110	29471110	29471110	29469311	29469311	29469311	2766701	207.244.71.82
5	51	5	5	4	29470330	29470330	29470330	29465939	29465939	29466032	2391091	207.244.71.81
5	0	0	11	22	0	29463942	29463942	0	29463942	29463844	0	167.172.122.140
5	1	0	1	0	29462985	29462985	0	29462985	29462985	0	71	167.160.74.24
5	4	4	1	0	29463963	29463963	0	29450216	29463963	0	46513	43.153.15.51
5	1	1	0	0	29440496	0	0	29440496	0	0	9680	43.153.96.79
5	1	1	1	0	29460222	29460222	0	29460222	29460222	0	43398	158.173.155.53
5	1	0	1	0	29462919	29462919	0	29462919	29462919	0	71	173.252.70.8
5	1	0	1	0	29459386	29459386	0	29459386	29459386	0	71	173.252.70.7
5	10	2	0	2	29438757	0	29438757	29438757	0	29438757	9034	35.90.250.225
5	1	1	0	1	29452186	0	29441718	29452186	0	29441718	10973	43.166.246.180
5	1	0	1	0	29462693	29462693	0	29462693	29462693	0	71	173.252.70.6
5	2	0	1	0	29464057	29464057	0	29444357	29464057	0	142	173.252.70.5
5	0	0	1	0	0	29461447	0	0	29461447	0	0	115.135.199.41
5	2	1	0	0	29442433	0	0	29442433	0	0	57368	206.189.17.247
5	3	0	1	0	29465611	29465611	0	29445693	29465611	0	35906	173.252.70.4
5	1	0	0	0	29443027	0	0	29443027	0	0	71	173.252.70.3
5	2	0	0	0	29466845	0	0	29464143	0	0	142	173.252.70.2
5	0	0	1	0	0	29465423	0	0	29465423	0	0	189.28.90.7
5	0	0	15	0	0	29458967	0	0	29458967	0	0	191.96.150.202
5	1	1	1	0	29460756	29460756	0	29460756	29460756	0	11796	82.153.215.16
5	1	0	0	0	29469366	0	0	29469366	0	0	71	34.196.237.236
5	7	3	6	0	29460203	29460202	0	29460202	29460202	0	1059422	203.188.182.38
5	1	1	1	0	29465799	29465799	0	29465799	29465799	0	50648	115.66.178.227
5	1	1	0	0	29446964	0	0	29446964	0	0	10520	146.59.34.59
5	0	0	0	45	0	0	29440471	0	0	29440463	0	195.178.110.75
5	2	0	33	0	29451867	29451987	0	29451867	29451867	0	142	142.44.167.43
5	1	1	0	0	29467383	0	0	29467383	0	0	13971	119.28.177.175
5	2	1	0	0	29454252	0	0	29454252	0	0	9202	46.105.39.50
5	0	0	0	1	0	0	29439935	0	0	29439935	0	195.178.110.223
5	1	0	0	0	29464587	0	0	29464587	0	0	34899	15.235.96.195
5	11	1	1	1	29466328	29466328	29466328	29466328	29466328	29466328	553429	103.163.238.71
5	1	0	0	0	29460299	0	0	29460299	0	0	40172	18.97.43.82
5	3	0	0	0	29441235	0	0	29441235	0	0	96486	103.163.238.68
5	0	0	0	1	0	0	29469321	0	0	29469321	0	190.153.85.152
5	4	3	6	0	29457111	29457111	0	29457111	29457111	0	45793	120.53.2.227
5	0	0	2	13	0	29463300	29463300	0	29463300	29463300	0	190.2.132.141
5	0	0	1	0	0	29469820	0	0	29469820	0	0	91.92.242.178
5	1	1	0	2	29440474	0	29440474	29440474	0	29440474	9659	195.178.110.54
5	1	0	0	0	29451574	0	0	29451574	0	0	10737	192.71.224.240
5	0	0	0	1	0	0	29441300	0	0	29441300	0	34.235.239.240
5	0	0	0	3	0	0	29453647	0	0	29442332	0	195.178.110.190
5	0	0	1	0	0	29465262	0	0	29465262	0	0	189.160.22.137
5	1	0	0	0	29449249	0	0	29449249	0	0	71	173.252.87.49
5	1	1	0	0	29467414	0	0	29467414	0	0	49942	3.255.193.30
5	1	0	0	1	29441057	0	29450716	29441057	0	29450716	7666	170.106.140.110
5	1	0	0	0	29460150	0	0	29460150	0	0	11644	190.92.234.131
5	1	0	0	0	29461651	0	0	29461651	0	0	571732	84.152.201.44
5	4	3	6	0	29455834	29455834	0	29455833	29455833	0	43916	38.162.116.251
5	1	1	0	0	29445011	0	0	29445011	0	0	38380	37.19.223.115
5	1	1	1	0	29461282	29461282	0	29461282	29461282	0	44259	191.101.217.152
5	1	0	0	0	29461688	0	0	29461688	0	0	11745	20.97.189.109
5	217	41	60	5	29450100	29450119	29450120	29449865	29449870	29449904	31560349	111.119.187.61
5	1	0	1	0	29461340	29461340	0	29461340	29461340	0	71	173.252.87.25
5	0	0	1	0	0	29463960	0	0	29463960	0	0	45.183.161.157
5	1	0	0	0	29464287	0	0	29464287	0	0	9506	54.39.203.52
5	1	0	0	0	29468615	0	0	29468615	0	0	16804	173.252.87.23
5	1	1	0	0	29442473	0	0	29442473	0	0	8606	46.173.242.21
5	0	0	1	0	0	29467655	0	0	29467655	0	0	142.93.58.69
5	2	2	0	2	29438472	0	29438472	29438472	0	29438472	1402	51.89.167.1
5	1	0	1	0	29442473	29442473	0	29442473	29442473	0	8787	46.173.242.18
5	0	0	1	0	0	29464753	0	0	29464753	0	0	109.68.118.74
5	1	0	0	0	29460967	0	0	29460967	0	0	11759	64.140.141.53
5	0	0	2	0	0	29468615	0	0	29468615	0	0	173.252.87.18
5	5	0	0	0	29470802	0	0	29460564	0	0	2103759	66.249.84.229
5	1	0	0	0	29464245	0	0	29464245	0	0	6914	49.233.55.202
5	0	0	1	0	0	29442473	0	0	29442473	0	0	46.173.242.15
5	12	3	0	1	29470802	0	29470802	29460564	0	29470802	1831676	66.249.84.228
5	4	0	1	0	29461705	29461593	0	29461593	29461593	0	1030598	89.182.201.183
5	1	1	0	0	29442473	0	0	29442473	0	0	8606	46.173.242.14
5	0	0	1	0	0	29460112	0	0	29460112	0	0	169.224.5.94
5	9	2	1	0	29470802	29460564	0	29460564	29460564	0	1550075	66.249.84.227
5	0	0	0	1	0	0	29442473	0	0	29442473	0	46.173.242.13
5	0	0	1	0	0	29467447	0	0	29467447	0	0	96.62.19.238
5	0	0	1	0	0	29461848	0	0	29461848	0	0	192.141.115.32
5	1	1	1	0	29454680	29454680	0	29454680	29454680	0	10993	35.94.229.207
5	1	0	0	0	29465275	0	0	29465275	0	0	71	54.39.203.26
5	0	0	1	0	0	29466021	0	0	29466021	0	0	204.93.195.69
5	1	0	0	0	29467559	0	0	29467559	0	0	571732	46.223.163.125
5	1	0	0	0	29464727	0	0	29464727	0	0	61967	15.235.96.112
5	78	51	109	15	29470150	29470150	29470150	29441574	29441574	29451974	3203221	91.142.73.116
5	0	0	3	0	0	29451029	0	0	29451029	0	0	3.233.229.2
5	1	0	0	0	29464708	0	0	29464708	0	0	375111	54.39.203.13
5	1	1	0	0	29442946	0	0	29442946	0	0	10384	170.106.192.3
5	18	3	0	2	29446914	0	29438911	29438591	0	29438591	2737711	72.255.23.110
5	1	1	0	0	29460877	0	0	29460877	0	0	11800	43.157.147.3
5	0	0	0	1	0	0	29462985	0	0	29462985	0	172.96.80.135
5	1	1	1	0	29449316	29449316	0	29449316	29449316	0	10657	170.106.82.209
5	0	0	1	0	0	29466323	0	0	29466323	0	0	165.165.108.234
5	0	0	1	0	0	29468708	0	0	29468708	0	0	40.77.167.8
5	0	0	1	0	0	29456376	0	0	29456376	0	0	40.77.167.7
5	4	0	8	2	29470319	29470319	29470319	29465879	29465879	29465879	3884	141.98.11.23
5	6	0	2	2	29462296	29462296	29462296	29462288	29462288	29462288	1084215	109.40.177.160
5	5	4	6	1	29463942	29463941	29463941	29444764	29444764	29463941	203790	93.183.94.195
5	2	0	0	0	29456385	0	0	29450870	0	0	909	40.77.167.4
5	1	0	0	0	29464576	0	0	29464576	0	0	14174	43.131.23.154
5	0	0	1	0	0	29464914	0	0	29464914	0	0	114.130.156.50
5	1	1	0	0	29470046	0	0	29470046	0	0	11874	54.38.147.55
5	1	0	0	0	29462594	0	0	29462594	0	0	11496	67.175.14.146
5	1	0	0	0	29464915	0	0	29464915	0	0	11517	104.194.203.207
5	191	40	24	10	29441447	29441401	29441390	29441060	29441060	29441060	6267372	223.123.22.214
5	0	0	1	0	0	29461284	0	0	29461284	0	0	37.40.226.202
5	1	1	0	0	29464024	0	0	29464024	0	0	13616	43.167.157.80
5	2	1	3	1	29449805	29449805	29449805	29449805	29449805	29449805	70853	72.207.109.5
5	1	1	0	0	29463379	0	0	29463379	0	0	13702	104.236.107.44
5	2	1	4	0	29456238	29456238	0	29456238	29456238	0	79306	198.177.252.24
5	1	0	0	0	29464603	0	0	29464603	0	0	10766	51.222.95.114
5	1	0	0	0	29465638	0	0	29465638	0	0	13567	192.71.224.103
5	43	18	2	4	29468806	29468800	29468746	29468644	29468745	29468644	1194897	223.123.22.176
5	0	0	1	0	0	29462505	0	0	29462505	0	0	31.104.143.218
5	0	0	0	1	0	0	29442221	0	0	29442221	0	35.180.109.239
5	0	0	1	0	0	29461593	0	0	29461593	0	0	179.152.167.98
5	1	0	0	0	29464866	0	0	29464866	0	0	12110	54.38.147.17
5	1	0	0	0	29461261	0	0	29461261	0	0	400179	35.90.222.251
5	1	1	0	1	29439197	0	29439197	29439197	0	29439197	9527	171.105.76.38
5	4	3	6	0	29456360	29456360	0	29456360	29456360	0	45797	47.236.75.235
5	1	0	0	0	29471330	0	0	29471330	0	0	12234	151.80.133.238
5	1	0	0	0	29460019	0	0	29460019	0	0	71	173.252.87.114
5	4	3	6	0	29457004	29457004	0	29457004	29457004	0	45792	216.118.230.90
5	4	3	6	0	29457425	29457425	0	29457425	29457425	0	45792	167.99.174.138
5	1	1	2	1	29467945	29469163	29467945	29467945	29469163	29467945	0	170.187.237.84
5	1	0	0	0	29460812	0	0	29460812	0	0	400179	54.214.86.71
5	1	1	0	0	29441762	0	0	29441762	0	0	10392	170.106.179.68
5	4	3	6	0	29459982	29459982	0	29459982	29459982	0	46426	83.229.124.185
5	2	1	0	0	29445902	0	0	29445902	0	0	71530	45.11.20.33
5	4	2	0	3	29439674	0	29439674	29439674	0	29438888	723187	34.77.70.95
5	3	1	1	0	29456146	29454714	0	29454345	29454714	0	11115	130.44.202.33
5	2	2	0	0	29441220	0	0	29441146	0	0	19464	15.204.182.106
5	3	1	2	0	29461473	29461473	0	29461473	29461473	0	628408	31.18.255.157
5	1	1	0	0	29451116	0	0	29451116	0	0	10950	85.142.134.18
5	1	0	0	0	29461244	0	0	29461244	0	0	11759	20.194.157.191
5	2	0	0	0	29462024	0	0	29462023	0	0	1143464	93.231.208.1
5	4	3	6	0	29458249	29458249	0	29458249	29458249	0	45799	103.143.81.50
5	1	0	1	0	29469464	29469464	0	29469464	29469464	0	71	51.75.236.140
5	1	0	0	3	29454345	0	29467305	29454345	0	29450024	71	167.160.78.5
5	1	0	0	0	29464677	0	0	29464677	0	0	14175	98.84.113.115
5	2	1	1	0	29453695	29453695	0	29453695	29453695	0	77204	188.130.128.247
5	0	0	0	1	0	0	29451676	0	0	29451676	0	92.208.110.150
5	0	0	0	1	0	0	29440295	0	0	29440295	0	20.194.157.178
5	1	0	0	0	29464118	0	0	29464118	0	0	571732	35.93.60.182
5	4	3	6	0	29457508	29457508	0	29457508	29457508	0	45799	207.56.18.24
5	4	0	1	0	29461888	29461886	0	29461886	29461886	0	1030430	212.75.99.17
5	1	1	0	0	29441027	0	0	29441027	0	0	9659	43.130.67.6
5	14	14	11	0	29471398	29471398	0	29442870	29452997	0	614454	119.18.49.84
5	2	0	1	0	29451111	29451111	0	29447035	29451111	0	142	173.252.82.114
5	1	0	0	0	29471298	0	0	29471298	0	0	71	177.32.35.250
5	1	0	0	0	29445743	0	0	29445743	0	0	71	173.252.82.113
5	1	0	0	0	29460746	0	0	29460746	0	0	534	52.167.144.219
5	1	0	0	0	29445089	0	0	29445089	0	0	971	74.63.207.147
5	1	1	1	0	29441087	29441086	0	29441087	29441086	0	9658	43.135.142.7
5	4	3	6	0	29457230	29457230	0	29457230	29457230	0	45796	103.151.216.172
5	1	1	0	0	29439579	0	0	29439579	0	0	9527	57.131.27.119
5	0	0	0	2	0	0	29468014	0	0	29454288	0	43.153.104.196
5	1	1	0	0	29467111	0	0	29467111	0	0	13972	47.252.47.212
5	1	0	0	0	29464210	0	0	29464210	0	0	593	52.167.144.212
5	4	3	6	0	29457138	29457138	0	29457138	29457138	0	45799	103.78.2.201
5	0	0	0	1	0	0	29467125	0	0	29467125	0	187.192.249.148
5	1	0	1	0	29467246	29467246	0	29467246	29467246	0	680	198.244.242.92
5	1	0	0	0	29469904	0	0	29469904	0	0	179065	151.80.133.171
5	0	0	1	0	0	29465869	0	0	29465869	0	0	52.167.144.193
5	0	0	0	2	0	0	29470844	0	0	29463770	0	43.135.139.165
5	0	0	1	0	0	29462705	0	0	29462705	0	0	150.109.43.180
5	2	1	0	0	29448307	0	0	29448307	0	0	70605	68.71.254.6
5	1	0	0	0	29470976	0	0	29470976	0	0	874204	198.244.242.81
5	1	1	0	1	29470731	0	29440609	29470731	0	29440609	14536	43.130.74.193
5	2	0	1	1	29462563	29462563	29462563	29462563	29462563	29462563	58443	20.49.136.28
5	1	0	0	0	29460967	0	0	29460967	0	0	8373	142.252.62.100
5	0	0	1	0	0	29469295	0	0	29469295	0	0	47.237.103.213
5	4	3	6	0	29457434	29457434	0	29457434	29457434	0	45796	134.122.162.17
5	0	0	1	0	0	29461852	0	0	29461852	0	0	54.84.93.8
5	1	0	0	0	29468718	0	0	29468718	0	0	738	52.167.144.171
5	0	0	1	0	0	29464209	0	0	29464209	0	0	52.167.144.169
5	1	1	0	0	29465832	0	0	29465832	0	0	13611	52.20.184.229
5	1	0	0	0	29464655	0	0	29464655	0	0	9848	43.154.207.133
5	1	1	0	0	29451843	0	0	29451843	0	0	11011	43.153.58.28
5	1	0	0	0	29460982	0	0	29460982	0	0	534	52.167.144.158
5	2	0	0	0	29465834	0	0	29465828	0	0	1143464	209.198.159.85
5	0	0	0	1	0	0	29469852	0	0	29469852	0	179.160.125.188
5	1	1	0	0	29439519	0	0	29439519	0	0	9529	209.54.107.130
5	1	0	1	0	29464625	29464625	0	29464625	29464625	0	626	51.89.129.58
5	1	1	0	0	29469628	0	0	29469628	0	0	14535	93.158.70.111
5	3	1	1	2	29467304	29467304	29467304	29462985	29467304	29450024	13751	147.53.121.218
5	14	11	0	8	29439630	0	29439629	29439572	0	29439624	134612	122.164.126.53
5	0	0	1	0	0	29464662	0	0	29464662	0	0	51.89.129.51
5	1	0	1	0	29467434	29467434	0	29467434	29467434	0	680	198.244.242.36
5	0	0	1	0	0	29468279	0	0	29468279	0	0	206.127.209.80
5	1	1	0	0	29441260	0	0	29441260	0	0	8069	52.167.144.139
5	1	0	0	0	29470817	0	0	29470817	0	0	81669	51.89.129.42
5	55	35	80	20	29468877	29468877	29468877	29442905	29442905	29442905	2297833	195.2.84.198
5	1	0	1	0	29464161	29464161	0	29464161	29464161	0	593	198.244.242.30
5	1	0	0	0	29468615	0	0	29468615	0	0	27587	69.171.234.33
5	0	0	0	1	0	0	29449867	0	0	29449867	0	204.69.217.199
5	1	0	0	0	29466630	0	0	29466630	0	0	10838	198.244.242.24
5	0	0	1	0	0	29469272	0	0	29469272	0	0	220.181.51.92
5	0	0	1	0	0	29464196	0	0	29464196	0	0	220.181.51.88
5	0	0	1	0	0	29461505	0	0	29461505	0	0	142.44.225.197
5	0	0	3	0	0	29469272	0	0	29464196	0	0	220.181.51.85
5	1	0	0	0	29464587	0	0	29464587	0	0	13962	142.44.220.247
5	1	0	1	0	29466516	29466516	0	29466516	29466516	0	680	51.89.129.21
5	2	0	0	0	29468615	0	0	29468615	0	0	64792	69.171.234.14
5	0	0	2	13	0	29453259	29453259	0	29453259	29453259	0	129.212.225.136
5	1	0	0	0	29470976	0	0	29470976	0	0	313395	51.89.129.17
5	1	1	0	0	29444450	0	0	29444450	0	0	10396	43.135.134.127
5	0	0	2	0	0	29452694	0	0	29452694	0	0	134.122.40.115
5	2	0	0	0	29471349	0	0	29471349	0	0	215759	51.38.187.132
5	1	1	1	0	29442969	29442969	0	29442969	29442969	0	10381	170.106.11.6
5	1	0	0	0	29462019	0	0	29462019	0	0	571732	5.231.147.26
5	1	0	0	0	29470570	0	0	29470570	0	0	1708663	51.38.187.130
5	2	1	0	0	29465843	0	0	29465843	0	0	13680	38.121.43.96
5	1	1	1	0	29463450	29463450	0	29463450	29463450	0	13693	43.159.145.153
5	1	1	0	0	29451077	0	0	29451077	0	0	10947	212.192.61.45
5	4	3	6	0	29456856	29456855	0	29456855	29456855	0	45789	8.217.161.223
5	0	0	2	3	0	29465542	29465542	0	29463597	29441480	0	47.82.11.9
5	2	0	0	0	29465329	0	0	29465329	0	0	23032	69.66.236.118
5	1	0	0	0	29450746	0	0	29450746	0	0	12557	43.159.145.149
5	5	1	2	0	29461472	29461470	0	29461470	29461470	0	1040303	157.157.114.246
5	1	0	0	1	29454969	0	29460596	29454969	0	29460596	10734	43.153.35.128
5	1	1	0	0	29465920	0	0	29465920	0	0	12525	104.248.205.98
5	0	0	2	2	0	29467270	29467270	0	29463512	29463512	0	47.82.11.1
5	1	0	0	0	29440327	0	0	29440327	0	0	71	69.171.249.116
5	1	0	0	0	29470046	0	0	29470046	0	0	71	142.44.220.218
5	3	0	0	0	29464114	0	0	29464114	0	0	34487	69.245.98.19
5	51	33	72	18	29469158	29469158	29469158	29442918	29442918	29442918	2109523	195.2.78.191
5	2	1	1	0	29470823	29470823	0	29470823	29470823	0	95825	188.130.128.101
5	3	2	2	0	29460995	29460995	0	29460995	29460995	0	70565	40.88.21.235
5	4	3	6	0	29455810	29455810	0	29455810	29455810	0	43921	38.60.125.97
5	1	0	0	0	29462109	0	0	29462109	0	0	71	54.39.203.195
5	3	0	0	0	29468615	0	0	29460325	0	0	179322	69.171.249.9
5	2	1	0	0	29468615	0	0	29440327	0	0	51821	69.171.249.8
5	6	6	0	68	29438473	0	29438473	29438472	0	29438472	6866	46.101.1.225
5	1	0	0	0	29440327	0	0	29440327	0	0	163820	69.171.249.7
5	3	2	0	2	29455248	0	29454345	29454335	0	29454345	22041	147.92.54.51
5	0	0	1	0	0	29456110	0	0	29456110	0	0	119.8.41.86
5	2	0	0	0	29468615	0	0	29440327	0	0	212448	69.171.249.6
5	1	0	0	0	29464031	0	0	29464031	0	0	21357	69.171.249.5
5	0	0	0	1	0	0	29462415	0	0	29462415	0	157.100.110.137
5	4	3	6	0	29457020	29457020	0	29457020	29457020	0	45796	45.207.194.110
5	31	31	16	2	29458017	29458017	29441035	29439194	29449328	29441031	330168	183.134.59.133
5	1	0	2	0	29452658	29468615	0	29452658	29452658	0	71	69.171.249.2
5	3	3	3	0	29442991	29442991	0	29442991	29442991	0	112767	91.184.244.222
5	1	1	1	0	29460967	29460967	0	29460967	29460967	0	9758	64.140.134.76
5	0	0	1	0	0	29467060	0	0	29467060	0	0	201.220.146.62
5	66	6	13	0	29470805	29470763	0	29448502	29448992	0	16652978	34.72.176.129
5	3	1	0	0	29439194	0	0	29439194	0	0	715403	106.49.159.238
5	6	1	0	0	29443842	0	0	29443842	0	0	1936197	34.204.187.11
5	4	3	6	0	29457762	29457762	0	29457762	29457762	0	45788	167.160.186.119
5	1	0	0	0	29440599	0	0	29440599	0	0	7672	43.159.128.247
5	17	14	15	0	29458659	29458659	0	29442797	29452955	0	283350	91.184.244.208
5	2	0	0	0	29461626	0	0	29460656	0	0	1143464	80.187.68.166
5	2	2	0	0	29466439	0	0	29454995	0	0	24943	54.236.1.54
5	1	1	0	0	29460679	0	0	29460679	0	0	11801	54.236.1.53
5	1	1	0	0	29443506	0	0	29443506	0	0	10397	54.236.1.51
5	0	0	1	0	0	29463310	0	0	29463310	0	0	131.255.70.59
5	0	0	1	0	0	29453594	0	0	29453594	0	0	197.38.170.44
5	7	1	3	0	29449149	29449149	0	29449149	29449149	0	2809771	89.187.168.82
5	0	0	0	1	0	0	29465272	0	0	29465272	0	186.195.239.10
5	1	1	0	0	29443901	0	0	29443901	0	0	10381	51.15.127.131
5	0	0	0	1	0	0	29467304	0	0	29467304	0	23.160.128.145
5	6	4	3	0	29459915	29459913	0	29459908	29459908	0	129799	74.220.48.240
5	0	0	4	0	0	29453699	0	0	29453699	0	0	40.77.167.159
5	4	3	6	0	29456610	29456610	0	29456610	29456610	0	45829	192.3.98.61
5	0	0	0	2	0	0	29471178	0	0	29471178	0	137.184.92.227
5	2	2	6	0	29457922	29457922	0	29457922	29457922	0	22870	156.227.28.9
5	2	0	0	165	29453168	0	29453169	29453168	0	29453167	3372	172.191.157.70
5	1	1	0	0	29442818	0	0	29442818	0	0	37589	69.67.183.108
5	2	2	0	0	29471010	0	0	29449293	0	0	25188	54.236.1.13
5	1	1	0	0	29443435	0	0	29443435	0	0	10388	176.53.220.51
5	0	0	1	0	0	29470744	0	0	29470744	0	0	59.152.96.163
5	1	1	0	0	29440355	0	0	29440355	0	0	34368	69.67.183.105
5	0	0	1	0	0	29465512	0	0	29465512	0	0	181.61.245.27
5	3	3	1	0	29468599	29459736	0	29456525	29459736	0	145969	57.141.20.59
5	1	1	0	0	29441377	0	0	29441377	0	0	9718	89.104.111.134
5	0	0	2	0	0	29452178	0	0	29449249	0	0	57.141.20.58
5	2	2	3	0	29461485	29468670	0	29460019	29452658	0	86737	57.141.20.57
5	1	1	1	0	29452773	29452773	0	29452773	29452773	0	10975	45.90.61.157
5	1	1	0	0	29467793	0	0	29467793	0	0	49988	57.141.20.54
5	0	0	0	1	0	0	29440529	0	0	29440529	0	173.239.214.221
5	0	0	1	0	0	29455230	0	0	29455230	0	0	57.141.20.53
5	0	0	1	0	0	29452496	0	0	29452496	0	0	57.141.20.52
5	0	0	2	0	0	29470457	0	0	29466327	0	0	74.125.210.174
5	1	0	0	0	29461487	0	0	29461487	0	0	571732	2.200.134.240
5	9	0	0	0	29446481	0	0	29446481	0	0	63553	95.217.109.26
5	1	1	1	0	29464938	29466092	0	29464938	29466092	0	50648	57.141.20.50
5	2	2	0	0	29470903	0	0	29462429	0	0	103927	57.141.20.49
5	1	0	1	0	29443426	29467253	0	29443426	29467253	0	6878	74.125.210.173
5	1	0	1	0	29443426	29467253	0	29443426	29467253	0	6873	74.125.210.172
5	1	1	0	0	29469827	0	0	29469827	0	0	53166	57.141.20.48
5	1	1	0	0	29465618	0	0	29465618	0	0	50648	57.141.20.47
5	0	0	1	0	0	29440529	0	0	29440529	0	0	173.239.214.214
5	1	1	0	0	29440707	0	0	29440707	0	0	34896	216.24.212.209
5	1	1	0	0	29466409	0	0	29466409	0	0	49940	57.141.20.46
5	1	1	0	0	29447001	0	0	29447001	0	0	10523	49.51.141.76
5	1	0	0	0	29465000	0	0	29465000	0	0	571732	54.213.251.105
5	1	0	0	0	29467519	0	0	29467519	0	0	571732	45.129.35.241
5	1	1	0	0	29453734	0	0	29453734	0	0	40708	57.141.20.44
5	1	1	1	0	29449893	29449893	0	29449893	29449893	0	10926	45.90.63.88
5	0	0	1	0	0	29440529	0	0	29440529	0	0	173.239.214.199
5	0	0	1	0	0	29440707	0	0	29440707	0	0	216.24.212.205
5	1	1	0	0	29443916	0	0	29443916	0	0	37589	57.141.20.43
5	3	0	1	0	29468155	29468153	0	29468154	29468153	0	81230	77.48.28.239
5	0	0	3	0	0	29466982	0	0	29456525	0	0	57.141.20.42
5	2	0	1	0	29465604	29465604	0	29465604	29465604	0	21313	68.182.250.108
5	0	0	1	0	0	29462632	0	0	29462632	0	0	177.232.85.248
5	1	1	0	0	29440529	0	0	29440529	0	0	7978	173.239.214.197
5	1	1	0	0	29466982	0	0	29466982	0	0	49940	57.141.20.39
5	0	0	1	0	0	29451037	0	0	29451037	0	0	57.141.20.40
5	1	1	0	0	29440707	0	0	29440707	0	0	34896	216.24.212.192
5	1	0	1	0	29452497	29453900	0	29452497	29453900	0	32660	57.141.20.37
5	1	1	0	0	29440529	0	0	29440529	0	0	7978	173.239.214.194
5	4	3	6	0	29456895	29456895	0	29456895	29456895	0	45797	42.193.236.134
5	2	1	0	0	29465791	0	0	29443633	0	0	51849	57.141.20.36
5	1	0	0	0	29440619	0	0	29440619	0	0	10364	43.159.128.155
5	1	1	0	0	29462945	0	0	29462945	0	0	50661	57.141.20.35
5	0	0	1	0	0	29461593	0	0	29461593	0	0	103.158.249.46
5	2	1	1	0	29449691	29449691	0	29449691	29449691	0	70853	90.189.149.244
5	0	0	1	0	0	29440707	0	0	29440707	0	0	216.24.212.186
5	0	0	1	0	0	29465791	0	0	29465791	0	0	57.141.20.33
5	1	0	0	0	29440529	0	0	29440529	0	0	8456	173.239.214.200
5	0	0	1	0	0	29470331	0	0	29470331	0	0	57.141.20.32
5	2	0	0	0	29460327	0	0	29460327	0	0	1143464	176.83.235.176
5	1	1	0	0	29470148	0	0	29470148	0	0	53166	57.141.20.29
5	1	1	0	0	29462168	0	0	29462168	0	0	50661	57.141.20.30
5	1	0	0	0	29460967	0	0	29460967	0	0	10821	64.140.130.228
5	0	0	1	0	0	29452803	0	0	29452803	0	0	57.141.20.27
5	2	1	0	0	29469471	0	0	29454320	0	0	82519	57.141.20.26
5	1	1	0	0	29446412	0	0	29446412	0	0	38380	57.141.20.25
5	1	1	0	0	29445610	0	0	29445610	0	0	10566	49.235.136.28
5	3	3	0	0	29471379	0	0	29448050	0	0	143352	57.141.20.24
5	2	2	0	0	29464394	0	0	29461341	0	0	94907	57.141.20.23
5	28	6	3	8	29451279	29451278	29451279	29441344	29451278	29441344	190799	68.183.60.34
5	1	1	2	0	29457332	29457332	0	29457332	29457332	0	9565	150.109.12.75
5	0	0	0	1	0	0	29466534	0	0	29466534	0	128.0.7.130
5	1	1	0	0	29466092	0	0	29466092	0	0	51140	57.141.20.19
5	0	0	2	0	0	29464087	0	0	29461485	0	0	57.141.20.20
5	1	1	0	0	29470457	0	0	29470457	0	0	11875	74.125.215.101
5	1	0	0	0	29452804	0	0	29452804	0	0	33666	57.141.20.18
5	4	0	0	0	29440262	0	0	29440248	0	0	464306	74.125.210.142
5	1	0	1	0	29461760	29461760	0	29461760	29461760	0	71	5.39.1.244
5	7	1	0	0	29440262	0	0	29440248	0	0	580464	74.125.210.141
5	9	3	0	0	29440262	0	0	29440248	0	0	595685	74.125.210.140
5	0	0	1	0	0	29440707	0	0	29440707	0	0	216.24.212.167
5	1	0	0	0	29464778	0	0	29464778	0	0	571732	35.95.9.244
5	0	0	1	0	0	29460019	0	0	29460019	0	0	57.141.20.14
5	1	0	0	0	29460075	0	0	29460075	0	0	400179	74.7.228.173
5	1	1	0	0	29461466	0	0	29461466	0	0	43585	57.141.20.12
5	0	0	1	0	0	29454618	0	0	29454618	0	0	57.141.20.11
5	4	3	6	0	29457820	29457820	0	29457820	29457820	0	45791	154.205.144.103
5	2	2	1	0	29451037	29461466	0	29445324	29461466	0	78808	57.141.20.10
5	1	0	0	0	29464031	0	0	29464031	0	0	133722	31.13.103.7
5	1	1	0	0	29440707	0	0	29440707	0	0	34896	216.24.212.159
5	6	3	7	0	29460162	29460162	0	29460162	29460162	0	659246	91.129.111.163
5	1	0	0	0	29468154	0	0	29468154	0	0	46973	77.48.28.204
5	0	0	1	0	0	29468154	0	0	29468154	0	0	77.48.28.193
5	1	1	1	0	29451686	29451686	0	29451686	29451686	0	11011	23.27.145.234
5	2	1	0	0	29446685	0	0	29446685	0	0	57493	144.126.196.60
5	1	1	0	0	29440327	0	0	29440327	0	0	34368	31.13.103.3
5	4	3	6	0	29456047	29456047	0	29456047	29456047	0	43922	204.194.51.156
5	3	2	6	0	29460816	29460816	0	29460816	29460816	0	35407	154.12.63.170
5	0	0	1	0	0	29465271	0	0	29465271	0	0	190.5.38.99
5	1	0	0	0	29462063	0	0	29462063	0	0	71	47.84.85.94
5	4	3	6	0	29457110	29457110	0	29457110	29457110	0	45801	154.86.20.5
5	4	2	7	1	29456798	29456798	29449035	29449035	29449035	29449035	150159	103.157.204.70
5	0	0	1	0	0	29468932	0	0	29468932	0	0	189.91.195.146
5	1	1	0	0	29448247	0	0	29448247	0	0	10648	34.90.254.162
5	0	0	0	2	0	0	29451319	0	0	29451318	0	159.203.61.100
5	1	1	1	0	29454728	29454728	0	29454728	29454728	0	10993	23.27.145.219
5	12	1	3	0	29466727	29466727	0	29466727	29466727	0	593742	23.27.145.217
5	9	3	0	0	29446002	0	0	29446002	0	0	2309254	59.14.17.48
5	1	0	0	0	29464681	0	0	29464681	0	0	0	184.73.128.79
5	1	1	0	0	29448426	0	0	29448426	0	0	10650	160.225.166.209
5	1	0	0	0	29461650	0	0	29461650	0	0	571732	212.123.255.42
5	23	3	4	0	29456240	29456240	0	29442871	29456240	0	8985326	88.99.245.93
5	5	2	4	0	29458187	29458187	0	29444872	29458187	0	183986	103.157.204.45
5	1	0	0	0	29470117	0	0	29470117	0	0	571732	81.223.105.126
5	0	0	2	0	0	29459517	0	0	29459517	0	0	193.36.225.49
5	20	6	3	0	29460336	29460336	0	29448951	29460336	0	6862519	4.155.83.118
5	0	0	1	0	0	29462718	0	0	29462718	0	0	152.59.75.100
5	2	1	0	0	29444879	0	0	29444879	0	0	71530	103.157.204.34
5	5	5	2	0	29461537	29450021	0	29450020	29450020	0	60555	45.82.191.122
5	0	0	0	1	0	0	29450829	0	0	29450829	0	4.221.122.52
5	0	0	1	0	0	29455563	0	0	29455563	0	0	154.195.237.25
5	0	0	1	0	0	29465804	0	0	29465804	0	0	190.179.205.46
5	1	0	0	0	29471258	0	0	29471258	0	0	505179	57.129.139.103
5	4	3	6	0	29456551	29456551	0	29456551	29456551	0	45789	45.77.183.239
5	0	0	2	0	0	29457287	0	0	29457287	0	0	45.146.54.189
5	0	0	1	0	0	29457132	0	0	29457132	0	0	101.32.50.172
5	0	0	0	1	0	0	29463498	0	0	29463498	0	101.32.49.171
5	1	0	0	0	29460211	0	0	29460211	0	0	571732	197.147.122.30
5	22	0	9	0	29470688	29469714	0	29441260	29450868	0	1562	40.77.167.85
5	8	1	2	0	29449980	29449980	0	29449980	29449980	0	4524899	116.203.244.149
5	3	1	2	0	29461565	29461565	0	29461565	29461565	0	629955	176.83.230.87
5	20	0	17	0	29470625	29470625	0	29445578	29449216	0	1420	52.167.144.58
5	1	1	1	0	29457668	29457668	0	29457668	29457668	0	11433	23.27.145.143
5	1	0	0	0	29461261	0	0	29461261	0	0	571732	35.94.36.10
5	1	0	1	0	29463703	29463703	0	29463703	29463703	0	71	5.39.109.163
5	7	7	0	16	29439654	0	29439654	29439653	0	29439653	54492	36.106.167.167
5	2	1	1	0	29467305	29467305	0	29455998	29467305	0	11043	139.180.225.229
5	0	0	0	1	0	0	29467718	0	0	29467718	0	216.81.248.151
5	0	0	1	0	0	29450868	0	0	29450868	0	0	40.77.167.61
5	0	0	0	1	0	0	29448421	0	0	29448421	0	212.11.64.231
5	11	3	1	2	29440153	29440152	29440152	29440152	29440152	29440152	480471	85.208.98.193
5	0	0	1	0	0	29461988	0	0	29461988	0	0	168.181.120.17
5	3	3	3	0	29464674	29464674	0	29464674	29464674	0	35779	18.212.211.2
5	12	5	1	0	29440153	29440152	0	29440152	29440152	0	198574	85.208.98.201
5	0	0	1	0	0	29462089	0	0	29462089	0	0	197.185.143.183
5	1	1	0	0	29464667	0	0	29464667	0	0	13609	100.27.208.213
5	5	2	0	0	29466237	0	0	29448915	0	0	29771	209.127.202.113
5	0	0	1	0	0	29460496	0	0	29460496	0	0	187.191.36.107
5	0	0	1	0	0	29462353	0	0	29462353	0	0	103.125.177.153
5	4	3	6	0	29456866	29456866	0	29456866	29456866	0	45793	43.230.8.95
5	0	0	0	1	0	0	29467912	0	0	29467912	0	152.58.155.142
5	0	0	1	0	0	29459286	0	0	29459286	0	0	40.77.167.38
5	4	3	6	0	29458219	29458219	0	29458218	29458218	0	45792	103.193.148.102
5	0	0	1	0	0	29460731	0	0	29460731	0	0	40.77.167.32
5	1	1	0	0	29441391	0	0	29441391	0	0	9719	86.57.214.174
5	4	3	6	0	29456993	29456993	0	29456993	29456993	0	45796	47.79.248.127
5	32	6	14	0	29454221	29454219	0	29454176	29454176	0	1664611	223.123.11.11
5	1	0	0	0	29465878	0	0	29465878	0	0	680	40.77.167.25
5	0	0	0	1	0	0	29468641	0	0	29468641	0	200.61.246.20
5	0	0	1	0	0	29460967	0	0	29460967	0	0	40.77.167.23
5	0	0	1	0	0	29460036	0	0	29460036	0	0	170.246.240.82
5	1	0	1	0	29467560	29457933	0	29467560	29457933	0	680	40.77.167.22
5	1	1	0	0	29457697	0	0	29457697	0	0	9567	47.237.83.108
5	0	0	1	0	0	29467559	0	0	29467559	0	0	40.77.167.18
5	0	0	1	0	0	29460469	0	0	29460469	0	0	156.231.93.90
5	1	1	0	0	29441999	0	0	29441999	0	0	10374	35.240.169.249
5	1	0	0	0	29465638	0	0	29465638	0	0	14174	192.71.142.176
5	1	1	0	0	29440542	0	0	29440542	0	0	9660	45.90.63.4
5	0	0	0	1	0	0	29465323	0	0	29465323	0	23.176.184.61
5	0	0	1	0	0	29451116	0	0	29451116	0	0	85.142.66.246
5	0	0	1	0	0	29451085	0	0	29451085	0	0	154.212.31.157
5	2	2	0	0	29440959	0	0	29440722	0	0	19362	44.218.6.122
5	0	0	0	3	0	0	29439376	0	0	29438663	0	185.102.115.93
5	0	0	1	0	0	29468029	0	0	29468029	0	0	43.132.181.185
5	2	2	0	0	29457604	0	0	29442866	0	0	21836	43.166.136.24
5	0	0	1	0	0	29466662	0	0	29466662	0	0	103.150.19.142
5	4	3	6	0	29456183	29456183	0	29456183	29456183	0	43911	128.241.254.30
5	2	2	0	0	29442673	0	0	29442111	0	0	75387	204.76.203.25
5	1	0	1	0	29461505	29461505	0	29461505	29461505	0	71	51.161.37.85
5	1	0	0	0	29461365	0	0	29461365	0	0	11757	51.8.155.127
5	4	2	0	2	29468555	0	29467997	29441036	0	29461699	44932	43.164.195.17
5	1	1	3	1	29460472	29464801	29464802	29460472	29460471	29464802	43398	87.121.84.125
5	1	0	0	0	29464688	0	0	29464688	0	0	6925	51.161.37.78
5	0	0	1	0	0	29461210	0	0	29461210	0	0	181.122.236.245
5	1	0	0	0	29461639	0	0	29461639	0	0	11746	51.8.155.120
5	1	1	4	2	29457988	29470064	29470066	29457988	29457986	29467166	42351	87.121.84.115
5	2	1	1	0	29469568	29469568	0	29469568	29469568	0	99006	109.248.15.152
5	0	0	0	2	0	0	29438472	0	0	29438472	0	185.136.160.213
5	1	1	0	0	29444521	0	0	29444521	0	0	10380	44.248.63.62
5	4	3	6	0	29458380	29458380	0	29458380	29458380	0	45795	152.53.237.44
5	0	0	1	0	0	29461806	0	0	29461806	0	0	177.221.230.253
5	0	0	1	0	0	29465372	0	0	29465372	0	0	190.97.230.138
5	0	0	1	0	0	29465833	0	0	29465833	0	0	38.33.152.188
5	8	4	8	0	29460623	29460619	0	29460619	29460619	0	1069956	176.140.214.232
5	1	0	0	0	29460211	0	0	29460211	0	0	11641	94.74.107.143
5	0	0	1	0	0	29459790	0	0	29459790	0	0	177.154.31.65
5	0	0	1	0	0	29451240	0	0	29451240	0	0	64.23.247.21
5	2	0	0	0	29471348	0	0	29470872	0	0	582904	141.94.78.40
5	4	2	2	0	29461806	29456487	0	29456487	29456487	0	20977	51.68.107.161
5	1	1	0	0	29445609	0	0	29445609	0	0	12521	157.245.34.40
5	4	2	2	0	29469652	29459050	0	29459050	29459050	0	21579	51.68.107.159
5	2	1	0	0	29455063	0	0	29455063	0	0	9212	51.68.107.156
5	3	2	2	1	29447378	29447378	29447378	29447378	29447378	29447378	26161	165.231.227.81
5	2	1	2	0	29451745	29451745	0	29451745	29451745	0	9241	51.68.107.149
5	2	1	2	0	29450422	29450422	0	29450422	29450422	0	9171	51.68.107.150
5	101	32	15	185	29439830	29439787	29439830	29439686	29439694	29439697	4318167	223.123.23.97
5	2	1	2	0	29468773	29468773	0	29468773	29468773	0	11942	51.68.107.148
5	1	0	0	0	29460189	0	0	29460189	0	0	11643	172.213.11.157
5	2	1	2	0	29457376	29457376	0	29457376	29457376	0	9636	51.68.107.146
5	0	0	1	0	0	29465441	0	0	29465441	0	0	103.113.192.19
5	1	0	0	0	29466154	0	0	29466154	0	0	12700	43.158.91.71
5	3	1	0	0	29462328	0	0	29462085	0	0	34172	172.213.11.156
5	1	0	0	0	29460760	0	0	29460760	0	0	11759	172.213.11.155
5	1	0	0	0	29461223	0	0	29461223	0	0	11757	172.213.11.153
5	1	1	1	0	29453884	29453884	0	29453884	29453884	0	10976	43.166.136.202
5	4	2	0	0	29459774	0	0	29452358	0	0	18836	51.68.107.141
5	1	0	0	0	29461648	0	0	29461648	0	0	11742	172.213.11.151
5	2	0	0	1	29468574	0	29470925	29452238	0	29470925	186298	43.157.191.20
5	4	2	4	0	29467644	29467644	0	29460920	29460920	0	21361	51.68.107.139
5	1	1	0	0	29461648	0	0	29461648	0	0	11274	172.213.11.150
5	2	1	0	0	29455968	0	0	29455968	0	0	9208	51.68.107.138
5	4	3	6	0	29456301	29456301	0	29456301	29456301	0	45790	101.33.80.152
5	0	0	0	1	0	0	29462353	0	0	29462353	0	196.74.17.156
5	2	0	1	2	29458665	29458665	29462985	29450024	29458665	29454345	11806	67.218.4.137
5	0	0	0	1	0	0	29466323	0	0	29466323	0	103.61.240.204
5	2	1	1	0	29464687	29464680	0	29464680	29464680	0	58061	98.88.27.202
5	0	0	1	0	0	29461648	0	0	29461648	0	0	172.213.11.145
5	0	0	1	0	0	29462328	0	0	29462328	0	0	172.213.11.144
5	1	0	0	1	29439054	0	29439054	29439054	0	29439054	0	182.176.130.6
5	3	0	0	0	29440327	0	0	29440327	0	0	334101	182.176.130.5
5	1	1	1	0	29450303	29450303	0	29450303	29450303	0	10949	129.226.174.80
5	1	0	0	0	29460785	0	0	29460785	0	0	571732	34.213.97.102
5	1	1	1	0	29451405	29451405	0	29451405	29451405	0	11034	176.53.221.200
5	0	0	1	0	0	29460496	0	0	29460496	0	0	157.119.44.82
5	4	3	6	0	29459874	29459874	0	29459874	29459874	0	45790	165.154.2.254
5	0	0	1	0	0	29462835	0	0	29462835	0	0	220.181.108.93
5	0	0	1	0	0	29462063	0	0	29462063	0	0	82.157.138.167
5	1	0	0	0	29465047	0	0	29465047	0	0	429068	51.195.215.244
5	1	1	0	0	29441871	0	0	29441871	0	0	8597	20.204.24.247
5	1	0	0	0	29468615	0	0	29468615	0	0	31116	69.63.189.9
5	0	0	1	0	0	29467097	0	0	29467097	0	0	220.181.108.83
5	4	3	6	0	29457650	29457650	0	29457650	29457650	0	45800	101.36.104.116
5	1	1	0	0	29464672	0	0	29464672	0	0	0	50.17.118.80
5	2	2	1	0	29455324	29455324	0	29441704	29455324	0	20890	43.166.136.153
5	1	0	0	0	29468615	0	0	29468615	0	0	13962	69.63.189.4
5	0	0	1	0	0	29458817	0	0	29458817	0	0	162.128.163.221
5	0	0	0	1	0	0	29465723	0	0	29465723	0	213.172.155.198
5	0	0	1	0	0	29470062	0	0	29470062	0	0	181.46.136.238
5	1	0	0	0	29460818	0	0	29460818	0	0	48628	34.220.101.220
5	0	0	0	1	0	0	29467755	0	0	29467755	0	43.132.158.229
5	4	0	8	2	29469542	29469542	29469542	29449622	29449622	29449622	3884	91.224.92.182
5	0	0	1	0	0	29466768	0	0	29466768	0	0	45.147.73.207
5	0	0	1	0	0	29460022	0	0	29460022	0	0	91.186.250.177
5	40	0	0	0	29449437	0	0	29449429	0	0	296282	141.94.101.142
5	0	0	1	0	0	29463073	0	0	29463073	0	0	5.248.213.236
5	2	0	0	0	29451503	0	0	29451503	0	0	9261	149.224.188.74
5	0	0	1	0	0	29463114	0	0	29463114	0	0	143.105.135.191
5	1	0	0	0	29464867	0	0	29464867	0	0	642941	51.195.215.199
5	4	3	6	0	29456443	29456443	0	29456443	29456443	0	45795	47.84.206.207
5	0	0	8	0	0	29460813	0	0	29460536	0	0	45.141.215.153
5	0	0	1	0	0	29451122	0	0	29451122	0	0	45.145.88.237
5	0	0	1	0	0	29469126	0	0	29469126	0	0	165.227.67.190
5	1	1	0	0	29441356	0	0	29441356	0	0	9719	176.53.221.135
5	1	0	0	0	29462117	0	0	29462117	0	0	11487	35.93.157.216
5	1	0	1	0	29462451	29462451	0	29462451	29462451	0	570	51.195.215.200
5	392	243	40	5	29461495	29461494	29461488	29461353	29461361	29461409	14941439	223.123.23.13
5	2	1	0	0	29440944	0	0	29440944	0	0	172406	167.172.61.166
5	0	0	1	0	0	29469321	0	0	29469321	0	0	152.237.128.32
5	103	23	16	183	29439152	29439152	29439160	29438723	29439070	29438763	3225482	223.123.5.233
5	0	0	1	0	0	29452108	0	0	29452108	0	0	45.134.80.144
5	4	3	6	0	29457103	29457103	0	29457103	29457103	0	45796	38.181.24.205
5	0	0	1	0	0	29460797	0	0	29460797	0	0	31.58.111.56
5	0	0	1	0	0	29462089	0	0	29462089	0	0	45.168.90.50
5	4	3	6	0	29456411	29456411	0	29456410	29456410	0	45789	206.119.79.29
5	11	2	2	0	29464404	29464404	0	29464402	29464402	0	1126171	15.204.46.133
5	2	2	1	0	29451295	29451295	0	29448674	29451295	0	21696	117.62.235.53
5	1	0	1	0	29466718	29466718	0	29466718	29466718	0	680	51.195.215.176
5	1	0	1	0	29466516	29466516	0	29466516	29466516	0	71	51.195.215.175
5	0	0	1	0	0	29465720	0	0	29465720	0	0	103.61.240.106
5	4	3	6	0	29457409	29457409	0	29457409	29457409	0	45827	103.84.87.34
5	4	3	6	0	29457618	29457618	0	29457618	29457618	0	45796	156.245.232.44
5	1	0	0	0	29441804	0	0	29441804	0	0	55704	43.157.172.39
5	0	0	3	3	0	29467150	29467150	0	29462841	29462841	0	51.38.109.223
5	1	0	0	0	29462522	0	0	29462522	0	0	11496	20.90.7.159
5	1	0	0	0	29462670	0	0	29462670	0	0	11497	162.120.186.102
5	1	0	1	0	29461075	29462262	0	29461075	29462262	0	11760	20.90.7.156
5	1	0	0	0	29462294	0	0	29462294	0	0	11499	20.90.7.155
5	1	1	0	0	29441871	0	0	29441871	0	0	10391	188.166.220.109
5	1	1	0	0	29462262	0	0	29462262	0	0	11057	20.90.7.152
5	1	1	0	0	29459790	0	0	29459790	0	0	9563	170.0.58.238
5	4	3	6	0	29458448	29458447	0	29458447	29458447	0	45803	103.39.111.124
5	1	0	54	53	29450592	29450593	29450593	29450592	29450592	29450592	1686	4.189.144.54
5	1	0	0	0	29462382	0	0	29462382	0	0	11496	20.90.7.145
5	0	0	1	0	0	29463362	0	0	29463362	0	0	191.52.246.248
5	0	0	0	1	0	0	29464836	0	0	29464836	0	51.195.215.143
5	0	0	2	0	0	29460117	0	0	29460117	0	0	17.241.227.97
5	0	0	0	1	0	0	29469982	0	0	29469982	0	5.166.116.43
5	1	0	0	0	29466658	0	0	29466658	0	0	571732	77.12.30.103
5	243	44	36	75	29466387	29466345	29466369	29465897	29465898	29466210	6523061	223.123.0.226
5	0	0	0	1	0	0	29462632	0	0	29462632	0	150.107.106.34
5	0	0	1	0	0	29467912	0	0	29467912	0	0	186.247.237.56
5	0	0	1	0	0	29462109	0	0	29462109	0	0	51.222.95.8
5	3	2	1	0	29457099	29457099	0	29444042	29457099	0	32370	43.166.244.251
5	2	0	0	0	29471279	0	0	29471279	0	0	9577	17.241.227.77
5	1	1	0	0	29439719	0	0	29439719	0	0	0	190.92.233.29
5	1	1	0	0	29441406	0	0	29441406	0	0	9865	43.157.46.118
5	3	2	0	0	29466513	0	0	29442090	0	0	55594	170.106.148.137
5	1	0	0	0	29460188	0	0	29460188	0	0	11643	222.168.224.225
5	2	1	4	0	29459445	29459445	0	29459445	29459445	0	79306	72.49.49.11
5	0	0	0	1	0	0	29464723	0	0	29464723	0	45.174.48.252
5	6	4	3	0	29444550	29444550	0	29444550	29444550	0	47622	23.81.120.207
5	4	2	2	0	29468757	29468757	0	29454840	29468757	0	21152	51.68.236.94
5	6	3	4	0	29463633	29460771	0	29451232	29451232	0	30147	51.68.236.93
5	6	3	0	0	29454975	0	0	29448345	0	0	27345	51.68.236.92
5	0	0	0	6	0	0	29447235	0	0	29447212	0	223.123.5.142
5	1	0	0	0	29465222	0	0	29465222	0	0	53447	54.38.147.249
5	23	6	15	0	29456836	29456836	0	29446755	29451075	0	67032	45.86.1.106
5	7	3	2	0	29443779	29443779	0	29443779	29443779	0	66056	139.59.177.211
5	4	2	2	0	29453337	29449289	0	29449289	29449289	0	18141	51.68.236.87
5	2	1	1	0	29454388	29454388	0	29454388	29454388	0	74068	46.8.23.212
5	0	0	1	0	0	29466534	0	0	29466534	0	0	194.35.250.39
5	0	0	0	1	0	0	29463960	0	0	29463960	0	169.224.14.146
5	1	0	0	0	29465073	0	0	29465073	0	0	364659	54.38.147.238
5	1	1	1	1	29469728	29469728	29454950	29469728	29469728	29454950	14532	43.166.255.122
5	1	1	0	0	29469396	0	0	29469396	0	0	11872	198.244.168.87
5	2	1	0	0	29471364	0	0	29471364	0	0	11899	51.68.236.72
5	1	0	1	0	29463902	29463902	0	29463902	29463902	0	593	54.38.147.233
5	2	1	0	0	29453818	0	0	29453818	0	0	9203	51.68.236.71
5	3	2	6	0	29458260	29458260	0	29458260	29458259	0	34353	161.248.87.63
5	2	1	0	0	29468652	0	0	29468652	0	0	11942	51.68.236.70
5	0	0	1	0	0	29469851	0	0	29469851	0	0	103.75.49.45
5	2	1	0	0	29456032	0	0	29456032	0	0	9209	51.68.236.68
5	0	0	2	0	0	29455305	0	0	29455305	0	0	68.183.3.160
5	0	0	1	0	0	29469752	0	0	29469752	0	0	197.185.175.26
5	1	0	0	0	29470817	0	0	29470817	0	0	194402	198.244.168.79
5	1	0	0	0	29461720	0	0	29461720	0	0	13104	43.153.135.208
5	1	1	0	0	29445866	0	0	29445866	0	0	10567	145.220.91.19
5	10	1	0	0	29465432	0	0	29465432	0	0	1112557	54.89.89.14
5	1	0	0	0	29470912	0	0	29470912	0	0	11666	51.195.183.248
5	1	1	0	0	29471128	0	0	29471128	0	0	14536	43.159.144.16
5	2	1	0	0	29465529	0	0	29465529	0	0	11158	51.68.236.59
5	1	0	0	0	29451574	0	0	29451574	0	0	11754	192.71.103.173
5	1	1	0	0	29450404	0	0	29450404	0	0	10950	43.166.255.102
5	16	2	0	0	29448960	0	0	29448951	0	0	5713421	52.87.44.246
5	4	0	2	89	29465125	29465125	29465125	29465124	29465125	29465124	6744	4.194.138.63
5	2	1	0	0	29447007	0	0	29447007	0	0	71530	69.61.200.104
5	1	0	0	0	29465073	0	0	29465073	0	0	351842	198.244.168.61
5	4	3	6	0	29456464	29456464	0	29456464	29456464	0	45786	13.215.44.231
5	1	0	0	0	29466633	0	0	29466633	0	0	31230	54.38.147.207
5	1	0	0	0	29464867	0	0	29464867	0	0	158309	51.195.183.230
5	2	2	0	0	29457412	0	0	29443802	0	0	21824	43.130.12.43
5	1	0	0	0	29459912	0	0	29459912	0	0	10333	92.50.32.107
5	0	0	0	1	0	0	29445802	0	0	29445802	0	123.20.252.186
5	4	3	6	0	29457597	29457597	0	29457597	29457596	0	45794	206.119.167.114
5	0	0	1	1	0	29469295	29469295	0	29469295	29469295	0	124.243.182.129
5	1	1	0	0	29440355	0	0	29440355	0	0	34368	139.59.172.186
5	0	0	0	1	0	0	29465423	0	0	29465423	0	102.216.181.39
5	1	0	0	0	29460697	0	0	29460697	0	0	7326	107.175.110.198
5	1	0	1	0	29465339	29465339	0	29465339	29465339	0	626	51.195.183.213
5	1	0	0	0	29461369	0	0	29461369	0	0	11756	137.135.190.242
5	2	2	1	0	29466993	29440539	0	29440539	29440539	0	23649	43.166.1.243
5	1	0	0	0	29460333	0	0	29460333	0	0	11643	137.135.190.240
5	1	0	0	0	29464808	0	0	29464808	0	0	589060	198.244.168.35
5	1	0	1	0	29464884	29464884	0	29464884	29464884	0	626	198.244.168.33
5	0	0	1	0	0	29461802	0	0	29461802	0	0	177.130.133.139
5	1	0	0	0	29464787	0	0	29464787	0	0	10267	198.244.168.29
5	0	0	0	1	0	0	29463626	0	0	29463626	0	119.12.167.235
5	3	3	3	0	29442833	29442833	0	29442833	29442833	0	112767	31.6.17.19
5	1	0	1	0	29462887	29462887	0	29462887	29462887	0	570	51.195.183.187
5	3	3	3	0	29441864	29441864	0	29441864	29441864	0	110499	31.6.17.15
5	0	0	1	1	0	29468029	29468029	0	29468029	29468029	0	150.40.167.232
5	0	0	1	0	0	29466765	0	0	29466765	0	0	170.82.85.17
5	4	3	6	0	29456569	29456569	0	29456569	29456569	0	45788	154.36.185.90
5	2	0	0	0	29443103	0	0	29442429	0	0	20804	62.210.222.131
5	0	0	0	1	0	0	29462714	0	0	29462714	0	59.103.106.83
5	3	0	1	0	29469208	29469208	0	29469208	29469208	0	630283	166.0.180.150
5	1	0	1	0	29464426	29464426	0	29464426	29464426	0	626	51.195.183.170
5	1	1	0	0	29463363	0	0	29463363	0	0	13692	43.155.162.41
5	0	0	1	0	0	29469095	0	0	29469095	0	0	185.13.98.57
5	0	0	0	1	0	0	29453854	0	0	29453854	0	201.149.107.221
5	0	0	1	0	0	29467813	0	0	29467813	0	0	119.249.100.244
5	1	0	1	0	29464426	29464426	0	29464426	29464426	0	71	51.195.183.164
5	1	0	0	0	29459057	0	0	29459057	0	0	48628	88.90.179.153
5	10	1	1	3	29462995	29462995	29462995	29462995	29462995	29462995	588352	49.12.46.171
5	2	1	4	0	29459138	29459138	0	29459138	29459138	0	79306	103.161.171.228
5	4	3	6	0	29457347	29457347	0	29457347	29457347	0	45805	172.247.84.122
5	0	0	1	0	0	29467813	0	0	29467813	0	0	119.249.100.237
5	63	18	8	0	29463323	29463323	0	29440726	29461027	0	11324566	57.129.136.58
5	17	3	3	0	29470934	29470934	0	29470930	29470930	0	1502186	57.129.136.57
5	1	1	0	0	29459702	0	0	29459702	0	0	11435	162.62.132.25
5	0	0	1	0	0	29467097	0	0	29467097	0	0	119.249.100.235
5	1	0	0	0	29464822	0	0	29464822	0	0	346330	51.195.183.156
5	0	0	1	0	0	29462191	0	0	29462191	0	0	102.0.16.83
5	1	0	1	0	29450205	29450205	0	29450205	29450205	0	474	114.119.133.56
5	0	0	1	1	0	29462063	29462063	0	29462063	29462063	0	181.215.182.230
5	6	3	6	0	29460401	29460401	0	29460401	29460401	0	659248	84.233.199.109
5	1	1	0	0	29465638	0	0	29465638	0	0	13611	192.71.12.112
5	3	2	1	0	29471019	29471019	0	29471019	29471019	0	158087	35.0.127.52
5	173	13	10	13	29471351	29469169	29471205	29443383	29443607	29444280	38277050	192.178.4.105
5	1	0	0	0	29464787	0	0	29464787	0	0	93438	51.195.183.138
5	1	0	0	0	29464287	0	0	29464287	0	0	16804	51.222.168.253
5	240	28	14	7	29470663	29461844	29465980	29443607	29443607	29451519	46177411	192.178.4.104
5	1	0	1	0	29465538	29465538	0	29465538	29465538	0	626	51.195.183.137
5	0	0	1	0	0	29451676	0	0	29451676	0	0	187.63.224.151
5	4	3	6	0	29456195	29456195	0	29456195	29456195	0	43928	154.23.160.114
5	1	0	0	0	29465885	0	0	29465885	0	0	71	148.113.130.233
5	1	0	0	0	29460285	0	0	29460285	0	0	571732	37.75.91.162
5	0	0	1	1	0	29460135	29460135	0	29460135	29460135	0	181.215.182.182
5	0	0	0	1	0	0	29465804	0	0	29465804	0	103.89.26.72
5	0	0	0	1	0	0	29464200	0	0	29464200	0	119.249.100.181
5	17	2	7	0	29450903	29450903	0	29450903	29450903	0	8767028	34.83.161.38
5	0	0	1	0	0	29459985	0	0	29459985	0	0	190.8.165.158
5	4	3	6	0	29458775	29458775	0	29458775	29458775	0	45795	103.49.63.44
5	0	0	0	1	0	0	29453594	0	0	29453594	0	177.222.112.97
5	2	0	0	0	29444759	0	0	29444759	0	0	93946	119.12.167.135
5	1	1	0	0	29454335	0	0	29454335	0	0	10994	216.213.24.241
5	2	0	0	0	29442216	0	0	29442213	0	0	15664	15.204.161.7
5	0	0	0	2	0	0	29468811	0	0	29468811	0	142.93.216.15
5	1	0	0	0	29465000	0	0	29465000	0	0	400179	44.245.179.55
5	17	2	8	1	29461345	29461344	29461344	29461344	29461344	29461344	147636	68.183.49.222
5	2	0	1	2	29467304	29458665	29462985	29458665	29458665	29462985	142	147.92.53.175
5	0	0	1	0	0	29468725	0	0	29468725	0	0	86.97.188.202
5	4	3	6	0	29457781	29457781	0	29457781	29457781	0	45796	83.229.127.196
5	4	3	6	0	29456713	29456713	0	29456713	29456713	0	45796	202.95.14.150
5	10	2	0	2	29438476	0	29438476	29438476	0	29438476	9034	223.123.20.213
5	1	0	0	0	29444207	0	0	29444207	0	0	71	52.5.242.243
5	0	0	0	1	0	0	29447088	0	0	29447088	0	177.105.129.22
5	1	1	0	0	29442213	0	0	29442213	0	0	36833	181.214.218.193
5	7	4	8	0	29460329	29460327	0	29460327	29460327	0	1057423	178.118.226.50
5	2	1	1	0	29466885	29466885	0	29466885	29466885	0	89564	188.130.137.228
5	0	0	1	0	0	29456359	0	0	29456359	0	0	177.134.36.181
5	4	3	6	0	29456927	29456927	0	29456927	29456927	0	45799	98.142.241.166
5	1	0	0	0	29464287	0	0	29464287	0	0	133722	148.113.130.165
5	4	3	6	0	29456767	29456767	0	29456767	29456767	0	45793	192.238.128.32
5	4	3	6	0	29456971	29456971	0	29456971	29456971	0	45795	47.237.195.64
5	2	2	1	0	29468292	29468292	0	29460484	29468292	0	26122	170.106.160.90
5	0	0	1	0	0	29467532	0	0	29467532	0	0	45.225.169.31
5	0	0	1	1	0	29465174	29465174	0	29465174	29465174	0	98.159.233.99
5	1	0	0	0	29462175	0	0	29462175	0	0	11498	20.215.220.121
5	2	2	0	18	29442206	0	29442206	29442206	0	29442206	73666	35.203.175.53
5	1	0	0	0	29469845	0	0	29469845	0	0	8966	43.135.87.236
5	2	2	0	0	29452168	0	0	29447549	0	0	79654	95.221.198.192
5	2	1	0	0	29470855	0	0	29462232	0	0	26696	43.166.142.76
5	1	0	0	0	29462779	0	0	29462779	0	0	11542	20.215.220.118
5	1	0	0	0	29439901	0	0	29439901	0	0	971	146.70.207.228
5	1	1	0	1	29463832	0	29467304	29463832	0	29467304	13621	216.213.29.140
5	2	0	1	0	29470341	29470341	0	29470341	29470341	0	19169	212.237.2.28
5	2	1	2	0	29451851	29451851	0	29451851	29451851	0	9673	223.123.19.166
5	1	1	0	0	29460967	0	0	29460967	0	0	9759	149.18.168.141
5	110	109	109	0	29461792	29461792	0	29461789	29461789	0	5566136	52.176.217.57
5	1	0	0	0	29467097	0	0	29467097	0	0	71	119.249.100.114
5	4	3	6	0	29456541	29456541	0	29456541	29456541	0	45786	156.238.240.10
5	0	0	2	0	0	29452318	0	0	29452317	0	0	98.159.37.231
5	1	0	0	0	29461038	0	0	29461038	0	0	11760	20.215.220.109
5	23	9	7	0	29460336	29460336	0	29448951	29460336	0	6903035	4.154.170.206
5	1	0	0	0	29467813	0	0	29467813	0	0	14378	119.249.100.110
5	1	0	0	0	29447364	0	0	29447364	0	0	10178	192.71.3.222
5	1	0	0	0	29464542	0	0	29464542	0	0	11620	51.222.168.143
5	0	0	3	0	0	29439843	0	0	29439677	0	0	66.249.71.206
5	2	1	3	0	29439590	29457175	0	29439590	29456238	0	7783	66.249.71.205
5	66	8	12	1	29469267	29470805	29439884	29441063	29455888	29439884	17807161	34.123.170.104
5	1	1	1	0	29457707	29457707	0	29457707	29457707	0	42351	181.214.218.150
5	1	0	0	0	29464658	0	0	29464658	0	0	10609	51.222.168.141
5	0	0	0	1	0	0	29464076	0	0	29464076	0	98.97.134.62
5	1	0	1	0	29438988	29456231	0	29438988	29456231	0	24	66.249.71.204
5	1	0	0	0	29461788	0	0	29461788	0	0	11743	20.215.220.101
5	1	0	0	0	29465174	0	0	29465174	0	0	10700	98.159.233.78
5	1	1	0	0	29465174	0	0	29465174	0	0	11084	98.159.233.77
5	0	0	1	0	0	29465174	0	0	29465174	0	0	98.159.233.76
5	0	0	0	1	0	0	29438893	0	0	29438893	0	34.89.177.85
5	1	0	0	0	29460647	0	0	29460647	0	0	13164	43.153.49.151
5	0	0	1	0	0	29465512	0	0	29465512	0	0	191.189.33.35
5	1	0	0	0	29462196	0	0	29462196	0	0	11498	193.186.4.244
5	1	0	0	0	29460697	0	0	29460697	0	0	11756	149.18.168.119
5	1	1	0	0	29469908	0	0	29469908	0	0	14535	43.135.148.92
5	0	0	0	2	0	0	29462985	0	0	29454345	0	167.160.75.132
5	0	0	156	156	0	29453629	29453629	0	29453628	29453628	0	40.69.37.190
5	607	401	95	2	29460782	29460782	29460581	29460557	29460557	29460581	62382336	223.123.19.143
5	1	0	0	0	29469623	0	0	29469623	0	0	10252	49.233.31.248
5	1	0	0	0	29465174	0	0	29465174	0	0	10610	98.159.233.68
5	1	0	0	0	29469512	0	0	29469512	0	0	11174	43.132.181.35
5	1	1	0	0	29454723	0	0	29454723	0	0	10992	43.155.157.239
5	1	1	1	0	29464818	29464818	0	29464818	29464818	0	13611	54.213.135.202
5	1	0	0	0	29462696	0	0	29462696	0	0	11498	94.74.99.226
5	1	0	0	0	29462589	0	0	29462589	0	0	11495	193.186.4.227
5	0	0	1	1	0	29460545	29462345	0	29460545	29462345	0	64.233.172.77
5	1	1	0	0	29440393	0	0	29440393	0	0	7751	172.82.65.38
5	0	0	1	0	0	29465174	0	0	29465174	0	0	98.159.233.54
5	1	0	0	0	29460545	0	0	29460545	0	0	11641	193.186.4.225
5	7	4	8	0	29460940	29460940	0	29460940	29460940	0	675588	138.199.29.213
5	8	1	15	5	29463735	29463735	29463735	29441860	29441860	29441860	16365	77.90.185.245
5	2	1	0	0	29470825	0	0	29451025	0	0	22925	43.153.113.127
5	1	1	1	0	29443601	29453599	0	29443601	29453599	0	10380	51.254.204.161
5	2	1	1	0	29459699	29459699	0	29451440	29459699	0	22303	170.106.110.146
5	11	3	1	0	29467253	29460564	0	29460564	29460564	0	2013557	64.233.172.69
5	1	0	0	0	29461833	0	0	29461833	0	0	40161	173.252.79.115
5	5	1	0	0	29467253	0	0	29460564	0	0	1320033	64.233.172.68
5	5	0	0	0	29467253	0	0	29460564	0	0	1208691	64.233.172.67
5	1	1	0	0	29440712	0	0	29440712	0	0	7980	188.253.12.19
5	0	0	0	2	0	0	29462589	0	0	29462196	0	64.233.172.64
5	8	6	12	0	29458950	29458950	0	29457219	29457219	0	91593	15.235.140.44
5	15	0	5	0	29467304	29467304	0	29450023	29450023	0	6233	5.75.216.201
5	1	0	0	0	29464287	0	0	29464287	0	0	358073	51.161.65.173
5	0	0	0	1	0	0	29463362	0	0	29463362	0	189.50.212.242
5	0	0	1	0	0	29469795	0	0	29469795	0	0	200.115.227.177
5	3	3	0	0	29468950	0	0	29456163	0	0	39475	43.159.148.221
5	1	0	0	0	29462345	0	0	29462345	0	0	11493	193.186.4.206
5	0	0	2	0	0	29466321	0	0	29466321	0	0	136.144.33.95
5	4	3	6	0	29457825	29457825	0	29457825	29457825	0	45795	31.97.109.249
5	1	1	0	18	29468445	0	29468445	29468445	0	29468445	53166	173.239.240.209
5	6	2	5	0	29459470	29459470	0	29459470	29459470	0	210762	3.239.117.187
5	4	3	6	0	29456838	29456838	0	29456838	29456838	0	45789	144.172.115.150
5	0	0	1	0	0	29468445	0	0	29468445	0	0	173.239.240.206
5	0	0	1	0	0	29461602	0	0	29461602	0	0	182.252.75.6
5	1	0	0	0	29464727	0	0	29464727	0	0	310369	51.161.65.155
5	4	3	6	0	29456945	29456945	0	29456944	29456944	0	45800	3.0.88.195
5	3	1	5	0	29456913	29456913	0	29456913	29456913	0	11508	94.26.106.103
5	1	0	0	0	29452285	0	0	29452285	0	0	10870	185.12.250.104
5	2	2	2	0	29468712	29468712	0	29454198	29454198	0	93874	88.218.64.8
5	4	3	6	0	29456183	29456183	0	29456183	29456183	0	43914	43.173.127.160
5	2	1	1	0	29447160	29447160	0	29447160	29447160	0	17477	69.58.4.46
5	0	0	1	0	0	29469982	0	0	29469982	0	0	102.191.227.204
5	0	0	2	0	0	29465201	0	0	29465201	0	0	3.237.187.132
5	1	0	0	0	29450686	0	0	29450686	0	0	8192	43.130.72.177
5	2	1	0	0	29469095	0	0	29452285	0	0	23175	185.12.151.99
5	4	3	6	0	29457646	29457646	0	29457646	29457646	0	45795	103.96.151.96
5	1	0	0	0	29464287	0	0	29464287	0	0	17453	142.44.228.210
5	1	1	0	0	29445449	0	0	29445449	0	0	8697	34.76.89.250
5	0	0	1	0	0	29461806	0	0	29461806	0	0	200.50.234.8
5	0	0	1	0	0	29463440	0	0	29463440	0	0	116.204.107.207
z	0	244	83	29471404	0
z	1	33	0	29470647	58
z	2	971	0	29471393	66771
z	3	248	38	29471357	163776
z	4	4278	2412	29471398	34914091
z	5	10693	5957	29471405	258822756
z	6	1595	0	29471404	588183112
z	7	249	0	29470570	444491781
c	200	18119	29471405
c	206	123	29471393
c	301	7494	29471398
c	302	602	29471019
c	304	69	29471403
c	400	4	29459221
c	401	13	29471178
c	403	94	29470800
c	404	3769	29471398
c	405	32	29471019
c	413	3	29441386
c	499	10	29464381
c	500	170	29467795
c	503	1	29439743
